file,line,family,rule,bucket
esphome/analyze_memory/const.py,108,freertos,semaphore,python
esphome/analyze_memory/const.py,1107,arduino,ipaddress,python
esphome/analyze_memory/const.py,1167,arduino,ipaddress,python
esphome/components/a01nyub/a01nyub.cpp,29,esp-idf,log,component-local
esphome/components/a01nyub/a01nyub.cpp,33,esp-idf,log,component-local
esphome/components/a01nyub/a01nyub.cpp,37,esp-idf,log,component-local
esphome/components/a02yyuw/a02yyuw.cpp,28,esp-idf,log,component-local
esphome/components/a02yyuw/a02yyuw.cpp,32,esp-idf,log,component-local
esphome/components/a02yyuw/a02yyuw.cpp,36,esp-idf,log,component-local
esphome/components/absolute_humidity/absolute_humidity.cpp,13,esp-idf,log,component-local
esphome/components/absolute_humidity/absolute_humidity.cpp,23,esp-idf,log,component-local
esphome/components/absolute_humidity/absolute_humidity.cpp,44,esp-idf,log,component-local
esphome/components/absolute_humidity/absolute_humidity.cpp,64,esp-idf,log,component-local
esphome/components/absolute_humidity/absolute_humidity.cpp,67,esp-idf,log,component-local
esphome/components/absolute_humidity/absolute_humidity.cpp,100,esp-idf,log,component-local
esphome/components/ac_dimmer/ac_dimmer.cpp,40,esp-idf,iram-attr,component-local
esphome/components/ac_dimmer/ac_dimmer.cpp,78,esp-idf,iram-attr,component-local
esphome/components/ac_dimmer/ac_dimmer.cpp,96,esp-idf,iram-attr,component-local
esphome/components/ac_dimmer/ac_dimmer.cpp,145,esp-idf,iram-attr,component-local
esphome/components/ac_dimmer/ac_dimmer.cpp,163,esp-idf,iram-attr,component-local
esphome/components/ac_dimmer/ac_dimmer.cpp,205,esp-idf,log,component-local
esphome/components/ac_dimmer/ac_dimmer.cpp,249,esp-idf,log,component-local
esphome/components/ac_dimmer/hw_timer_esp_idf.cpp,5,freertos,include,component-local
esphome/components/ac_dimmer/hw_timer_esp_idf.cpp,8,esp-idf,include,component-local
esphome/components/ac_dimmer/hw_timer_esp_idf.cpp,9,esp-idf,include,component-local
esphome/components/ac_dimmer/hw_timer_esp_idf.cpp,10,esp-idf,include,component-local
esphome/components/ac_dimmer/hw_timer_esp_idf.cpp,35,esp-idf,err-type,component-local
esphome/components/ac_dimmer/hw_timer_esp_idf.cpp,51,esp-idf,log,component-local
esphome/components/ac_dimmer/hw_timer_esp_idf.cpp,65,esp-idf,err-type,component-local
esphome/components/ac_dimmer/hw_timer_esp_idf.cpp,66,esp-idf,log,component-local
esphome/components/ac_dimmer/hw_timer_esp_idf.cpp,72,esp-idf,err-type,component-local
esphome/components/ac_dimmer/hw_timer_esp_idf.cpp,73,esp-idf,log,component-local
esphome/components/ac_dimmer/hw_timer_esp_idf.cpp,80,esp-idf,err-type,component-local
esphome/components/ac_dimmer/hw_timer_esp_idf.cpp,81,esp-idf,log,component-local
esphome/components/ac_dimmer/hw_timer_esp_idf.cpp,92,esp-idf,iram-attr,component-local
esphome/components/ac_dimmer/hw_timer_esp_idf.cpp,107,esp-idf,log,component-local
esphome/components/ac_dimmer/hw_timer_esp_idf.cpp,121,esp-idf,err-type,component-local
esphome/components/ac_dimmer/hw_timer_esp_idf.cpp,122,esp-idf,err-type,component-local
esphome/components/ac_dimmer/hw_timer_esp_idf.cpp,123,esp-idf,log,component-local
esphome/components/ac_dimmer/hw_timer_esp_idf.cpp,137,esp-idf,log,component-local
esphome/components/ac_dimmer/hw_timer_esp_idf.cpp,145,esp-idf,err-type,component-local
esphome/components/ac_dimmer/hw_timer_esp_idf.cpp,146,esp-idf,err-type,component-local
esphome/components/ac_dimmer/hw_timer_esp_idf.cpp,147,esp-idf,log,component-local
esphome/components/ac_dimmer/hw_timer_esp_idf.h,4,esp-idf,include,component-local
esphome/components/adalight/adalight_light_effect.cpp,53,esp-idf,log,component-local
esphome/components/adalight/adalight_light_effect.cpp,59,esp-idf,log,component-local
esphome/components/adalight/adalight_light_effect.cpp,66,esp-idf,log,component-local
esphome/components/adalight/adalight_light_effect.cpp,72,esp-idf,log,component-local
esphome/components/adalight/adalight_light_effect.cpp,84,esp-idf,log,component-local
esphome/components/adalight/adalight_light_effect.cpp,92,esp-idf,log,component-local
esphome/components/adc/adc_sensor.h,10,esp-idf,include,component-local
esphome/components/adc/adc_sensor.h,11,esp-idf,include,component-local
esphome/components/adc/adc_sensor.h,12,esp-idf,include,component-local
esphome/components/adc/adc_sensor.h,13,esp-idf,include,component-local
esphome/components/adc/adc_sensor_common.cpp,69,esp-idf,log,component-local
esphome/components/adc/adc_sensor_esp32.cpp,50,esp-idf,adc,component-local
esphome/components/adc/adc_sensor_esp32.cpp,50,esp-idf,err-type,component-local
esphome/components/adc/adc_sensor_esp32.cpp,51,esp-idf,err-type,component-local
esphome/components/adc/adc_sensor_esp32.cpp,52,esp-idf,log,component-local
esphome/components/adc/adc_sensor_esp32.cpp,65,esp-idf,adc,component-local
esphome/components/adc/adc_sensor_esp32.cpp,65,esp-idf,err-type,component-local
esphome/components/adc/adc_sensor_esp32.cpp,66,esp-idf,err-type,component-local
esphome/components/adc/adc_sensor_esp32.cpp,67,esp-idf,log,component-local
esphome/components/adc/adc_sensor_esp32.cpp,86,esp-idf,adc,component-local
esphome/components/adc/adc_sensor_esp32.cpp,87,esp-idf,err-type,component-local
esphome/components/adc/adc_sensor_esp32.cpp,90,esp-idf,log,component-local
esphome/components/adc/adc_sensor_esp32.cpp,92,esp-idf,log,component-local
esphome/components/adc/adc_sensor_esp32.cpp,104,esp-idf,adc,component-local
esphome/components/adc/adc_sensor_esp32.cpp,105,esp-idf,err-type,component-local
esphome/components/adc/adc_sensor_esp32.cpp,108,esp-idf,log,component-local
esphome/components/adc/adc_sensor_esp32.cpp,110,esp-idf,log,component-local
esphome/components/adc/adc_sensor_esp32.cpp,115,esp-idf,log,component-local
esphome/components/adc/adc_sensor_esp32.cpp,165,esp-idf,adc,component-local
esphome/components/adc/adc_sensor_esp32.cpp,165,esp-idf,err-type,component-local
esphome/components/adc/adc_sensor_esp32.cpp,167,esp-idf,err-type,component-local
esphome/components/adc/adc_sensor_esp32.cpp,168,esp-idf,log,component-local
esphome/components/adc/adc_sensor_esp32.cpp,173,esp-idf,log,component-local
esphome/components/adc/adc_sensor_esp32.cpp,188,esp-idf,adc,component-local
esphome/components/adc/adc_sensor_esp32.cpp,188,esp-idf,err-type,component-local
esphome/components/adc/adc_sensor_esp32.cpp,189,esp-idf,err-type,component-local
esphome/components/adc/adc_sensor_esp32.cpp,192,esp-idf,log,component-local
esphome/components/adc/adc_sensor_esp32.cpp,195,esp-idf,adc,component-local
esphome/components/adc/adc_sensor_esp32.cpp,197,esp-idf,adc,component-local
esphome/components/adc/adc_sensor_esp32.cpp,216,esp-idf,adc,component-local
esphome/components/adc/adc_sensor_esp32.cpp,216,esp-idf,err-type,component-local
esphome/components/adc/adc_sensor_esp32.cpp,218,esp-idf,err-type,component-local
esphome/components/adc/adc_sensor_esp32.cpp,219,esp-idf,log,component-local
esphome/components/adc/adc_sensor_esp32.cpp,227,esp-idf,adc,component-local
esphome/components/adc/adc_sensor_esp32.cpp,229,esp-idf,adc,component-local
esphome/components/adc/adc_sensor_esp32.cpp,246,esp-idf,adc,component-local
esphome/components/adc/adc_sensor_esp32.cpp,248,esp-idf,err-type,component-local
esphome/components/adc/adc_sensor_esp32.cpp,258,esp-idf,adc,component-local
esphome/components/adc/adc_sensor_esp32.cpp,260,esp-idf,err-type,component-local
esphome/components/adc/adc_sensor_esp32.cpp,264,esp-idf,adc,component-local
esphome/components/adc/adc_sensor_esp32.cpp,266,esp-idf,err-type,component-local
esphome/components/adc/adc_sensor_esp32.cpp,268,esp-idf,err-type,component-local
esphome/components/adc/adc_sensor_esp32.cpp,269,esp-idf,log,component-local
esphome/components/adc/adc_sensor_esp32.cpp,272,esp-idf,adc,component-local
esphome/components/adc/adc_sensor_esp32.cpp,274,esp-idf,adc,component-local
esphome/components/adc/adc_sensor_esp32.cpp,283,esp-idf,adc,component-local
esphome/components/adc/adc_sensor_esp32.cpp,284,esp-idf,err-type,component-local
esphome/components/adc/adc_sensor_esp32.cpp,293,esp-idf,adc,component-local
esphome/components/adc/adc_sensor_esp32.cpp,295,esp-idf,adc,component-local
esphome/components/adc/adc_sensor_esp32.cpp,307,esp-idf,log,component-local
esphome/components/adc/adc_sensor_esp32.cpp,355,esp-idf,log,component-local
esphome/components/adc/adc_sensor_esp32.cpp,360,esp-idf,log,component-local
esphome/components/adc/adc_sensor_esp8266.cpp,11,arduino,include,component-local
esphome/components/adc/adc_sensor_esp8266.cpp,46,arduino,api,component-local
esphome/components/adc/adc_sensor_libretiny.cpp,36,arduino,api,component-local
esphome/components/adc/adc_sensor_zephyr.cpp,6,esp-idf,include,component-local
esphome/components/adc/adc_sensor_zephyr.cpp,14,esp-idf,log,component-local
esphome/components/adc/adc_sensor_zephyr.cpp,20,esp-idf,log,component-local
esphome/components/adc/adc_sensor_zephyr.cpp,123,esp-idf,log,component-local
esphome/components/adc/adc_sensor_zephyr.cpp,132,esp-idf,log,component-local
esphome/components/adc/adc_sensor_zephyr.cpp,141,esp-idf,log,component-local
esphome/components/adc/adc_sensor_zephyr.cpp,147,esp-idf,log,component-local
esphome/components/adc/adc_sensor_zephyr.cpp,168,esp-idf,log,component-local
esphome/components/adc/adc_sensor_zephyr.cpp,174,esp-idf,log,component-local
esphome/components/adc/adc_sensor_zephyr.cpp,197,esp-idf,log,component-local
esphome/components/adc128s102/__init__.py,18,esp-idf,i2c-spi,python
esphome/components/ade7880/ade7880.cpp,20,esp-idf,iram-attr,component-local
esphome/components/ade7880/ade7880.cpp,35,esp-idf,log,component-local
esphome/components/ade7880/ade7880.cpp,39,esp-idf,log,component-local
esphome/components/ade7880/ade7880.cpp,45,esp-idf,log,component-local
esphome/components/ade7880/ade7880.cpp,62,esp-idf,log,component-local
esphome/components/ade7880/ade7880.cpp,155,esp-idf,log,component-local
esphome/components/ade7880/ade7880.cpp,299,esp-idf,log,component-local
esphome/components/ade7880/ade7880.cpp,304,esp-idf,log,component-local
esphome/components/ade7953_spi/sensor.py,20,esp-idf,i2c-spi,python
esphome/components/ads1115/ads1115.cpp,70,esp-idf,log,component-local
esphome/components/ads1115/ads1115.cpp,159,esp-idf,log,component-local
esphome/components/ads1115/sensor/ads1115_sensor.cpp,16,esp-idf,log,component-local
esphome/components/ads1118/__init__.py,22,esp-idf,i2c-spi,python
esphome/components/ads1118/sensor/ads1118_sensor.cpp,24,esp-idf,log,component-local
esphome/components/ags10/ags10.cpp,28,esp-idf,log,component-local
esphome/components/ags10/ags10.cpp,33,esp-idf,log,component-local
esphome/components/ags10/ags10.cpp,38,esp-idf,log,component-local
esphome/components/ags10/ags10.cpp,43,esp-idf,log,component-local
esphome/components/ags10/ags10.cpp,64,esp-idf,log,component-local
esphome/components/ags10/ags10.cpp,67,esp-idf,log,component-local
esphome/components/ags10/ags10.cpp,70,esp-idf,log,component-local
esphome/components/ags10/ags10.cpp,73,esp-idf,log,component-local
esphome/components/ags10/ags10.cpp,76,esp-idf,log,component-local
esphome/components/ags10/ags10.cpp,95,esp-idf,log,component-local
esphome/components/ags10/ags10.cpp,99,esp-idf,log,component-local
esphome/components/ags10/ags10.cpp,115,esp-idf,log,component-local
esphome/components/ags10/ags10.cpp,119,esp-idf,log,component-local
esphome/components/ags10/ags10.cpp,121,esp-idf,log,component-local
esphome/components/ags10/ags10.cpp,123,esp-idf,log,component-local
esphome/components/ags10/ags10.cpp,144,esp-idf,log,component-local
esphome/components/ags10/ags10.cpp,150,esp-idf,log,component-local
esphome/components/ags10/ags10.cpp,179,esp-idf,log,component-local
esphome/components/ags10/ags10.cpp,188,esp-idf,log,component-local
esphome/components/aht10/aht10.cpp,41,esp-idf,log,component-local
esphome/components/aht10/aht10.cpp,55,esp-idf,log,component-local
esphome/components/aht10/aht10.cpp,64,esp-idf,log,component-local
esphome/components/aht10/aht10.cpp,70,esp-idf,log,component-local
esphome/components/aht10/aht10.cpp,76,esp-idf,log,component-local
esphome/components/aht10/aht10.cpp,95,esp-idf,log,component-local
esphome/components/aht10/aht10.cpp,104,esp-idf,log,component-local
esphome/components/aht10/aht10.cpp,111,esp-idf,log,component-local
esphome/components/aht10/aht10.cpp,113,esp-idf,log,component-local
esphome/components/aht10/aht10.cpp,122,esp-idf,log,component-local
esphome/components/aht10/aht10.cpp,134,esp-idf,log,component-local
esphome/components/aht10/aht10.cpp,156,esp-idf,log,component-local
esphome/components/aic3204/aic3204.cpp,13,esp-idf,log,component-local
esphome/components/aic3204/aic3204.cpp,113,esp-idf,log,component-local
esphome/components/aic3204/aic3204.cpp,146,esp-idf,log,component-local
esphome/components/aic3204/aic3204.cpp,163,esp-idf,log,component-local
esphome/components/airthings_ble/airthings_listener.cpp,21,esp-idf,log,component-local
esphome/components/airthings_wave_base/airthings_wave_base.cpp,18,esp-idf,log,component-local
esphome/components/airthings_wave_base/airthings_wave_base.cpp,27,esp-idf,log,component-local
esphome/components/airthings_wave_base/airthings_wave_base.cpp,51,esp-idf,log,component-local
esphome/components/airthings_wave_base/airthings_wave_base.cpp,84,esp-idf,log,component-local
esphome/components/airthings_wave_base/airthings_wave_base.cpp,88,esp-idf,log,component-local
esphome/components/airthings_wave_base/airthings_wave_base.cpp,98,esp-idf,log,component-local
esphome/components/airthings_wave_base/airthings_wave_base.cpp,108,esp-idf,log,component-local
esphome/components/airthings_wave_base/airthings_wave_base.cpp,124,esp-idf,log,component-local
esphome/components/airthings_wave_base/airthings_wave_base.cpp,134,esp-idf,log,component-local
esphome/components/airthings_wave_base/airthings_wave_base.cpp,142,esp-idf,log,component-local
esphome/components/airthings_wave_base/airthings_wave_base.cpp,153,esp-idf,log,component-local
esphome/components/airthings_wave_base/airthings_wave_base.cpp,161,esp-idf,log,component-local
esphome/components/airthings_wave_base/airthings_wave_base.cpp,173,esp-idf,log,component-local
esphome/components/airthings_wave_base/airthings_wave_base.h,8,esp-idf,include,component-local
esphome/components/airthings_wave_plus/airthings_wave_plus.cpp,13,esp-idf,log,component-local
esphome/components/airthings_wave_plus/airthings_wave_plus.cpp,48,esp-idf,log,component-local
esphome/components/alarm_control_panel/alarm_control_panel.cpp,34,esp-idf,log,component-local
esphome/components/alarm_control_panel/alarm_control_panel_call.cpp,74,esp-idf,log,component-local
esphome/components/alarm_control_panel/alarm_control_panel_call.cpp,79,esp-idf,log,component-local
esphome/components/alarm_control_panel/alarm_control_panel_call.cpp,86,esp-idf,log,component-local
esphome/components/alarm_control_panel/alarm_control_panel_call.cpp,91,esp-idf,log,component-local
esphome/components/alarm_control_panel/alarm_control_panel_call.cpp,96,esp-idf,log,component-local
esphome/components/alpha3/alpha3.cpp,4,lwip,include,component-local
esphome/components/alpha3/alpha3.cpp,58,esp-idf,log,component-local
esphome/components/alpha3/alpha3.cpp,60,esp-idf,log,component-local
esphome/components/alpha3/alpha3.cpp,64,esp-idf,log,component-local
esphome/components/alpha3/alpha3.cpp,79,esp-idf,log,component-local
esphome/components/alpha3/alpha3.cpp,83,esp-idf,log,component-local
esphome/components/alpha3/alpha3.cpp,89,esp-idf,log,component-local
esphome/components/alpha3/alpha3.cpp,102,esp-idf,log,component-local
esphome/components/alpha3/alpha3.cpp,111,esp-idf,log,component-local
esphome/components/alpha3/alpha3.cpp,134,esp-idf,log,component-local
esphome/components/alpha3/alpha3.cpp,140,esp-idf,log,component-local
esphome/components/alpha3/alpha3.cpp,166,esp-idf,log,component-local
esphome/components/alpha3/alpha3.cpp,172,esp-idf,log,component-local
esphome/components/alpha3/alpha3.h,10,esp-idf,include,component-local
esphome/components/am2315c/am2315c.cpp,43,esp-idf,log,component-local
esphome/components/am2315c/am2315c.cpp,45,esp-idf,log,component-local
esphome/components/am2315c/am2315c.cpp,51,esp-idf,log,component-local
esphome/components/am2315c/am2315c.cpp,58,esp-idf,log,component-local
esphome/components/am2315c/am2315c.cpp,79,esp-idf,log,component-local
esphome/components/am2315c/am2315c.cpp,88,esp-idf,log,component-local
esphome/components/am2315c/am2315c.cpp,111,esp-idf,log,component-local
esphome/components/am2315c/am2315c.cpp,121,esp-idf,log,component-local
esphome/components/am2315c/am2315c.cpp,126,esp-idf,log,component-local
esphome/components/am2315c/am2315c.cpp,134,esp-idf,log,component-local
esphome/components/am2315c/am2315c.cpp,145,esp-idf,log,component-local
esphome/components/am2315c/am2315c.cpp,162,esp-idf,log,component-local
esphome/components/am2315c/am2315c.cpp,172,esp-idf,log,component-local
esphome/components/am2320/am2320.cpp,28,esp-idf,log,component-local
esphome/components/am2320/am2320.cpp,45,esp-idf,log,component-local
esphome/components/am2320/am2320.cpp,48,esp-idf,log,component-local
esphome/components/am2320/am2320.cpp,56,esp-idf,log,component-local
esphome/components/am2320/am2320.cpp,71,esp-idf,log,component-local
esphome/components/am2320/am2320.cpp,81,esp-idf,log,component-local
esphome/components/am43/am43_base.cpp,67,esp-idf,log,component-local
esphome/components/am43/am43_base.cpp,84,esp-idf,log,component-local
esphome/components/am43/cover/am43_cover.cpp,33,esp-idf,log,component-local
esphome/components/am43/cover/am43_cover.cpp,35,esp-idf,log,component-local
esphome/components/am43/cover/am43_cover.cpp,53,esp-idf,log,component-local
esphome/components/am43/cover/am43_cover.cpp,62,esp-idf,log,component-local
esphome/components/am43/cover/am43_cover.cpp,76,esp-idf,log,component-local
esphome/components/am43/cover/am43_cover.cpp,92,esp-idf,log,component-local
esphome/components/am43/cover/am43_cover.cpp,94,esp-idf,log,component-local
esphome/components/am43/cover/am43_cover.cpp,103,esp-idf,log,component-local
esphome/components/am43/cover/am43_cover.cpp,129,esp-idf,log,component-local
esphome/components/am43/cover/am43_cover.cpp,135,esp-idf,log,component-local
esphome/components/am43/cover/am43_cover.cpp,138,esp-idf,log,component-local
esphome/components/am43/cover/am43_cover.cpp,143,esp-idf,log,component-local
esphome/components/am43/cover/am43_cover.cpp,147,esp-idf,log,component-local
esphome/components/am43/cover/am43_cover.h,11,esp-idf,include,component-local
esphome/components/am43/sensor/am43_sensor.cpp,46,esp-idf,log,component-local
esphome/components/am43/sensor/am43_sensor.cpp,48,esp-idf,log,component-local
esphome/components/am43/sensor/am43_sensor.cpp,82,esp-idf,log,component-local
esphome/components/am43/sensor/am43_sensor.cpp,96,esp-idf,log,component-local
esphome/components/am43/sensor/am43_sensor.cpp,106,esp-idf,log,component-local
esphome/components/am43/sensor/am43_sensor.h,11,esp-idf,include,component-local
esphome/components/anova/anova.cpp,30,esp-idf,log,component-local
esphome/components/anova/anova.cpp,47,esp-idf,log,component-local
esphome/components/anova/anova.cpp,70,esp-idf,log,component-local
esphome/components/anova/anova.cpp,71,esp-idf,log,component-local
esphome/components/anova/anova.cpp,79,esp-idf,log,component-local
esphome/components/anova/anova.cpp,103,esp-idf,log,component-local
esphome/components/anova/anova.cpp,146,esp-idf,log,component-local
esphome/components/anova/anova.h,11,esp-idf,include,component-local
esphome/components/anova/anova_base.cpp,16,esp-idf,log,component-local
esphome/components/apds9306/apds9306.cpp,37,esp-idf,log,component-local
esphome/components/apds9306/apds9306.cpp,43,esp-idf,log,component-local
esphome/components/apds9306/apds9306.cpp,48,esp-idf,log,component-local
esphome/components/apds9306/apds9306.cpp,50,esp-idf,log,component-local
esphome/components/apds9306/apds9306.cpp,95,esp-idf,log,component-local
esphome/components/apds9306/apds9306.cpp,98,esp-idf,log,component-local
esphome/components/apds9306/apds9306.cpp,101,esp-idf,log,component-local
esphome/components/apds9306/apds9306.cpp,145,esp-idf,log,component-local
esphome/components/apds9960/apds9960.cpp,142,esp-idf,log,component-local
esphome/components/apds9960/apds9960.cpp,145,esp-idf,log,component-local
esphome/components/apds9960/apds9960.cpp,148,esp-idf,log,component-local
esphome/components/apds9960/apds9960.cpp,156,esp-idf,log,component-local
esphome/components/apds9960/apds9960.cpp,194,esp-idf,log,component-local
esphome/components/apds9960/apds9960.cpp,222,esp-idf,log,component-local
esphome/components/apds9960/apds9960.cpp,239,esp-idf,log,component-local
esphome/components/apds9960/apds9960.cpp,283,esp-idf,log,component-local
esphome/components/apds9960/apds9960.cpp,289,esp-idf,log,component-local
esphome/components/apds9960/apds9960.cpp,295,esp-idf,log,component-local
esphome/components/apds9960/apds9960.cpp,301,esp-idf,log,component-local
esphome/components/api/api_connection.cpp,370,esp-idf,log,component-local
esphome/components/api/api_connection.cpp,1551,esp-idf,log,component-local
esphome/components/api/api_connection.cpp,1591,esp-idf,log,component-local
esphome/components/api/api_connection.cpp,1606,esp-idf,log,component-local
esphome/components/api/api_connection.cpp,1615,esp-idf,log,component-local
esphome/components/api/api_connection.cpp,1630,esp-idf,log,component-local
esphome/components/api/api_connection.cpp,1648,esp-idf,log,component-local
esphome/components/api/api_connection.cpp,1665,esp-idf,log,component-local
esphome/components/api/api_connection.cpp,1669,esp-idf,log,component-local
esphome/components/api/api_connection.cpp,1678,esp-idf,log,component-local
esphome/components/api/api_connection.cpp,1744,esp-idf,log,component-local
esphome/components/api/api_connection.cpp,1747,esp-idf,log,component-local
esphome/components/api/api_connection.cpp,1797,esp-idf,log,component-local
esphome/components/api/api_connection.cpp,2094,esp-idf,log,component-local
esphome/components/api/api_connection.cpp,2166,esp-idf,log,component-local
esphome/components/api/api_connection.cpp,2172,esp-idf,log,component-local
esphome/components/api/api_connection.cpp,2182,esp-idf,log,component-local
esphome/components/api/api_connection.cpp,2185,esp-idf,log,component-local
esphome/components/api/api_connection.cpp,2189,esp-idf,log,component-local
esphome/components/api/api_connection.cpp,2191,esp-idf,log,component-local
esphome/components/api/api_connection.cpp,2198,esp-idf,log,component-local
esphome/components/api/api_connection.cpp,2399,esp-idf,log,component-local
esphome/components/api/api_connection.cpp,2672,esp-idf,log,component-local
esphome/components/api/api_frame_helper_noise.cpp,394,esp-idf,log,component-local
esphome/components/api/api_server.cpp,35,esp-idf,log,component-local
esphome/components/api/api_server.cpp,51,esp-idf,log,component-local
esphome/components/api/api_server.cpp,64,esp-idf,log,component-local
esphome/components/api/api_server.cpp,154,esp-idf,log,component-local
esphome/components/api/api_server.cpp,197,esp-idf,log,component-local
esphome/components/api/api_server.cpp,249,esp-idf,log,component-local
esphome/components/api/api_server.cpp,255,esp-idf,log,component-local
esphome/components/api/api_server.cpp,436,esp-idf,log,component-local
esphome/components/api/api_server.cpp,557,esp-idf,log,component-local
esphome/components/api/api_server.cpp,562,esp-idf,log,component-local
esphome/components/api/api_server.cpp,565,esp-idf,log,component-local
esphome/components/api/api_server.cpp,571,esp-idf,log,component-local
esphome/components/api/api_server.cpp,574,esp-idf,log,component-local
esphome/components/api/api_server.cpp,600,esp-idf,log,component-local
esphome/components/api/api_server.cpp,725,esp-idf,log,component-local
esphome/components/api/api_server.cpp,769,esp-idf,log,component-local
esphome/components/api/api_server.cpp,781,esp-idf,log,component-local
esphome/components/api/proto.cpp,195,esp-idf,log,component-local
esphome/components/api/proto.cpp,200,esp-idf,log,component-local
esphome/components/api/proto.cpp,206,esp-idf,log,component-local
esphome/components/api/proto.cpp,221,esp-idf,log,component-local
esphome/components/api/proto.cpp,234,esp-idf,log,component-local
esphome/components/api/proto.cpp,238,esp-idf,log,component-local
esphome/components/api/proto.cpp,247,esp-idf,log,component-local
esphome/components/api/proto.cpp,253,esp-idf,log,component-local
esphome/components/api/proto.cpp,257,esp-idf,log,component-local
esphome/components/api/proto.cpp,264,esp-idf,log,component-local
esphome/components/api/proto.cpp,275,esp-idf,log,component-local
esphome/components/api/proto.cpp,281,esp-idf,log,component-local
esphome/components/aqi/aqi_sensor.cpp,46,esp-idf,log,component-local
esphome/components/as3935/as3935.cpp,49,esp-idf,log,component-local
esphome/components/as3935/as3935.cpp,51,esp-idf,log,component-local
esphome/components/as3935/as3935.cpp,53,esp-idf,log,component-local
esphome/components/as3935/as3935.cpp,73,esp-idf,log,component-local
esphome/components/as3935/as3935.cpp,84,esp-idf,log,component-local
esphome/components/as3935/as3935.cpp,96,esp-idf,log,component-local
esphome/components/as3935/as3935.cpp,108,esp-idf,log,component-local
esphome/components/as3935/as3935.cpp,119,esp-idf,log,component-local
esphome/components/as3935/as3935.cpp,140,esp-idf,log,component-local
esphome/components/as3935/as3935.cpp,152,esp-idf,log,component-local
esphome/components/as3935/as3935.cpp,176,esp-idf,log,component-local
esphome/components/as3935/as3935.cpp,192,esp-idf,log,component-local
esphome/components/as3935/as3935.cpp,202,esp-idf,log,component-local
esphome/components/as3935/as3935.cpp,212,esp-idf,log,component-local
esphome/components/as3935/as3935.cpp,217,esp-idf,log,component-local
esphome/components/as3935/as3935.cpp,240,esp-idf,log,component-local
esphome/components/as3935/as3935.cpp,253,esp-idf,log,component-local
esphome/components/as3935/as3935.cpp,258,esp-idf,log,component-local
esphome/components/as3935/as3935.cpp,280,esp-idf,log,component-local
esphome/components/as3935/as3935.cpp,296,esp-idf,log,component-local
esphome/components/as3935/as3935.cpp,299,esp-idf,log,component-local
esphome/components/as3935/as3935.cpp,307,esp-idf,log,component-local
esphome/components/as3935_i2c/as3935_i2c.cpp,12,esp-idf,log,component-local
esphome/components/as3935_i2c/as3935_i2c.cpp,20,esp-idf,log,component-local
esphome/components/as3935_i2c/as3935_i2c.cpp,28,esp-idf,log,component-local
esphome/components/as3935_spi/__init__.py,20,esp-idf,i2c-spi,python
esphome/components/as3935_spi/as3935_spi.cpp,40,esp-idf,log,component-local
esphome/components/as5600/as5600.cpp,91,esp-idf,log,component-local
esphome/components/as7341/as7341.cpp,23,esp-idf,log,component-local
esphome/components/as7341/as7341.cpp,39,esp-idf,log,component-local
esphome/components/async_tcp/async_tcp_socket.cpp,21,esp-idf,log,component-local
esphome/components/async_tcp/async_tcp_socket.cpp,29,esp-idf,log,component-local
esphome/components/async_tcp/async_tcp_socket.cpp,39,esp-idf,log,component-local
esphome/components/async_tcp/async_tcp_socket.cpp,57,esp-idf,log,component-local
esphome/components/async_tcp/async_tcp_socket.cpp,85,esp-idf,log,component-local
esphome/components/async_tcp/async_tcp_socket.cpp,107,esp-idf,log,component-local
esphome/components/async_tcp/async_tcp_socket.cpp,128,esp-idf,log,component-local
esphome/components/async_tcp/async_tcp_socket.cpp,135,esp-idf,log,component-local
esphome/components/async_tcp/async_tcp_socket.cpp,149,esp-idf,log,component-local
esphome/components/async_tcp/async_tcp_socket.cpp,157,esp-idf,log,component-local
esphome/components/at581x/at581x.cpp,92,esp-idf,log,component-local
esphome/components/at581x/at581x.cpp,98,esp-idf,log,component-local
esphome/components/at581x/at581x.cpp,103,esp-idf,log,component-local
esphome/components/at581x/at581x.cpp,113,esp-idf,log,component-local
esphome/components/at581x/at581x.cpp,121,esp-idf,log,component-local
esphome/components/at581x/at581x.cpp,132,esp-idf,log,component-local
esphome/components/at581x/at581x.cpp,139,esp-idf,log,component-local
esphome/components/at581x/at581x.cpp,144,esp-idf,log,component-local
esphome/components/at581x/at581x.cpp,150,esp-idf,log,component-local
esphome/components/at581x/at581x.cpp,154,esp-idf,log,component-local
esphome/components/at581x/at581x.cpp,159,esp-idf,log,component-local
esphome/components/at581x/at581x.cpp,163,esp-idf,log,component-local
esphome/components/at581x/at581x.cpp,168,esp-idf,log,component-local
esphome/components/at581x/at581x.cpp,174,esp-idf,log,component-local
esphome/components/at581x/at581x.cpp,185,esp-idf,log,component-local
esphome/components/at581x/at581x.cpp,195,esp-idf,log,component-local
esphome/components/atc_mithermometer/atc_mithermometer.cpp,114,esp-idf,log,component-local
esphome/components/atc_mithermometer/atc_mithermometer.cpp,117,esp-idf,log,component-local
esphome/components/atc_mithermometer/atc_mithermometer.cpp,120,esp-idf,log,component-local
esphome/components/atc_mithermometer/atc_mithermometer.cpp,123,esp-idf,log,component-local
esphome/components/atc_mithermometer/atc_mithermometer.cpp,126,esp-idf,log,component-local
esphome/components/atm90e26/atm90e26.cpp,54,esp-idf,log,component-local
esphome/components/atm90e26/atm90e26.cpp,121,esp-idf,log,component-local
esphome/components/atm90e26/atm90e26.cpp,126,esp-idf,log,component-local
esphome/components/atm90e26/atm90e26.cpp,136,esp-idf,log,component-local
esphome/components/atm90e26/sensor.py,123,esp-idf,i2c-spi,python
esphome/components/atm90e32/atm90e32.cpp,170,esp-idf,log,component-local
esphome/components/atm90e32/atm90e32.cpp,202,esp-idf,log,component-local
esphome/components/atm90e32/atm90e32.cpp,204,esp-idf,log,component-local
esphome/components/atm90e32/atm90e32.cpp,220,esp-idf,log,component-local
esphome/components/atm90e32/atm90e32.cpp,222,esp-idf,log,component-local
esphome/components/atm90e32/atm90e32.cpp,233,esp-idf,log,component-local
esphome/components/atm90e32/atm90e32.cpp,260,esp-idf,log,component-local
esphome/components/atm90e32/atm90e32.cpp,262,esp-idf,log,component-local
esphome/components/atm90e32/atm90e32.cpp,279,esp-idf,log,component-local
esphome/components/atm90e32/atm90e32.cpp,312,esp-idf,log,component-local
esphome/components/atm90e32/atm90e32.cpp,313,esp-idf,log,component-local
esphome/components/atm90e32/atm90e32.cpp,315,esp-idf,log,component-local
esphome/components/atm90e32/atm90e32.cpp,317,esp-idf,log,component-local
esphome/components/atm90e32/atm90e32.cpp,318,esp-idf,log,component-local
esphome/components/atm90e32/atm90e32.cpp,319,esp-idf,log,component-local
esphome/components/atm90e32/atm90e32.cpp,322,esp-idf,log,component-local
esphome/components/atm90e32/atm90e32.cpp,326,esp-idf,log,component-local
esphome/components/atm90e32/atm90e32.cpp,330,esp-idf,log,component-local
esphome/components/atm90e32/atm90e32.cpp,331,esp-idf,log,component-local
esphome/components/atm90e32/atm90e32.cpp,333,esp-idf,log,component-local
esphome/components/atm90e32/atm90e32.cpp,335,esp-idf,log,component-local
esphome/components/atm90e32/atm90e32.cpp,336,esp-idf,log,component-local
esphome/components/atm90e32/atm90e32.cpp,337,esp-idf,log,component-local
esphome/components/atm90e32/atm90e32.cpp,340,esp-idf,log,component-local
esphome/components/atm90e32/atm90e32.cpp,344,esp-idf,log,component-local
esphome/components/atm90e32/atm90e32.cpp,348,esp-idf,log,component-local
esphome/components/atm90e32/atm90e32.cpp,349,esp-idf,log,component-local
esphome/components/atm90e32/atm90e32.cpp,351,esp-idf,log,component-local
esphome/components/atm90e32/atm90e32.cpp,353,esp-idf,log,component-local
esphome/components/atm90e32/atm90e32.cpp,354,esp-idf,log,component-local
esphome/components/atm90e32/atm90e32.cpp,355,esp-idf,log,component-local
esphome/components/atm90e32/atm90e32.cpp,358,esp-idf,log,component-local
esphome/components/atm90e32/atm90e32.cpp,362,esp-idf,log,component-local
esphome/components/atm90e32/atm90e32.cpp,366,esp-idf,log,component-local
esphome/components/atm90e32/atm90e32.cpp,369,esp-idf,log,component-local
esphome/components/atm90e32/atm90e32.cpp,370,esp-idf,log,component-local
esphome/components/atm90e32/atm90e32.cpp,371,esp-idf,log,component-local
esphome/components/atm90e32/atm90e32.cpp,372,esp-idf,log,component-local
esphome/components/atm90e32/atm90e32.cpp,373,esp-idf,log,component-local
esphome/components/atm90e32/atm90e32.cpp,375,esp-idf,log,component-local
esphome/components/atm90e32/atm90e32.cpp,378,esp-idf,log,component-local
esphome/components/atm90e32/atm90e32.cpp,382,esp-idf,log,component-local
esphome/components/atm90e32/atm90e32.cpp,383,esp-idf,log,component-local
esphome/components/atm90e32/atm90e32.cpp,384,esp-idf,log,component-local
esphome/components/atm90e32/atm90e32.cpp,385,esp-idf,log,component-local
esphome/components/atm90e32/atm90e32.cpp,386,esp-idf,log,component-local
esphome/components/atm90e32/atm90e32.cpp,388,esp-idf,log,component-local
esphome/components/atm90e32/atm90e32.cpp,391,esp-idf,log,component-local
esphome/components/atm90e32/atm90e32.cpp,394,esp-idf,log,component-local
esphome/components/atm90e32/atm90e32.cpp,396,esp-idf,log,component-local
esphome/components/atm90e32/atm90e32.cpp,397,esp-idf,log,component-local
esphome/components/atm90e32/atm90e32.cpp,398,esp-idf,log,component-local
esphome/components/atm90e32/atm90e32.cpp,399,esp-idf,log,component-local
esphome/components/atm90e32/atm90e32.cpp,400,esp-idf,log,component-local
esphome/components/atm90e32/atm90e32.cpp,402,esp-idf,log,component-local
esphome/components/atm90e32/atm90e32.cpp,405,esp-idf,log,component-local
esphome/components/atm90e32/atm90e32.cpp,406,esp-idf,log,component-local
esphome/components/atm90e32/atm90e32.cpp,415,esp-idf,log,component-local
esphome/components/atm90e32/atm90e32.cpp,649,esp-idf,log,component-local
esphome/components/atm90e32/atm90e32.cpp,662,esp-idf,log,component-local
esphome/components/atm90e32/atm90e32.cpp,663,esp-idf,log,component-local
esphome/components/atm90e32/atm90e32.cpp,664,esp-idf,log,component-local
esphome/components/atm90e32/atm90e32.cpp,665,esp-idf,log,component-local
esphome/components/atm90e32/atm90e32.cpp,669,esp-idf,log,component-local
esphome/components/atm90e32/atm90e32.cpp,686,esp-idf,log,component-local
esphome/components/atm90e32/atm90e32.cpp,689,esp-idf,log,component-local
esphome/components/atm90e32/atm90e32.cpp,694,esp-idf,log,component-local
esphome/components/atm90e32/atm90e32.cpp,698,esp-idf,log,component-local
esphome/components/atm90e32/atm90e32.cpp,711,esp-idf,log,component-local
esphome/components/atm90e32/atm90e32.cpp,714,esp-idf,log,component-local
esphome/components/atm90e32/atm90e32.cpp,719,esp-idf,log,component-local
esphome/components/atm90e32/atm90e32.cpp,723,esp-idf,log,component-local
esphome/components/atm90e32/atm90e32.cpp,733,esp-idf,log,component-local
esphome/components/atm90e32/atm90e32.cpp,739,esp-idf,log,component-local
esphome/components/atm90e32/atm90e32.cpp,752,esp-idf,log,component-local
esphome/components/atm90e32/atm90e32.cpp,755,esp-idf,log,component-local
esphome/components/atm90e32/atm90e32.cpp,785,esp-idf,log,component-local
esphome/components/atm90e32/atm90e32.cpp,791,esp-idf,log,component-local
esphome/components/atm90e32/atm90e32.cpp,807,esp-idf,log,component-local
esphome/components/atm90e32/atm90e32.cpp,816,esp-idf,log,component-local
esphome/components/atm90e32/atm90e32.cpp,820,esp-idf,log,component-local
esphome/components/atm90e32/atm90e32.cpp,826,esp-idf,log,component-local
esphome/components/atm90e32/atm90e32.cpp,832,esp-idf,log,component-local
esphome/components/atm90e32/atm90e32.cpp,833,esp-idf,log,component-local
esphome/components/atm90e32/atm90e32.cpp,834,esp-idf,log,component-local
esphome/components/atm90e32/atm90e32.cpp,835,esp-idf,log,component-local
esphome/components/atm90e32/atm90e32.cpp,836,esp-idf,log,component-local
esphome/components/atm90e32/atm90e32.cpp,849,esp-idf,log,component-local
esphome/components/atm90e32/atm90e32.cpp,853,esp-idf,log,component-local
esphome/components/atm90e32/atm90e32.cpp,862,esp-idf,log,component-local
esphome/components/atm90e32/atm90e32.cpp,869,esp-idf,log,component-local
esphome/components/atm90e32/atm90e32.cpp,870,esp-idf,log,component-local
esphome/components/atm90e32/atm90e32.cpp,871,esp-idf,log,component-local
esphome/components/atm90e32/atm90e32.cpp,872,esp-idf,log,component-local
esphome/components/atm90e32/atm90e32.cpp,873,esp-idf,log,component-local
esphome/components/atm90e32/atm90e32.cpp,887,esp-idf,log,component-local
esphome/components/atm90e32/atm90e32.cpp,890,esp-idf,log,component-local
esphome/components/atm90e32/atm90e32.cpp,974,esp-idf,log,component-local
esphome/components/atm90e32/atm90e32.cpp,983,esp-idf,log,component-local
esphome/components/atm90e32/atm90e32.cpp,1029,esp-idf,log,component-local
esphome/components/atm90e32/atm90e32.cpp,1039,esp-idf,log,component-local
esphome/components/atm90e32/atm90e32.cpp,1053,esp-idf,log,component-local
esphome/components/atm90e32/atm90e32.cpp,1056,esp-idf,log,component-local
esphome/components/atm90e32/atm90e32.cpp,1064,esp-idf,log,component-local
esphome/components/atm90e32/atm90e32.cpp,1065,esp-idf,log,component-local
esphome/components/atm90e32/atm90e32.cpp,1066,esp-idf,log,component-local
esphome/components/atm90e32/atm90e32.cpp,1067,esp-idf,log,component-local
esphome/components/atm90e32/atm90e32.cpp,1069,esp-idf,log,component-local
esphome/components/atm90e32/atm90e32.cpp,1072,esp-idf,log,component-local
esphome/components/atm90e32/atm90e32.cpp,1076,esp-idf,log,component-local
esphome/components/atm90e32/atm90e32.cpp,1077,esp-idf,log,component-local
esphome/components/atm90e32/atm90e32.cpp,1078,esp-idf,log,component-local
esphome/components/atm90e32/atm90e32.cpp,1079,esp-idf,log,component-local
esphome/components/atm90e32/atm90e32.cpp,1090,esp-idf,log,component-local
esphome/components/atm90e32/atm90e32.cpp,1092,esp-idf,log,component-local
esphome/components/atm90e32/atm90e32.cpp,1104,esp-idf,log,component-local
esphome/components/atm90e32/atm90e32.cpp,1113,esp-idf,log,component-local
esphome/components/atm90e32/atm90e32.cpp,1114,esp-idf,log,component-local
esphome/components/atm90e32/atm90e32.cpp,1115,esp-idf,log,component-local
esphome/components/atm90e32/atm90e32.cpp,1116,esp-idf,log,component-local
esphome/components/atm90e32/atm90e32.cpp,1118,esp-idf,log,component-local
esphome/components/atm90e32/atm90e32.cpp,1121,esp-idf,log,component-local
esphome/components/atm90e32/atm90e32.cpp,1125,esp-idf,log,component-local
esphome/components/atm90e32/atm90e32.cpp,1126,esp-idf,log,component-local
esphome/components/atm90e32/atm90e32.cpp,1127,esp-idf,log,component-local
esphome/components/atm90e32/atm90e32.cpp,1128,esp-idf,log,component-local
esphome/components/atm90e32/atm90e32.cpp,1137,esp-idf,log,component-local
esphome/components/atm90e32/atm90e32.cpp,1140,esp-idf,log,component-local
esphome/components/atm90e32/atm90e32.cpp,1151,esp-idf,log,component-local
esphome/components/atm90e32/atm90e32.cpp,1157,esp-idf,log,component-local
esphome/components/atm90e32/atm90e32.cpp,1158,esp-idf,log,component-local
esphome/components/atm90e32/atm90e32.cpp,1159,esp-idf,log,component-local
esphome/components/atm90e32/atm90e32.cpp,1160,esp-idf,log,component-local
esphome/components/atm90e32/atm90e32.cpp,1162,esp-idf,log,component-local
esphome/components/atm90e32/atm90e32.cpp,1165,esp-idf,log,component-local
esphome/components/atm90e32/atm90e32.cpp,1169,esp-idf,log,component-local
esphome/components/atm90e32/atm90e32.cpp,1170,esp-idf,log,component-local
esphome/components/atm90e32/atm90e32.cpp,1171,esp-idf,log,component-local
esphome/components/atm90e32/atm90e32.cpp,1172,esp-idf,log,component-local
esphome/components/atm90e32/atm90e32.cpp,1181,esp-idf,log,component-local
esphome/components/atm90e32/atm90e32.cpp,1184,esp-idf,log,component-local
esphome/components/atm90e32/atm90e32.cpp,1195,esp-idf,log,component-local
esphome/components/atm90e32/atm90e32.cpp,1238,esp-idf,log,component-local
esphome/components/atm90e32/atm90e32.cpp,1261,esp-idf,log,component-local
esphome/components/atm90e32/atm90e32.cpp,1292,esp-idf,log,component-local
esphome/components/atm90e32/atm90e32.cpp,1314,esp-idf,log,component-local
esphome/components/atm90e32/atm90e32.cpp,1316,esp-idf,log,component-local
esphome/components/atm90e32/atm90e32.cpp,1330,esp-idf,log,component-local
esphome/components/atm90e32/atm90e32.cpp,1331,esp-idf,log,component-local
esphome/components/atm90e32/atm90e32.cpp,1358,esp-idf,log,component-local
esphome/components/atm90e32/atm90e32.cpp,1360,esp-idf,log,component-local
esphome/components/atm90e32/button/atm90e32_button.cpp,11,esp-idf,log,component-local
esphome/components/atm90e32/button/atm90e32_button.cpp,15,esp-idf,log,component-local
esphome/components/atm90e32/button/atm90e32_button.cpp,16,esp-idf,log,component-local
esphome/components/atm90e32/button/atm90e32_button.cpp,23,esp-idf,log,component-local
esphome/components/atm90e32/button/atm90e32_button.cpp,27,esp-idf,log,component-local
esphome/components/atm90e32/button/atm90e32_button.cpp,33,esp-idf,log,component-local
esphome/components/atm90e32/button/atm90e32_button.cpp,37,esp-idf,log,component-local
esphome/components/atm90e32/button/atm90e32_button.cpp,38,esp-idf,log,component-local
esphome/components/atm90e32/button/atm90e32_button.cpp,39,esp-idf,log,component-local
esphome/components/atm90e32/button/atm90e32_button.cpp,46,esp-idf,log,component-local
esphome/components/atm90e32/button/atm90e32_button.cpp,50,esp-idf,log,component-local
esphome/components/atm90e32/button/atm90e32_button.cpp,56,esp-idf,log,component-local
esphome/components/atm90e32/button/atm90e32_button.cpp,60,esp-idf,log,component-local
esphome/components/atm90e32/button/atm90e32_button.cpp,61,esp-idf,log,component-local
esphome/components/atm90e32/button/atm90e32_button.cpp,62,esp-idf,log,component-local
esphome/components/atm90e32/button/atm90e32_button.cpp,69,esp-idf,log,component-local
esphome/components/atm90e32/button/atm90e32_button.cpp,73,esp-idf,log,component-local
esphome/components/atm90e32/sensor.py,191,esp-idf,i2c-spi,python
esphome/components/audio/audio_decoder.cpp,25,esp-idf,err-type,component-local
esphome/components/audio/audio_decoder.cpp,31,esp-idf,err-type,component-local
esphome/components/audio/audio_decoder.cpp,34,esp-idf,err-type,component-local
esphome/components/audio/audio_decoder.cpp,37,esp-idf,err-type,component-local
esphome/components/audio/audio_decoder.cpp,41,esp-idf,err-type,component-local
esphome/components/audio/audio_decoder.cpp,44,esp-idf,err-type,component-local
esphome/components/audio/audio_decoder.cpp,47,esp-idf,err-type,component-local
esphome/components/audio/audio_decoder.cpp,49,esp-idf,err-type,component-local
esphome/components/audio/audio_decoder.cpp,53,esp-idf,err-type,component-local
esphome/components/audio/audio_decoder.cpp,56,esp-idf,err-type,component-local
esphome/components/audio/audio_decoder.cpp,58,esp-idf,err-type,component-local
esphome/components/audio/audio_decoder.cpp,62,esp-idf,err-type,component-local
esphome/components/audio/audio_decoder.cpp,65,esp-idf,err-type,component-local
esphome/components/audio/audio_decoder.cpp,67,esp-idf,err-type,component-local
esphome/components/audio/audio_decoder.cpp,70,esp-idf,err-type,component-local
esphome/components/audio/audio_decoder.cpp,72,esp-idf,err-type,component-local
esphome/components/audio/audio_decoder.cpp,114,esp-idf,err-type,component-local
esphome/components/audio/audio_decoder.cpp,118,esp-idf,err-type,component-local
esphome/components/audio/audio_decoder.cpp,156,freertos,tick,component-local
esphome/components/audio/audio_decoder.cpp,191,freertos,tick,component-local
esphome/components/audio/audio_decoder.cpp,288,esp-idf,log,component-local
esphome/components/audio/audio_decoder.cpp,337,esp-idf,log,component-local
esphome/components/audio/audio_decoder.cpp,341,esp-idf,log,component-local
esphome/components/audio/audio_decoder.cpp,380,esp-idf,log,component-local
esphome/components/audio/audio_decoder.cpp,416,esp-idf,log,component-local
esphome/components/audio/audio_decoder.h,16,esp-idf,include,component-local
esphome/components/audio/audio_decoder.h,74,esp-idf,err-type,component-local
esphome/components/audio/audio_decoder.h,79,esp-idf,err-type,component-local
esphome/components/audio/audio_decoder.h,85,esp-idf,err-type,component-local
esphome/components/audio/audio_decoder.h,92,esp-idf,err-type,component-local
esphome/components/audio/audio_decoder.h,97,esp-idf,err-type,component-local
esphome/components/audio/audio_decoder.h,103,esp-idf,err-type,component-local
esphome/components/audio/audio_reader.cpp,11,esp-idf,include,component-local
esphome/components/audio/audio_reader.cpp,57,esp-idf,err-type,component-local
esphome/components/audio/audio_reader.cpp,62,esp-idf,err-type,component-local
esphome/components/audio/audio_reader.cpp,64,esp-idf,err-type,component-local
esphome/components/audio/audio_reader.cpp,69,esp-idf,err-type,component-local
esphome/components/audio/audio_reader.cpp,72,esp-idf,err-type,component-local
esphome/components/audio/audio_reader.cpp,75,esp-idf,err-type,component-local
esphome/components/audio/audio_reader.cpp,83,esp-idf,err-type,component-local
esphome/components/audio/audio_reader.cpp,86,esp-idf,err-type,component-local
esphome/components/audio/audio_reader.cpp,92,esp-idf,err-type,component-local
esphome/components/audio/audio_reader.cpp,116,esp-idf,err-type,component-local
esphome/components/audio/audio_reader.cpp,119,esp-idf,err-type,component-local
esphome/components/audio/audio_reader.cpp,121,esp-idf,err-type,component-local
esphome/components/audio/audio_reader.cpp,122,esp-idf,log,component-local
esphome/components/audio/audio_reader.cpp,131,esp-idf,err-type,component-local
esphome/components/audio/audio_reader.cpp,133,esp-idf,err-type,component-local
esphome/components/audio/audio_reader.cpp,144,esp-idf,log,component-local
esphome/components/audio/audio_reader.cpp,146,esp-idf,err-type,component-local
esphome/components/audio/audio_reader.cpp,153,esp-idf,err-type,component-local
esphome/components/audio/audio_reader.cpp,158,esp-idf,err-type,component-local
esphome/components/audio/audio_reader.cpp,160,esp-idf,err-type,component-local
esphome/components/audio/audio_reader.cpp,162,esp-idf,err-type,component-local
esphome/components/audio/audio_reader.cpp,168,esp-idf,err-type,component-local
esphome/components/audio/audio_reader.cpp,175,esp-idf,err-type,component-local
esphome/components/audio/audio_reader.cpp,185,esp-idf,err-type,component-local
esphome/components/audio/audio_reader.cpp,193,esp-idf,err-type,component-local
esphome/components/audio/audio_reader.cpp,203,esp-idf,err-type,component-local
esphome/components/audio/audio_reader.cpp,206,esp-idf,err-type,component-local
esphome/components/audio/audio_reader.cpp,219,esp-idf,err-type,component-local
esphome/components/audio/audio_reader.cpp,232,esp-idf,err-type,component-local
esphome/components/audio/audio_reader.cpp,239,freertos,tick,component-local
esphome/components/audio/audio_reader.cpp,249,freertos,tick,component-local
esphome/components/audio/audio_reader.cpp,274,esp-idf,log,component-local
esphome/components/audio/audio_reader.h,10,esp-idf,include,component-local
esphome/components/audio/audio_reader.h,12,esp-idf,include,component-local
esphome/components/audio/audio_reader.h,38,esp-idf,err-type,component-local
esphome/components/audio/audio_reader.h,44,esp-idf,err-type,component-local
esphome/components/audio/audio_reader.h,50,esp-idf,err-type,component-local
esphome/components/audio/audio_reader.h,58,esp-idf,err-type,component-local
esphome/components/audio/audio_resampler.cpp,18,esp-idf,err-type,component-local
esphome/components/audio/audio_resampler.cpp,23,esp-idf,err-type,component-local
esphome/components/audio/audio_resampler.cpp,25,esp-idf,err-type,component-local
esphome/components/audio/audio_resampler.cpp,28,esp-idf,err-type,component-local
esphome/components/audio/audio_resampler.cpp,31,esp-idf,err-type,component-local
esphome/components/audio/audio_resampler.cpp,33,esp-idf,err-type,component-local
esphome/components/audio/audio_resampler.cpp,37,esp-idf,err-type,component-local
esphome/components/audio/audio_resampler.cpp,40,esp-idf,err-type,component-local
esphome/components/audio/audio_resampler.cpp,42,esp-idf,err-type,component-local
esphome/components/audio/audio_resampler.cpp,46,esp-idf,err-type,component-local
esphome/components/audio/audio_resampler.cpp,52,esp-idf,err-type,component-local
esphome/components/audio/audio_resampler.cpp,57,esp-idf,err-type,component-local
esphome/components/audio/audio_resampler.cpp,64,esp-idf,err-type,component-local
esphome/components/audio/audio_resampler.cpp,90,esp-idf,err-type,component-local
esphome/components/audio/audio_resampler.cpp,94,esp-idf,err-type,component-local
esphome/components/audio/audio_resampler.cpp,126,freertos,tick,component-local
esphome/components/audio/audio_resampler.cpp,134,freertos,tick,component-local
esphome/components/audio/audio_resampler.h,16,esp-idf,include,component-local
esphome/components/audio/audio_resampler.h,45,esp-idf,err-type,component-local
esphome/components/audio/audio_resampler.h,50,esp-idf,err-type,component-local
esphome/components/audio/audio_resampler.h,56,esp-idf,err-type,component-local
esphome/components/audio/audio_resampler.h,67,esp-idf,err-type,component-local
esphome/components/audio/audio_transfer_buffer.h,11,esp-idf,include,component-local
esphome/components/audio/audio_transfer_buffer.h,13,freertos,include,component-local
esphome/components/audio_file/media_source/audio_file_media_source.cpp,7,freertos,include,component-local
esphome/components/audio_file/media_source/audio_file_media_source.cpp,8,freertos,include,component-local
esphome/components/audio_file/media_source/audio_file_media_source.cpp,71,esp-idf,log,component-local
esphome/components/audio_file/media_source/audio_file_media_source.cpp,89,esp-idf,log,component-local
esphome/components/audio_file/media_source/audio_file_media_source.cpp,94,esp-idf,log,component-local
esphome/components/audio_file/media_source/audio_file_media_source.cpp,108,esp-idf,log,component-local
esphome/components/audio_file/media_source/audio_file_media_source.cpp,119,esp-idf,log,component-local
esphome/components/audio_file/media_source/audio_file_media_source.cpp,156,freertos,task-delay,component-local
esphome/components/audio_file/media_source/audio_file_media_source.cpp,156,freertos,tick,component-local
esphome/components/audio_http/audio_http_media_source.cpp,7,freertos,include,component-local
esphome/components/audio_http/audio_http_media_source.cpp,8,freertos,include,component-local
esphome/components/audio_http/audio_http_media_source.cpp,58,esp-idf,log,component-local
esphome/components/audio_http/audio_http_media_source.cpp,79,esp-idf,log,component-local
esphome/components/audio_http/audio_http_media_source.cpp,85,esp-idf,log,component-local
esphome/components/audio_http/audio_http_media_source.cpp,95,esp-idf,log,component-local
esphome/components/audio_http/audio_http_media_source.cpp,133,freertos,task-delay,component-local
esphome/components/audio_http/audio_http_media_source.cpp,133,freertos,tick,component-local
esphome/components/b_parasite/b_parasite.cpp,26,esp-idf,log,component-local
esphome/components/b_parasite/b_parasite.cpp,39,esp-idf,log,component-local
esphome/components/b_parasite/b_parasite.cpp,45,esp-idf,log,component-local
esphome/components/b_parasite/b_parasite.cpp,53,esp-idf,log,component-local
esphome/components/b_parasite/b_parasite.cpp,105,esp-idf,log,component-local
esphome/components/ballu/ballu.cpp,93,esp-idf,log,component-local
esphome/components/ballu/ballu.cpp,123,esp-idf,log,component-local
esphome/components/ballu/ballu.cpp,136,esp-idf,log,component-local
esphome/components/ballu/ballu.cpp,145,esp-idf,log,component-local
esphome/components/ballu/ballu.cpp,159,esp-idf,log,component-local
esphome/components/ballu/ballu.cpp,168,esp-idf,log,component-local
esphome/components/ballu/ballu.cpp,174,esp-idf,log,component-local
esphome/components/bang_bang/bang_bang_climate.cpp,179,esp-idf,log,component-local
esphome/components/bedjet/bedjet_codec.cpp,18,esp-idf,log,component-local
esphome/components/bedjet/bedjet_codec.cpp,23,esp-idf,log,component-local
esphome/components/bedjet/bedjet_codec.cpp,87,esp-idf,log,component-local
esphome/components/bedjet/bedjet_codec.cpp,98,esp-idf,log,component-local
esphome/components/bedjet/bedjet_codec.cpp,101,esp-idf,log,component-local
esphome/components/bedjet/bedjet_codec.cpp,121,esp-idf,log,component-local
esphome/components/bedjet/bedjet_hub.cpp,43,esp-idf,log,component-local
esphome/components/bedjet/bedjet_hub.cpp,59,esp-idf,log,component-local
esphome/components/bedjet/bedjet_hub.cpp,67,esp-idf,log,component-local
esphome/components/bedjet/bedjet_hub.cpp,85,esp-idf,log,component-local
esphome/components/bedjet/bedjet_hub.cpp,96,esp-idf,log,component-local
esphome/components/bedjet/bedjet_hub.cpp,106,esp-idf,log,component-local
esphome/components/bedjet/bedjet_hub.cpp,109,esp-idf,log,component-local
esphome/components/bedjet/bedjet_hub.cpp,128,esp-idf,log,component-local
esphome/components/bedjet/bedjet_hub.cpp,130,esp-idf,log,component-local
esphome/components/bedjet/bedjet_hub.cpp,147,esp-idf,log,component-local
esphome/components/bedjet/bedjet_hub.cpp,153,esp-idf,log,component-local
esphome/components/bedjet/bedjet_hub.cpp,156,esp-idf,log,component-local
esphome/components/bedjet/bedjet_hub.cpp,167,esp-idf,log,component-local
esphome/components/bedjet/bedjet_hub.cpp,177,esp-idf,log,component-local
esphome/components/bedjet/bedjet_hub.cpp,190,esp-idf,log,component-local
esphome/components/bedjet/bedjet_hub.cpp,196,esp-idf,log,component-local
esphome/components/bedjet/bedjet_hub.cpp,207,esp-idf,log,component-local
esphome/components/bedjet/bedjet_hub.cpp,214,esp-idf,log,component-local
esphome/components/bedjet/bedjet_hub.cpp,219,esp-idf,log,component-local
esphome/components/bedjet/bedjet_hub.cpp,235,esp-idf,log,component-local
esphome/components/bedjet/bedjet_hub.cpp,244,esp-idf,log,component-local
esphome/components/bedjet/bedjet_hub.cpp,256,esp-idf,log,component-local
esphome/components/bedjet/bedjet_hub.cpp,268,esp-idf,log,component-local
esphome/components/bedjet/bedjet_hub.cpp,271,esp-idf,log,component-local
esphome/components/bedjet/bedjet_hub.cpp,276,esp-idf,log,component-local
esphome/components/bedjet/bedjet_hub.cpp,282,esp-idf,log,component-local
esphome/components/bedjet/bedjet_hub.cpp,298,esp-idf,log,component-local
esphome/components/bedjet/bedjet_hub.cpp,310,esp-idf,log,component-local
esphome/components/bedjet/bedjet_hub.cpp,325,esp-idf,log,component-local
esphome/components/bedjet/bedjet_hub.cpp,338,esp-idf,log,component-local
esphome/components/bedjet/bedjet_hub.cpp,353,esp-idf,log,component-local
esphome/components/bedjet/bedjet_hub.cpp,359,esp-idf,log,component-local
esphome/components/bedjet/bedjet_hub.cpp,375,esp-idf,log,component-local
esphome/components/bedjet/bedjet_hub.cpp,391,esp-idf,log,component-local
esphome/components/bedjet/bedjet_hub.cpp,426,esp-idf,log,component-local
esphome/components/bedjet/bedjet_hub.cpp,436,esp-idf,log,component-local
esphome/components/bedjet/bedjet_hub.cpp,439,esp-idf,log,component-local
esphome/components/bedjet/bedjet_hub.cpp,452,esp-idf,log,component-local
esphome/components/bedjet/bedjet_hub.cpp,455,esp-idf,log,component-local
esphome/components/bedjet/bedjet_hub.cpp,464,esp-idf,log,component-local
esphome/components/bedjet/bedjet_hub.cpp,471,esp-idf,log,component-local
esphome/components/bedjet/bedjet_hub.cpp,478,esp-idf,log,component-local
esphome/components/bedjet/bedjet_hub.cpp,480,esp-idf,log,component-local
esphome/components/bedjet/bedjet_hub.cpp,516,esp-idf,log,component-local
esphome/components/bedjet/bedjet_hub.cpp,518,esp-idf,log,component-local
esphome/components/bedjet/bedjet_hub.cpp,533,esp-idf,log,component-local
esphome/components/bedjet/bedjet_hub.cpp,535,esp-idf,log,component-local
esphome/components/bedjet/bedjet_hub.cpp,539,esp-idf,log,component-local
esphome/components/bedjet/bedjet_hub.h,19,esp-idf,include,component-local
esphome/components/bedjet/climate/bedjet_climate.cpp,75,esp-idf,log,component-local
esphome/components/bedjet/climate/bedjet_climate.cpp,101,esp-idf,log,component-local
esphome/components/bedjet/climate/bedjet_climate.cpp,103,esp-idf,log,component-local
esphome/components/bedjet/climate/bedjet_climate.cpp,125,esp-idf,log,component-local
esphome/components/bedjet/climate/bedjet_climate.cpp,169,esp-idf,log,component-local
esphome/components/bedjet/climate/bedjet_climate.cpp,174,esp-idf,log,component-local
esphome/components/bedjet/climate/bedjet_climate.cpp,192,esp-idf,log,component-local
esphome/components/bedjet/climate/bedjet_climate.cpp,214,esp-idf,log,component-local
esphome/components/bedjet/climate/bedjet_climate.cpp,226,esp-idf,log,component-local
esphome/components/bedjet/climate/bedjet_climate.cpp,239,esp-idf,log,component-local
esphome/components/bedjet/climate/bedjet_climate.cpp,313,esp-idf,log,component-local
esphome/components/bedjet/climate/bedjet_climate.cpp,317,esp-idf,log,component-local
esphome/components/bedjet/climate/bedjet_climate.cpp,354,esp-idf,log,component-local
esphome/components/bedjet/climate/bedjet_climate.cpp,358,esp-idf,log,component-local
esphome/components/bedjet/fan/bedjet_fan.cpp,14,esp-idf,log,component-local
esphome/components/bedjet/fan/bedjet_fan.cpp,16,esp-idf,log,component-local
esphome/components/bedjet/fan/bedjet_fan.cpp,99,esp-idf,log,component-local
esphome/components/bedjet/fan/bedjet_fan.cpp,103,esp-idf,log,component-local
esphome/components/beken_spi_led_strip/led_strip.cpp,41,freertos,semaphore,component-local
esphome/components/beken_spi_led_strip/led_strip.cpp,113,esp-idf,log,component-local
esphome/components/beken_spi_led_strip/led_strip.cpp,118,freertos,semaphore,component-local
esphome/components/beken_spi_led_strip/led_strip.cpp,129,esp-idf,log,component-local
esphome/components/beken_spi_led_strip/led_strip.cpp,136,esp-idf,log,component-local
esphome/components/beken_spi_led_strip/led_strip.cpp,143,esp-idf,log,component-local
esphome/components/beken_spi_led_strip/led_strip.cpp,159,esp-idf,log,component-local
esphome/components/beken_spi_led_strip/led_strip.cpp,166,esp-idf,log,component-local
esphome/components/beken_spi_led_strip/led_strip.cpp,171,freertos,semaphore,component-local
esphome/components/beken_spi_led_strip/led_strip.cpp,173,esp-idf,log,component-local
esphome/components/beken_spi_led_strip/led_strip.cpp,262,esp-idf,log,component-local
esphome/components/beken_spi_led_strip/led_strip.cpp,267,freertos,semaphore,component-local
esphome/components/beken_spi_led_strip/led_strip.cpp,267,freertos,tick,component-local
esphome/components/beken_spi_led_strip/led_strip.cpp,268,esp-idf,log,component-local
esphome/components/beken_spi_led_strip/led_strip.cpp,273,esp-idf,log,component-local
esphome/components/bh1750/bh1750.cpp,78,esp-idf,log,component-local
esphome/components/bh1750/bh1750.cpp,91,esp-idf,log,component-local
esphome/components/bh1750/bh1750.cpp,94,esp-idf,log,component-local
esphome/components/bh1750/bh1750.cpp,157,esp-idf,log,component-local
esphome/components/bh1750/bh1750.cpp,170,esp-idf,log,component-local
esphome/components/bh1750/bh1750.cpp,179,esp-idf,log,component-local
esphome/components/bh1750/bh1750.cpp,207,esp-idf,log,component-local
esphome/components/bh1750/bh1750.cpp,223,esp-idf,log,component-local
esphome/components/bh1750/bh1750.cpp,259,esp-idf,log,component-local
esphome/components/bh1900nux/bh1900nux.cpp,33,esp-idf,log,component-local
esphome/components/binary_sensor/automation.cpp,37,esp-idf,log,component-local
esphome/components/binary_sensor/automation.cpp,38,esp-idf,log,component-local
esphome/components/binary_sensor/automation.cpp,47,esp-idf,log,component-local
esphome/components/binary_sensor/automation.cpp,68,esp-idf,log,component-local
esphome/components/binary_sensor/automation.cpp,72,esp-idf,log,component-local
esphome/components/binary_sensor/automation.cpp,76,esp-idf,log,component-local
esphome/components/binary_sensor/automation.cpp,85,esp-idf,log,component-local
esphome/components/binary_sensor/automation.cpp,88,esp-idf,log,component-local
esphome/components/binary_sensor/automation.cpp,103,esp-idf,log,component-local
esphome/components/binary_sensor/automation.cpp,110,esp-idf,log,component-local
esphome/components/binary_sensor/automation.cpp,117,esp-idf,log,component-local
esphome/components/binary_sensor/automation.cpp,122,esp-idf,log,component-local
esphome/components/binary_sensor/binary_sensor.cpp,41,esp-idf,log,component-local
esphome/components/binary_sensor_map/binary_sensor_map.cpp,50,esp-idf,log,component-local
esphome/components/bk72xx_ble/bdk_scan.cpp,66,esp-idf,log,component-local
esphome/components/bk72xx_ble/bdk_scan.cpp,77,esp-idf,log,component-local
esphome/components/bk72xx_ble/bdk_scan.cpp,87,esp-idf,log,component-local
esphome/components/bk72xx_ble/bdk_scan.cpp,113,esp-idf,log,component-local
esphome/components/bk72xx_ble/bk72xx_ble.cpp,185,esp-idf,log,component-local
esphome/components/bk72xx_ble/bk72xx_ble.cpp,190,esp-idf,log,component-local
esphome/components/bk72xx_ble/bk72xx_ble.cpp,215,esp-idf,log,component-local
esphome/components/bk72xx_ble/bk72xx_ble.cpp,236,esp-idf,log,component-local
esphome/components/bk72xx_ble/bk72xx_ble.cpp,357,esp-idf,log,component-local
esphome/components/bk72xx_ble/bk72xx_ble.cpp,359,esp-idf,log,component-local
esphome/components/bk72xx_ble/bk72xx_ble.cpp,377,esp-idf,log,component-local
esphome/components/bk72xx_ble/bk72xx_ble.cpp,380,esp-idf,log,component-local
esphome/components/bk72xx_ble/bk72xx_ble.cpp,423,esp-idf,log,component-local
esphome/components/bk72xx_ble/bk72xx_ble.cpp,456,esp-idf,log,component-local
esphome/components/bk72xx_ble/bk72xx_ble.cpp,482,esp-idf,log,component-local
esphome/components/bk72xx_ble_tracker/bk72xx_ble_tracker.cpp,73,esp-idf,log,component-local
esphome/components/bk72xx_ble_tracker/bk72xx_ble_tracker.cpp,109,esp-idf,log,component-local
esphome/components/bk72xx_ble_tracker/bk72xx_ble_tracker.cpp,195,esp-idf,log,component-local
esphome/components/bk72xx_ble_tracker/bk72xx_ble_tracker.cpp,320,esp-idf,log,component-local
esphome/components/bk72xx_ble_tracker/bk72xx_ble_tracker.cpp,339,esp-idf,log,component-local
esphome/components/bk72xx_ble_tracker/bk72xx_ble_tracker.cpp,369,esp-idf,log,component-local
esphome/components/bl0906/bl0906.cpp,131,esp-idf,log,component-local
esphome/components/bl0906/bl0906.cpp,149,esp-idf,log,component-local
esphome/components/bl0906/bl0906.cpp,168,esp-idf,log,component-local
esphome/components/bl0906/bl0906.cpp,172,esp-idf,log,component-local
esphome/components/bl0906/bl0906.cpp,224,esp-idf,log,component-local
esphome/components/bl0939/bl0939.cpp,47,esp-idf,log,component-local
esphome/components/bl0939/bl0939.cpp,61,esp-idf,log,component-local
esphome/components/bl0939/bl0939.cpp,83,esp-idf,log,component-local
esphome/components/bl0939/bl0939.cpp,123,esp-idf,log,component-local
esphome/components/bl0940/bl0940.cpp,40,esp-idf,log,component-local
esphome/components/bl0940/bl0940.cpp,55,esp-idf,log,component-local
esphome/components/bl0940/bl0940.cpp,143,esp-idf,log,component-local
esphome/components/bl0940/bl0940.cpp,148,esp-idf,log,component-local
esphome/components/bl0940/bl0940.cpp,153,esp-idf,log,component-local
esphome/components/bl0940/bl0940.cpp,158,esp-idf,log,component-local
esphome/components/bl0940/bl0940.cpp,163,esp-idf,log,component-local
esphome/components/bl0940/bl0940.cpp,168,esp-idf,log,component-local
esphome/components/bl0940/bl0940.cpp,182,esp-idf,log,component-local
esphome/components/bl0940/bl0940.cpp,197,esp-idf,log,component-local
esphome/components/bl0940/bl0940.cpp,209,esp-idf,log,component-local
esphome/components/bl0940/bl0940.cpp,242,esp-idf,log,component-local
esphome/components/bl0940/button/calibration_reset_button.cpp,14,esp-idf,log,component-local
esphome/components/bl0942/bl0942.cpp,57,esp-idf,log,component-local
esphome/components/bl0942/bl0942.cpp,81,esp-idf,log,component-local
esphome/components/bl0942/bl0942.cpp,159,esp-idf,log,component-local
esphome/components/bl0942/bl0942.cpp,189,esp-idf,log,component-local
esphome/components/ble_client/automation.h,179,esp-idf,err-type,component-local
esphome/components/ble_client/automation.h,182,esp-idf,err-type,component-local
esphome/components/ble_client/ble_client.cpp,41,esp-idf,log,component-local
esphome/components/ble_client/ble_client.cpp,58,esp-idf,log,component-local
esphome/components/ble_client/ble_client.h,10,esp-idf,include,component-local
esphome/components/ble_client/ble_client.h,11,esp-idf,include,component-local
esphome/components/ble_client/ble_client.h,12,esp-idf,include,component-local
esphome/components/ble_client/ble_client.h,13,esp-idf,include,component-local
esphome/components/ble_client/output/ble_binary_output.cpp,32,esp-idf,log,component-local
esphome/components/ble_client/output/ble_binary_output.cpp,40,esp-idf,log,component-local
esphome/components/ble_client/output/ble_binary_output.cpp,43,esp-idf,log,component-local
esphome/components/ble_client/output/ble_binary_output.cpp,46,esp-idf,log,component-local
esphome/components/ble_client/output/ble_binary_output.cpp,52,esp-idf,log,component-local
esphome/components/ble_client/output/ble_binary_output.cpp,61,esp-idf,log,component-local
esphome/components/ble_client/output/ble_binary_output.cpp,74,esp-idf,log,component-local
esphome/components/ble_client/output/ble_binary_output.cpp,79,esp-idf,log,component-local
esphome/components/ble_client/output/ble_binary_output.cpp,80,esp-idf,err-type,component-local
esphome/components/ble_client/output/ble_binary_output.cpp,84,esp-idf,log,component-local
esphome/components/ble_client/output/ble_binary_output.h,9,esp-idf,include,component-local
esphome/components/ble_client/sensor/ble_rssi_sensor.cpp,54,esp-idf,log,component-local
esphome/components/ble_client/sensor/ble_rssi_sensor.cpp,66,esp-idf,log,component-local
esphome/components/ble_client/sensor/ble_rssi_sensor.cpp,73,esp-idf,log,component-local
esphome/components/ble_client/sensor/ble_rssi_sensor.cpp,75,esp-idf,err-type,component-local
esphome/components/ble_client/sensor/ble_rssi_sensor.cpp,76,esp-idf,log,component-local
esphome/components/ble_client/sensor/ble_rssi_sensor.h,9,esp-idf,include,component-local
esphome/components/ble_client/sensor/ble_sensor.cpp,40,esp-idf,log,component-local
esphome/components/ble_client/sensor/ble_sensor.cpp,46,esp-idf,log,component-local
esphome/components/ble_client/sensor/ble_sensor.cpp,59,esp-idf,log,component-local
esphome/components/ble_client/sensor/ble_sensor.cpp,72,esp-idf,log,component-local
esphome/components/ble_client/sensor/ble_sensor.cpp,82,esp-idf,log,component-local
esphome/components/ble_client/sensor/ble_sensor.cpp,94,esp-idf,log,component-local
esphome/components/ble_client/sensor/ble_sensor.cpp,105,esp-idf,log,component-local
esphome/components/ble_client/sensor/ble_sensor.cpp,108,esp-idf,log,component-local
esphome/components/ble_client/sensor/ble_sensor.cpp,118,esp-idf,log,component-local
esphome/components/ble_client/sensor/ble_sensor.cpp,124,esp-idf,log,component-local
esphome/components/ble_client/sensor/ble_sensor.cpp,146,esp-idf,log,component-local
esphome/components/ble_client/sensor/ble_sensor.cpp,150,esp-idf,log,component-local
esphome/components/ble_client/sensor/ble_sensor.cpp,159,esp-idf,log,component-local
esphome/components/ble_client/sensor/ble_sensor.h,11,esp-idf,include,component-local
esphome/components/ble_client/switch/ble_switch.h,9,esp-idf,include,component-local
esphome/components/ble_client/text_sensor/ble_text_sensor.cpp,41,esp-idf,log,component-local
esphome/components/ble_client/text_sensor/ble_text_sensor.cpp,59,esp-idf,log,component-local
esphome/components/ble_client/text_sensor/ble_text_sensor.cpp,72,esp-idf,log,component-local
esphome/components/ble_client/text_sensor/ble_text_sensor.cpp,82,esp-idf,log,component-local
esphome/components/ble_client/text_sensor/ble_text_sensor.cpp,95,esp-idf,log,component-local
esphome/components/ble_client/text_sensor/ble_text_sensor.cpp,107,esp-idf,log,component-local
esphome/components/ble_client/text_sensor/ble_text_sensor.cpp,110,esp-idf,log,component-local
esphome/components/ble_client/text_sensor/ble_text_sensor.cpp,127,esp-idf,log,component-local
esphome/components/ble_client/text_sensor/ble_text_sensor.cpp,131,esp-idf,log,component-local
esphome/components/ble_client/text_sensor/ble_text_sensor.cpp,140,esp-idf,log,component-local
esphome/components/ble_client/text_sensor/ble_text_sensor.h,9,esp-idf,include,component-local
esphome/components/ble_device_base/ble_device.cpp,95,esp-idf,log,component-local
esphome/components/ble_device_base/ble_device.cpp,322,esp-idf,log,component-local
esphome/components/ble_device_base/ble_device.cpp,585,esp-idf,log,component-local
esphome/components/ble_device_base/ble_device.cpp,590,esp-idf,log,component-local
esphome/components/ble_device_base/ble_device.cpp,593,esp-idf,log,component-local
esphome/components/ble_device_base/ble_device.h,33,esp-idf,include,component-local
esphome/components/ble_nus/ble_nus.cpp,32,esp-idf,log,component-local
esphome/components/ble_nus/ble_nus.cpp,85,esp-idf,log,component-local
esphome/components/ble_nus/ble_nus.cpp,114,esp-idf,log,component-local
esphome/components/ble_nus/ble_nus.cpp,152,esp-idf,log,component-local
esphome/components/ble_nus/ble_nus.cpp,156,esp-idf,log,component-local
esphome/components/ble_nus/ble_nus.cpp,161,esp-idf,log,component-local
esphome/components/ble_nus/ble_nus.cpp,165,esp-idf,log,component-local
esphome/components/ble_nus/ble_nus.cpp,260,esp-idf,log,component-local
esphome/components/ble_nus/ble_nus.cpp,265,esp-idf,log,component-local
esphome/components/bluetooth_connection/bluetooth_connection.cpp,4,esp-idf,include,component-local
esphome/components/bluetooth_connection/bluetooth_connection.cpp,5,esp-idf,include,component-local
esphome/components/bluetooth_connection/bluetooth_connection.cpp,26,esp-idf,log,component-local
esphome/components/bluetooth_connection/bluetooth_connection.cpp,33,esp-idf,log,component-local
esphome/components/bluetooth_connection/bluetooth_connection.h,16,esp-idf,include,component-local
esphome/components/bluetooth_connection/bluetooth_connection.h,40,esp-idf,err-type,component-local
esphome/components/bluetooth_connection/bluetooth_connection.h,41,esp-idf,err-type,component-local
esphome/components/bluetooth_connection/bluetooth_connection_bluedroid.cpp,65,esp-idf,log,component-local
esphome/components/bluetooth_connection/bluetooth_connection_bluedroid.cpp,74,esp-idf,log,component-local
esphome/components/bluetooth_connection/bluetooth_connection_bluedroid.cpp,93,esp-idf,log,component-local
esphome/components/bluetooth_connection/bluetooth_connection_bluedroid.cpp,103,esp-idf,log,component-local
esphome/components/bluetooth_connection/bluetooth_connection_bluedroid.cpp,117,esp-idf,log,component-local
esphome/components/bluetooth_connection/bluetooth_connection_bluedroid.cpp,121,esp-idf,log,component-local
esphome/components/bluetooth_connection/bluetooth_connection_bluedroid.cpp,124,esp-idf,log,component-local
esphome/components/bluetooth_connection/bluetooth_connection_bluedroid.cpp,168,esp-idf,log,component-local
esphome/components/bluetooth_connection/bluetooth_connection_bluedroid.cpp,180,esp-idf,log,component-local
esphome/components/bluetooth_connection/bluetooth_connection_bluedroid.cpp,183,esp-idf,log,component-local
esphome/components/bluetooth_connection/bluetooth_connection_bluedroid.cpp,190,esp-idf,err-type,component-local
esphome/components/bluetooth_connection/bluetooth_connection_bluedroid.cpp,192,esp-idf,log,component-local
esphome/components/bluetooth_connection/bluetooth_connection_bluedroid.cpp,335,esp-idf,err-type,component-local
esphome/components/bluetooth_connection/bluetooth_connection_bluedroid.cpp,343,esp-idf,log,component-local
esphome/components/bluetooth_connection/bluetooth_connection_bluedroid.cpp,347,esp-idf,err-type,component-local
esphome/components/bluetooth_connection/bluetooth_connection_bluedroid.cpp,348,esp-idf,err-type,component-local
esphome/components/bluetooth_connection/bluetooth_connection_bluedroid.cpp,355,esp-idf,log,component-local
esphome/components/bluetooth_connection/bluetooth_connection_bluedroid.cpp,407,esp-idf,log,component-local
esphome/components/bluetooth_connection/bluetooth_connection_bluedroid.cpp,420,esp-idf,log,component-local
esphome/components/bluetooth_connection/bluetooth_connection_bluedroid.cpp,437,esp-idf,log,component-local
esphome/components/bluetooth_connection/bluetooth_connection_bluedroid.cpp,547,esp-idf,log,component-local
esphome/components/bluetooth_connection/bluetooth_connection_bluedroid.cpp,555,esp-idf,log,component-local
esphome/components/bluetooth_connection/bluetooth_connection_bluedroid.cpp,571,esp-idf,log,component-local
esphome/components/bluetooth_connection/bluetooth_connection_bluedroid.cpp,599,esp-idf,log,component-local
esphome/components/bluetooth_connection/bluetooth_connection_bluedroid.cpp,601,esp-idf,log,component-local
esphome/components/bluetooth_connection/bluetooth_connection_bluedroid.cpp,627,esp-idf,log,component-local
esphome/components/bluetooth_connection/bluetooth_connection_bluedroid.cpp,690,esp-idf,log,component-local
esphome/components/bluetooth_connection/bluetooth_connection_bluedroid.cpp,734,esp-idf,log,component-local
esphome/components/bluetooth_connection/bluetooth_connection_bluedroid.h,18,esp-idf,include,component-local
esphome/components/bluetooth_connection/bluetooth_connection_bluedroid.h,19,esp-idf,include,component-local
esphome/components/bluetooth_connection/bluetooth_connection_bluedroid.h,101,esp-idf,err-type,component-local
esphome/components/bluetooth_connection/bluetooth_connection_bluedroid.h,103,esp-idf,err-type,component-local
esphome/components/bluetooth_connection/bluetooth_connection_hub.cpp,58,esp-idf,log,component-local
esphome/components/bluetooth_connection/bluetooth_connection_hub.cpp,74,esp-idf,log,component-local
esphome/components/bluetooth_connection/bluetooth_connection_hub.cpp,138,esp-idf,log,component-local
esphome/components/bluetooth_connection/bluetooth_connection_hub.cpp,145,esp-idf,log,component-local
esphome/components/bluetooth_connection/bluetooth_connection_hub.cpp,157,esp-idf,log,component-local
esphome/components/bluetooth_connection/bluetooth_connection_hub.cpp,168,esp-idf,log,component-local
esphome/components/bluetooth_connection/bluetooth_connection_hub.cpp,175,esp-idf,log,component-local
esphome/components/bluetooth_connection/bluetooth_connection_hub.cpp,182,esp-idf,log,component-local
esphome/components/bluetooth_connection/bluetooth_connection_hub.cpp,224,esp-idf,log,component-local
esphome/components/bluetooth_connection/bluetooth_connection_hub.cpp,230,esp-idf,log,component-local
esphome/components/bluetooth_connection/bluetooth_connection_hub.cpp,238,esp-idf,log,component-local
esphome/components/bluetooth_connection/bluetooth_connection_hub.cpp,283,esp-idf,log,component-local
esphome/components/bluetooth_connection/bluetooth_connection_hub.cpp,288,esp-idf,log,component-local
esphome/components/bluetooth_connection/bluetooth_connection_hub.cpp,308,esp-idf,log,component-local
esphome/components/bluetooth_connection/bluetooth_connection_hub.cpp,333,esp-idf,log,component-local
esphome/components/bluetooth_connection/bluetooth_connection_hub.cpp,363,esp-idf,log,component-local
esphome/components/bluetooth_connection/bluetooth_connection_hub.cpp,376,esp-idf,log,component-local
esphome/components/bluetooth_connection/bluetooth_connection_hub.cpp,380,esp-idf,log,component-local
esphome/components/bluetooth_connection/bluetooth_connection_hub.cpp,392,esp-idf,log,component-local
esphome/components/bluetooth_connection/bluetooth_connection_hub.cpp,401,esp-idf,log,component-local
esphome/components/bluetooth_connection/bluetooth_connection_hub.cpp,410,esp-idf,log,component-local
esphome/components/bluetooth_connection/bluetooth_connection_hub.cpp,418,esp-idf,log,component-local
esphome/components/bluetooth_connection/bluetooth_connection_hub.cpp,429,esp-idf,log,component-local
esphome/components/bluetooth_connection/bluetooth_connection_hub.cpp,437,esp-idf,log,component-local
esphome/components/bluetooth_connection/bluetooth_connection_hub.cpp,459,esp-idf,log,component-local
esphome/components/bluetooth_connection/bluetooth_connection_hub.cpp,470,esp-idf,log,component-local
esphome/components/bluetooth_connection/bluetooth_connection_hub.cpp,487,esp-idf,log,component-local
esphome/components/bluetooth_connection/bluetooth_connection_hub.cpp,525,esp-idf,log,component-local
esphome/components/bluetooth_connection/bluetooth_connection_hub.cpp,541,esp-idf,log,component-local
esphome/components/bluetooth_connection/bluetooth_connection_rp2.cpp,79,esp-idf,log,component-local
esphome/components/bluetooth_connection/bluetooth_connection_rp2.cpp,87,esp-idf,log,component-local
esphome/components/bluetooth_connection/bluetooth_connection_rp2.cpp,442,esp-idf,log,component-local
esphome/components/bluetooth_connection/bluetooth_connection_rp2.cpp,447,esp-idf,log,component-local
esphome/components/bluetooth_connection/bluetooth_connection_rp2.cpp,454,esp-idf,log,component-local
esphome/components/bluetooth_connection/bluetooth_connection_rp2.cpp,468,esp-idf,log,component-local
esphome/components/bluetooth_connection/bluetooth_connection_rp2.cpp,508,esp-idf,log,component-local
esphome/components/bluetooth_connection/bluetooth_connection_rp2.cpp,524,esp-idf,log,component-local
esphome/components/bluetooth_connection/bluetooth_connection_rp2.cpp,545,esp-idf,log,component-local
esphome/components/bluetooth_connection/bluetooth_connection_rp2.cpp,593,esp-idf,log,component-local
esphome/components/bluetooth_connection/bluetooth_connection_rp2.cpp,617,esp-idf,log,component-local
esphome/components/bluetooth_connection/bluetooth_connection_rp2.cpp,697,esp-idf,log,component-local
esphome/components/bluetooth_connection/bluetooth_connection_rp2.cpp,755,esp-idf,log,component-local
esphome/components/bluetooth_connection/bluetooth_connection_rp2.cpp,861,esp-idf,log,component-local
esphome/components/bluetooth_connection/bluetooth_connection_rp2.cpp,877,esp-idf,log,component-local
esphome/components/bluetooth_connection/bluetooth_connection_rp2.cpp,1000,esp-idf,log,component-local
esphome/components/bluetooth_connection/bluetooth_connection_rp2.cpp,1048,esp-idf,log,component-local
esphome/components/bluetooth_proxy/bluetooth_proxy.cpp,117,esp-idf,log,component-local
esphome/components/bluetooth_proxy/bluetooth_proxy.cpp,122,esp-idf,log,component-local
esphome/components/bluetooth_proxy/bluetooth_proxy.cpp,128,esp-idf,log,component-local
esphome/components/bluetooth_proxy/bluetooth_proxy.cpp,132,esp-idf,log,component-local
esphome/components/bluetooth_proxy/bluetooth_proxy.cpp,136,esp-idf,log,component-local
esphome/components/bluetooth_proxy/bluetooth_proxy.cpp,140,esp-idf,log,component-local
esphome/components/bluetooth_proxy/bluetooth_proxy.cpp,159,esp-idf,log,component-local
esphome/components/bluetooth_proxy/bluetooth_proxy.cpp,195,esp-idf,log,component-local
esphome/components/bluetooth_proxy/bluetooth_proxy.cpp,204,esp-idf,log,component-local
esphome/components/bluetooth_proxy/bluetooth_proxy.cpp,215,esp-idf,log,component-local
esphome/components/bluetooth_proxy/bluetooth_proxy.cpp,324,esp-idf,log,component-local
esphome/components/bluetooth_proxy/bluetooth_proxy.cpp,329,esp-idf,log,component-local
esphome/components/bluetooth_proxy/bluetooth_proxy.cpp,340,esp-idf,log,component-local
esphome/components/bluetooth_proxy/bluetooth_proxy.cpp,414,esp-idf,log,component-local
esphome/components/bluetooth_proxy/bluetooth_proxy.cpp,480,esp-idf,log,component-local
esphome/components/bluetooth_proxy/bluetooth_proxy.cpp,492,esp-idf,log,component-local
esphome/components/bluetooth_proxy/bluetooth_proxy.cpp,502,esp-idf,log,component-local
esphome/components/bluetooth_proxy/bluetooth_proxy.cpp,535,esp-idf,log,component-local
esphome/components/bluetooth_proxy/bluetooth_proxy.cpp,567,esp-idf,log,component-local
esphome/components/bluetooth_proxy/bluetooth_proxy.cpp,578,esp-idf,log,component-local
esphome/components/bluetooth_proxy/bluetooth_proxy.cpp,583,esp-idf,log,component-local
esphome/components/bluetooth_proxy/bluetooth_proxy.cpp,738,esp-idf,log,component-local
esphome/components/bluetooth_proxy/bluetooth_proxy.cpp,757,esp-idf,log,component-local
esphome/components/bluetooth_proxy/bluetooth_proxy.cpp,776,esp-idf,log,component-local
esphome/components/bm8563/bm8563.cpp,35,esp-idf,log,component-local
esphome/components/bm8563/bm8563.cpp,47,esp-idf,log,component-local
esphome/components/bm8563/bm8563.cpp,51,esp-idf,log,component-local
esphome/components/bm8563/bm8563.cpp,62,esp-idf,log,component-local
esphome/components/bm8563/bm8563.cpp,67,esp-idf,log,component-local
esphome/components/bm8563/bm8563.cpp,132,esp-idf,log,component-local
esphome/components/bm8563/bm8563.cpp,138,esp-idf,log,component-local
esphome/components/bm8563/bm8563.cpp,145,esp-idf,log,component-local
esphome/components/bm8563/bm8563.cpp,152,esp-idf,log,component-local
esphome/components/bm8563/bm8563.cpp,155,esp-idf,log,component-local
esphome/components/bm8563/bm8563.cpp,170,esp-idf,log,component-local
esphome/components/bm8563/bm8563.cpp,182,esp-idf,log,component-local
esphome/components/bm8563/bm8563.cpp,193,esp-idf,log,component-local
esphome/components/bme280_base/bme280_base.cpp,185,esp-idf,log,component-local
esphome/components/bme280_base/bme280_base.cpp,188,esp-idf,log,component-local
esphome/components/bme280_base/bme280_base.cpp,209,esp-idf,log,component-local
esphome/components/bme280_base/bme280_base.cpp,227,esp-idf,log,component-local
esphome/components/bme280_base/bme280_base.cpp,234,esp-idf,log,component-local
esphome/components/bme280_base/bme280_base.cpp,241,esp-idf,log,component-local
esphome/components/bme280_spi/sensor.py,18,esp-idf,i2c-spi,python
esphome/components/bme680/bme680.cpp,216,esp-idf,log,component-local
esphome/components/bme680/bme680.cpp,306,esp-idf,log,component-local
esphome/components/bme680/bme680.cpp,328,esp-idf,log,component-local
esphome/components/bme680/bme680.cpp,331,esp-idf,log,component-local
esphome/components/bme680/bme680.cpp,334,esp-idf,log,component-local
esphome/components/bme680_bsec/bme680_bsec.cpp,140,esp-idf,log,component-local
esphome/components/bme680_bsec/bme680_bsec.cpp,155,esp-idf,log,component-local
esphome/components/bme680_bsec/bme680_bsec.cpp,213,esp-idf,log,component-local
esphome/components/bme680_bsec/bme680_bsec.cpp,226,esp-idf,log,component-local
esphome/components/bme680_bsec/bme680_bsec.cpp,242,esp-idf,log,component-local
esphome/components/bme680_bsec/bme680_bsec.cpp,248,esp-idf,log,component-local
esphome/components/bme680_bsec/bme680_bsec.cpp,261,esp-idf,log,component-local
esphome/components/bme680_bsec/bme680_bsec.cpp,264,esp-idf,log,component-local
esphome/components/bme680_bsec/bme680_bsec.cpp,270,esp-idf,log,component-local
esphome/components/bme680_bsec/bme680_bsec.cpp,277,esp-idf,log,component-local
esphome/components/bme680_bsec/bme680_bsec.cpp,282,esp-idf,log,component-local
esphome/components/bme680_bsec/bme680_bsec.cpp,289,esp-idf,log,component-local
esphome/components/bme680_bsec/bme680_bsec.cpp,297,esp-idf,log,component-local
esphome/components/bme680_bsec/bme680_bsec.cpp,301,esp-idf,log,component-local
esphome/components/bme680_bsec/bme680_bsec.cpp,339,esp-idf,log,component-local
esphome/components/bme680_bsec/bme680_bsec.cpp,343,esp-idf,log,component-local
esphome/components/bme680_bsec/bme680_bsec.cpp,358,esp-idf,log,component-local
esphome/components/bme680_bsec/bme680_bsec.cpp,367,esp-idf,log,component-local
esphome/components/bme680_bsec/bme680_bsec.cpp,370,esp-idf,log,component-local
esphome/components/bme680_bsec/bme680_bsec.cpp,378,esp-idf,log,component-local
esphome/components/bme680_bsec/bme680_bsec.cpp,386,esp-idf,log,component-local
esphome/components/bme680_bsec/bme680_bsec.cpp,465,esp-idf,log,component-local
esphome/components/bme680_bsec/bme680_bsec.cpp,476,esp-idf,log,component-local
esphome/components/bme680_bsec/bme680_bsec.cpp,487,esp-idf,log,component-local
esphome/components/bme680_bsec/bme680_bsec.cpp,494,esp-idf,log,component-local
esphome/components/bme680_bsec/bme680_bsec.cpp,532,esp-idf,log,component-local
esphome/components/bme680_bsec/bme680_bsec.cpp,536,esp-idf,log,component-local
esphome/components/bme680_bsec/bme680_bsec.cpp,542,esp-idf,log,component-local
esphome/components/bme680_bsec/bme680_bsec.cpp,557,esp-idf,log,component-local
esphome/components/bme680_bsec/bme680_bsec.cpp,560,esp-idf,log,component-local
esphome/components/bme680_bsec/bme680_bsec.cpp,565,esp-idf,log,component-local
esphome/components/bme68x_bsec2/bme68x_bsec2.cpp,34,esp-idf,log,component-local
esphome/components/bme68x_bsec2/bme68x_bsec2.cpp,43,esp-idf,log,component-local
esphome/components/bme68x_bsec2/bme68x_bsec2.cpp,50,esp-idf,log,component-local
esphome/components/bme68x_bsec2/bme68x_bsec2.cpp,58,esp-idf,log,component-local
esphome/components/bme68x_bsec2/bme68x_bsec2.cpp,78,esp-idf,log,component-local
esphome/components/bme68x_bsec2/bme68x_bsec2.cpp,81,esp-idf,log,component-local
esphome/components/bme68x_bsec2/bme68x_bsec2.cpp,141,esp-idf,log,component-local
esphome/components/bme68x_bsec2/bme68x_bsec2.cpp,223,esp-idf,log,component-local
esphome/components/bme68x_bsec2/bme68x_bsec2.cpp,228,esp-idf,log,component-local
esphome/components/bme68x_bsec2/bme68x_bsec2.cpp,248,esp-idf,log,component-local
esphome/components/bme68x_bsec2/bme68x_bsec2.cpp,271,esp-idf,log,component-local
esphome/components/bme68x_bsec2/bme68x_bsec2.cpp,278,esp-idf,log,component-local
esphome/components/bme68x_bsec2/bme68x_bsec2.cpp,286,esp-idf,log,component-local
esphome/components/bme68x_bsec2/bme68x_bsec2.cpp,290,esp-idf,log,component-local
esphome/components/bme68x_bsec2/bme68x_bsec2.cpp,297,esp-idf,log,component-local
esphome/components/bme68x_bsec2/bme68x_bsec2.cpp,300,esp-idf,log,component-local
esphome/components/bme68x_bsec2/bme68x_bsec2.cpp,309,esp-idf,log,component-local
esphome/components/bme68x_bsec2/bme68x_bsec2.cpp,313,esp-idf,log,component-local
esphome/components/bme68x_bsec2/bme68x_bsec2.cpp,317,esp-idf,log,component-local
esphome/components/bme68x_bsec2/bme68x_bsec2.cpp,356,esp-idf,log,component-local
esphome/components/bme68x_bsec2/bme68x_bsec2.cpp,368,esp-idf,log,component-local
esphome/components/bme68x_bsec2/bme68x_bsec2.cpp,376,esp-idf,log,component-local
esphome/components/bme68x_bsec2/bme68x_bsec2.cpp,380,esp-idf,log,component-local
esphome/components/bme68x_bsec2/bme68x_bsec2.cpp,389,esp-idf,log,component-local
esphome/components/bme68x_bsec2/bme68x_bsec2.cpp,491,esp-idf,log,component-local
esphome/components/bme68x_bsec2/bme68x_bsec2.cpp,496,esp-idf,log,component-local
esphome/components/bme68x_bsec2/bme68x_bsec2.cpp,498,esp-idf,log,component-local
esphome/components/bme68x_bsec2/bme68x_bsec2.cpp,507,esp-idf,log,component-local
esphome/components/bme68x_bsec2/bme68x_bsec2.cpp,516,esp-idf,log,component-local
esphome/components/bme68x_bsec2/bme68x_bsec2.cpp,521,esp-idf,log,component-local
esphome/components/bme68x_bsec2/bme68x_bsec2.cpp,526,esp-idf,log,component-local
esphome/components/bmi160/bmi160.cpp,128,esp-idf,log,component-local
esphome/components/bmi160/bmi160.cpp,133,esp-idf,log,component-local
esphome/components/bmi160/bmi160.cpp,140,esp-idf,log,component-local
esphome/components/bmi160/bmi160.cpp,145,esp-idf,log,component-local
esphome/components/bmi160/bmi160.cpp,151,esp-idf,log,component-local
esphome/components/bmi160/bmi160.cpp,153,esp-idf,log,component-local
esphome/components/bmi160/bmi160.cpp,158,esp-idf,log,component-local
esphome/components/bmi160/bmi160.cpp,160,esp-idf,log,component-local
esphome/components/bmi160/bmi160.cpp,166,esp-idf,log,component-local
esphome/components/bmi160/bmi160.cpp,169,esp-idf,log,component-local
esphome/components/bmi160/bmi160.cpp,174,esp-idf,log,component-local
esphome/components/bmi160/bmi160.cpp,176,esp-idf,log,component-local
esphome/components/bmi160/bmi160.cpp,191,esp-idf,log,component-local
esphome/components/bmi160/bmi160.cpp,221,esp-idf,log,component-local
esphome/components/bmi160/bmi160.cpp,242,esp-idf,log,component-local
esphome/components/bmi270/bmi270.cpp,10,arduino,guard,component-local
esphome/components/bmi270/bmi270.cpp,62,esp-idf,log,component-local
esphome/components/bmi270/bmi270.cpp,75,esp-idf,log,component-local
esphome/components/bmi270/bmi270.cpp,80,esp-idf,log,component-local
esphome/components/bmi270/bmi270.cpp,84,esp-idf,log,component-local
esphome/components/bmi270/bmi270.cpp,95,esp-idf,log,component-local
esphome/components/bmi270/bmi270.cpp,99,esp-idf,log,component-local
esphome/components/bmi270/bmi270.cpp,147,esp-idf,log,component-local
esphome/components/bmi270/bmi270.cpp,169,esp-idf,log,component-local
esphome/components/bmp085/bmp085.cpp,45,esp-idf,log,component-local
esphome/components/bmp085/bmp085.cpp,63,esp-idf,log,component-local
esphome/components/bmp085/bmp085.cpp,77,esp-idf,log,component-local
esphome/components/bmp085/bmp085.cpp,98,esp-idf,log,component-local
esphome/components/bmp085/bmp085.cpp,123,esp-idf,log,component-local
esphome/components/bmp085/bmp085.cpp,130,esp-idf,log,component-local
esphome/components/bmp280_base/bmp280_base.cpp,133,esp-idf,log,component-local
esphome/components/bmp280_base/bmp280_base.cpp,136,esp-idf,log,component-local
esphome/components/bmp280_base/bmp280_base.cpp,155,esp-idf,log,component-local
esphome/components/bmp280_base/bmp280_base.cpp,173,esp-idf,log,component-local
esphome/components/bmp280_base/bmp280_base.cpp,179,esp-idf,log,component-local
esphome/components/bmp280_base/bmp280_base.cpp,192,esp-idf,log,component-local
esphome/components/bmp280_spi/sensor.py,18,esp-idf,i2c-spi,python
esphome/components/bmp3xx_base/bmp3xx_base.cpp,47,esp-idf,log,component-local
esphome/components/bmp3xx_base/bmp3xx_base.cpp,53,esp-idf,log,component-local
esphome/components/bmp3xx_base/bmp3xx_base.cpp,61,esp-idf,log,component-local
esphome/components/bmp3xx_base/bmp3xx_base.cpp,70,esp-idf,log,component-local
esphome/components/bmp3xx_base/bmp3xx_base.cpp,93,esp-idf,log,component-local
esphome/components/bmp3xx_base/bmp3xx_base.cpp,114,esp-idf,log,component-local
esphome/components/bmp3xx_base/bmp3xx_base.cpp,130,esp-idf,log,component-local
esphome/components/bmp3xx_base/bmp3xx_base.cpp,133,esp-idf,log,component-local
esphome/components/bmp3xx_base/bmp3xx_base.cpp,137,esp-idf,log,component-local
esphome/components/bmp3xx_base/bmp3xx_base.cpp,140,esp-idf,log,component-local
esphome/components/bmp3xx_base/bmp3xx_base.cpp,159,esp-idf,log,component-local
esphome/components/bmp3xx_base/bmp3xx_base.cpp,166,esp-idf,log,component-local
esphome/components/bmp3xx_base/bmp3xx_base.cpp,178,esp-idf,log,component-local
esphome/components/bmp3xx_base/bmp3xx_base.cpp,182,esp-idf,log,component-local
esphome/components/bmp3xx_base/bmp3xx_base.cpp,185,esp-idf,log,component-local
esphome/components/bmp3xx_base/bmp3xx_base.cpp,189,esp-idf,log,component-local
esphome/components/bmp3xx_base/bmp3xx_base.cpp,249,esp-idf,log,component-local
esphome/components/bmp3xx_base/bmp3xx_base.cpp,269,esp-idf,log,component-local
esphome/components/bmp3xx_base/bmp3xx_base.cpp,276,esp-idf,log,component-local
esphome/components/bmp3xx_base/bmp3xx_base.cpp,309,esp-idf,log,component-local
esphome/components/bmp3xx_base/bmp3xx_base.cpp,315,esp-idf,log,component-local
esphome/components/bmp3xx_spi/sensor.py,17,esp-idf,i2c-spi,python
esphome/components/bmp581_base/bmp581_base.cpp,43,esp-idf,log,component-local
esphome/components/bmp581_base/bmp581_base.cpp,46,esp-idf,log,component-local
esphome/components/bmp581_base/bmp581_base.cpp,49,esp-idf,log,component-local
esphome/components/bmp581_base/bmp581_base.cpp,52,esp-idf,log,component-local
esphome/components/bmp581_base/bmp581_base.cpp,55,esp-idf,log,component-local
esphome/components/bmp581_base/bmp581_base.cpp,58,esp-idf,log,component-local
esphome/components/bmp581_base/bmp581_base.cpp,104,esp-idf,log,component-local
esphome/components/bmp581_base/bmp581_base.cpp,120,esp-idf,log,component-local
esphome/components/bmp581_base/bmp581_base.cpp,130,esp-idf,log,component-local
esphome/components/bmp581_base/bmp581_base.cpp,143,esp-idf,log,component-local
esphome/components/bmp581_base/bmp581_base.cpp,153,esp-idf,log,component-local
esphome/components/bmp581_base/bmp581_base.cpp,163,esp-idf,log,component-local
esphome/components/bmp581_base/bmp581_base.cpp,177,esp-idf,log,component-local
esphome/components/bmp581_base/bmp581_base.cpp,199,esp-idf,log,component-local
esphome/components/bmp581_base/bmp581_base.cpp,219,esp-idf,log,component-local
esphome/components/bmp581_base/bmp581_base.cpp,228,esp-idf,log,component-local
esphome/components/bmp581_base/bmp581_base.cpp,263,esp-idf,log,component-local
esphome/components/bmp581_base/bmp581_base.cpp,285,esp-idf,log,component-local
esphome/components/bmp581_base/bmp581_base.cpp,292,esp-idf,log,component-local
esphome/components/bmp581_base/bmp581_base.cpp,323,esp-idf,log,component-local
esphome/components/bmp581_base/bmp581_base.cpp,330,esp-idf,log,component-local
esphome/components/bmp581_base/bmp581_base.cpp,363,esp-idf,log,component-local
esphome/components/bmp581_base/bmp581_base.cpp,371,esp-idf,log,component-local
esphome/components/bmp581_base/bmp581_base.cpp,381,esp-idf,log,component-local
esphome/components/bmp581_base/bmp581_base.cpp,393,esp-idf,log,component-local
esphome/components/bmp581_base/bmp581_base.cpp,401,esp-idf,log,component-local
esphome/components/bmp581_base/bmp581_base.cpp,417,esp-idf,log,component-local
esphome/components/bmp581_base/bmp581_base.cpp,425,esp-idf,log,component-local
esphome/components/bmp581_base/bmp581_base.cpp,446,esp-idf,log,component-local
esphome/components/bmp581_base/bmp581_base.cpp,454,esp-idf,log,component-local
esphome/components/bmp581_base/bmp581_base.cpp,483,esp-idf,log,component-local
esphome/components/bmp581_base/bmp581_base.cpp,496,esp-idf,log,component-local
esphome/components/bmp581_spi/sensor.py,40,esp-idf,i2c-spi,python
esphome/components/bthome_mithermometer/bthome_ble.cpp,17,esp-idf,include,component-local
esphome/components/bthome_mithermometer/bthome_ble.cpp,182,esp-idf,log,component-local
esphome/components/bthome_mithermometer/bthome_ble.cpp,292,esp-idf,log,component-local
esphome/components/bthome_mithermometer/bthome_ble.cpp,301,esp-idf,log,component-local
esphome/components/bthome_mithermometer/bthome_ble.cpp,431,esp-idf,log,component-local
esphome/components/button/button.cpp,19,esp-idf,log,component-local
esphome/components/camera_encoder/esp32_camera_jpeg_encoder.cpp,5,esp-idf,include,component-local
esphome/components/camera_encoder/esp32_camera_jpeg_encoder.cpp,32,esp-idf,log,component-local
esphome/components/camera_encoder/esp32_camera_jpeg_encoder.cpp,37,esp-idf,log,component-local
esphome/components/camera_encoder/esp32_camera_jpeg_encoder.h,7,esp-idf,include,component-local
esphome/components/canbus/canbus.cpp,11,esp-idf,log,component-local
esphome/components/canbus/canbus.cpp,30,esp-idf,log,component-local
esphome/components/canbus/canbus.cpp,33,esp-idf,log,component-local
esphome/components/canbus/canbus.cpp,51,esp-idf,log,component-local
esphome/components/canbus/canbus.cpp,53,esp-idf,log,component-local
esphome/components/canbus/canbus.cpp,75,esp-idf,log,component-local
esphome/components/canbus/canbus.cpp,78,esp-idf,log,component-local
esphome/components/canbus/canbus.cpp,86,esp-idf,log,component-local
esphome/components/cap1188/cap1188.cpp,76,esp-idf,log,component-local
esphome/components/captive_portal/captive_portal.cpp,66,esp-idf,log,component-local
esphome/components/captive_portal/captive_portal.cpp,92,esp-idf,log,component-local
esphome/components/captive_portal/captive_portal.cpp,105,arduino,ipaddress,component-local
esphome/components/captive_portal/captive_portal.cpp,111,arduino,guard,component-local
esphome/components/captive_portal/captive_portal.cpp,123,esp-idf,log,component-local
esphome/components/captive_portal/captive_portal.h,7,arduino,guard,component-local
esphome/components/captive_portal/captive_portal.h,27,arduino,guard,component-local
esphome/components/captive_portal/captive_portal.h,63,arduino,guard,component-local
esphome/components/captive_portal/dns_server_esp32_idf.cpp,7,lwip,include,component-local
esphome/components/captive_portal/dns_server_esp32_idf.cpp,8,lwip,include,component-local
esphome/components/captive_portal/dns_server_esp32_idf.cpp,49,arduino,ipaddress,component-local
esphome/components/captive_portal/dns_server_esp32_idf.cpp,53,esp-idf,log,component-local
esphome/components/captive_portal/dns_server_esp32_idf.cpp,59,esp-idf,log,component-local
esphome/components/captive_portal/dns_server_esp32_idf.cpp,73,esp-idf,log,component-local
esphome/components/captive_portal/dns_server_esp32_idf.cpp,77,esp-idf,log,component-local
esphome/components/captive_portal/dns_server_esp32_idf.cpp,82,esp-idf,log,component-local
esphome/components/captive_portal/dns_server_esp32_idf.cpp,105,esp-idf,log,component-local
esphome/components/captive_portal/dns_server_esp32_idf.cpp,113,esp-idf,log,component-local
esphome/components/captive_portal/dns_server_esp32_idf.cpp,124,esp-idf,log,component-local
esphome/components/captive_portal/dns_server_esp32_idf.cpp,162,esp-idf,log,component-local
esphome/components/captive_portal/dns_server_esp32_idf.cpp,176,esp-idf,log,component-local
esphome/components/captive_portal/dns_server_esp32_idf.cpp,190,lwip,addr-type,component-local
esphome/components/captive_portal/dns_server_esp32_idf.cpp,199,esp-idf,log,component-local
esphome/components/captive_portal/dns_server_esp32_idf.cpp,201,esp-idf,log,component-local
esphome/components/captive_portal/dns_server_esp32_idf.h,12,arduino,ipaddress,component-local
esphome/components/captive_portal/dns_server_esp32_idf.h,26,arduino,ipaddress,component-local
esphome/components/cc1101/__init__.py,322,esp-idf,i2c-spi,python
esphome/components/cc1101/cc1101.cpp,105,esp-idf,iram-attr,component-local
esphome/components/cc1101/cc1101.cpp,148,esp-idf,log,component-local
esphome/components/cc1101/cc1101.cpp,150,esp-idf,log,component-local
esphome/components/cc1101/cc1101.cpp,190,esp-idf,log,component-local
esphome/components/cc1101/cc1101.cpp,207,esp-idf,log,component-local
esphome/components/cc1101/cc1101.cpp,258,esp-idf,log,component-local
esphome/components/cc1101/cc1101.cpp,267,esp-idf,log,component-local
esphome/components/cc1101/cc1101.cpp,272,esp-idf,log,component-local
esphome/components/cc1101/cc1101.cpp,279,esp-idf,log,component-local
esphome/components/cc1101/cc1101.cpp,289,esp-idf,log,component-local
esphome/components/cc1101/cc1101.cpp,317,esp-idf,log,component-local
esphome/components/cc1101/cc1101.cpp,320,esp-idf,log,component-local
esphome/components/cc1101/cc1101.cpp,397,esp-idf,log,component-local
esphome/components/cc1101/cc1101.cpp,406,esp-idf,log,component-local
esphome/components/cc1101/cc1101.h,108,esp-idf,iram-attr,component-local
esphome/components/ccs811/ccs811.cpp,79,esp-idf,log,component-local
esphome/components/ccs811/ccs811.cpp,85,esp-idf,log,component-local
esphome/components/ccs811/ccs811.cpp,91,esp-idf,log,component-local
esphome/components/ccs811/ccs811.cpp,99,esp-idf,log,component-local
esphome/components/ccs811/ccs811.cpp,114,esp-idf,log,component-local
esphome/components/ccs811/ccs811.cpp,166,esp-idf,log,component-local
esphome/components/ccs811/ccs811.cpp,169,esp-idf,log,component-local
esphome/components/ccs811/ccs811.cpp,172,esp-idf,log,component-local
esphome/components/ccs811/ccs811.cpp,175,esp-idf,log,component-local
esphome/components/ccs811/ccs811.cpp,178,esp-idf,log,component-local
esphome/components/ccs811/ccs811.cpp,182,esp-idf,log,component-local
esphome/components/cd74hc4067/cd74hc4067.cpp,33,esp-idf,log,component-local
esphome/components/ch422g/ch422g.cpp,20,esp-idf,log,component-local
esphome/components/ch422g/ch422g.cpp,38,esp-idf,log,component-local
esphome/components/ch423/ch423.cpp,27,esp-idf,log,component-local
esphome/components/ch423/ch423.cpp,44,esp-idf,log,component-local
esphome/components/climate/climate.cpp,49,esp-idf,log,component-local
esphome/components/climate/climate.cpp,53,esp-idf,log,component-local
esphome/components/climate/climate.cpp,57,esp-idf,log,component-local
esphome/components/climate/climate.cpp,62,esp-idf,log,component-local
esphome/components/climate/climate.cpp,66,esp-idf,log,component-local
esphome/components/climate/climate.cpp,71,esp-idf,log,component-local
esphome/components/climate/climate.cpp,75,esp-idf,log,component-local
esphome/components/climate/climate.cpp,78,esp-idf,log,component-local
esphome/components/climate/climate.cpp,81,esp-idf,log,component-local
esphome/components/climate/climate.cpp,84,esp-idf,log,component-local
esphome/components/climate/climate.cpp,87,esp-idf,log,component-local
esphome/components/climate/climate.cpp,97,esp-idf,log,component-local
esphome/components/climate/climate.cpp,103,esp-idf,log,component-local
esphome/components/climate/climate.cpp,109,esp-idf,log,component-local
esphome/components/climate/climate.cpp,115,esp-idf,log,component-local
esphome/components/climate/climate.cpp,121,esp-idf,log,component-local
esphome/components/climate/climate.cpp,128,esp-idf,log,component-local
esphome/components/climate/climate.cpp,136,esp-idf,log,component-local
esphome/components/climate/climate.cpp,140,esp-idf,log,component-local
esphome/components/climate/climate.cpp,147,esp-idf,log,component-local
esphome/components/climate/climate.cpp,153,esp-idf,log,component-local
esphome/components/climate/climate.cpp,157,esp-idf,log,component-local
esphome/components/climate/climate.cpp,164,esp-idf,log,component-local
esphome/components/climate/climate.cpp,186,esp-idf,log,component-local
esphome/components/climate/climate.cpp,217,esp-idf,log,component-local
esphome/components/climate/climate.cpp,255,esp-idf,log,component-local
esphome/components/climate/climate.cpp,283,esp-idf,log,component-local
esphome/components/climate/climate.cpp,438,esp-idf,log,component-local
esphome/components/climate/climate.cpp,441,esp-idf,log,component-local
esphome/components/climate/climate.cpp,443,esp-idf,log,component-local
esphome/components/climate/climate.cpp,446,esp-idf,log,component-local
esphome/components/climate/climate.cpp,449,esp-idf,log,component-local
esphome/components/climate/climate.cpp,452,esp-idf,log,component-local
esphome/components/climate/climate.cpp,455,esp-idf,log,component-local
esphome/components/climate/climate.cpp,458,esp-idf,log,component-local
esphome/components/climate/climate.cpp,461,esp-idf,log,component-local
esphome/components/climate/climate.cpp,465,esp-idf,log,component-local
esphome/components/climate/climate.cpp,468,esp-idf,log,component-local
esphome/components/climate/climate.cpp,471,esp-idf,log,component-local
esphome/components/climate/climate.cpp,474,esp-idf,log,component-local
esphome/components/climate/climate.cpp,559,esp-idf,log,component-local
esphome/components/climate_ir_lg/climate_ir_lg.cpp,126,esp-idf,log,component-local
esphome/components/climate_ir_lg/climate_ir_lg.cpp,131,esp-idf,log,component-local
esphome/components/climate_ir_lg/climate_ir_lg.cpp,172,esp-idf,log,component-local
esphome/components/climate_ir_lg/climate_ir_lg.cpp,233,esp-idf,log,component-local
esphome/components/climate_ir_lg/climate_ir_lg.cpp,240,esp-idf,log,component-local
esphome/components/climate_ir_lg/climate_ir_lg.cpp,248,esp-idf,log,component-local
esphome/components/climate_ir_lg/climate_ir_lg.cpp,284,esp-idf,log,component-local
esphome/components/climate_ir_lg/climate_ir_lg.cpp,319,esp-idf,log,component-local
esphome/components/climate_ir_lg/climate_ir_lg.cpp,340,esp-idf,log,component-local
esphome/components/climate_ir_lg/climate_ir_lg.cpp,368,esp-idf,log,component-local
esphome/components/cm1106/cm1106.cpp,24,esp-idf,log,component-local
esphome/components/cm1106/cm1106.cpp,33,esp-idf,log,component-local
esphome/components/cm1106/cm1106.cpp,39,esp-idf,log,component-local
esphome/components/cm1106/cm1106.cpp,47,esp-idf,log,component-local
esphome/components/cm1106/cm1106.cpp,55,esp-idf,log,component-local
esphome/components/cm1106/cm1106.cpp,68,esp-idf,log,component-local
esphome/components/cm1106/cm1106.cpp,75,esp-idf,log,component-local
esphome/components/cm1106/cm1106.cpp,82,esp-idf,log,component-local
esphome/components/cm1106/cm1106.cpp,104,esp-idf,log,component-local
esphome/components/coolix/coolix.cpp,103,esp-idf,log,component-local
esphome/components/coolix/coolix.cpp,113,esp-idf,log,component-local
esphome/components/cover/cover.cpp,42,esp-idf,log,component-local
esphome/components/cover/cover.cpp,71,esp-idf,log,component-local
esphome/components/cover/cover.cpp,75,esp-idf,log,component-local
esphome/components/cover/cover.cpp,79,esp-idf,log,component-local
esphome/components/cover/cover.cpp,81,esp-idf,log,component-local
esphome/components/cover/cover.cpp,85,esp-idf,log,component-local
esphome/components/cover/cover.cpp,88,esp-idf,log,component-local
esphome/components/cover/cover.cpp,102,esp-idf,log,component-local
esphome/components/cover/cover.cpp,105,esp-idf,log,component-local
esphome/components/cover/cover.cpp,112,esp-idf,log,component-local
esphome/components/cover/cover.cpp,115,esp-idf,log,component-local
esphome/components/cover/cover.cpp,121,esp-idf,log,component-local
esphome/components/cover/cover.cpp,127,esp-idf,log,component-local
esphome/components/cover/cover.cpp,142,esp-idf,log,component-local
esphome/components/cover/cover.cpp,145,esp-idf,log,component-local
esphome/components/cover/cover.cpp,148,esp-idf,log,component-local
esphome/components/cover/cover.cpp,150,esp-idf,log,component-local
esphome/components/cover/cover.cpp,152,esp-idf,log,component-local
esphome/components/cover/cover.cpp,156,esp-idf,log,component-local
esphome/components/cover/cover.cpp,158,esp-idf,log,component-local
esphome/components/cs5460a/cs5460a.cpp,80,esp-idf,log,component-local
esphome/components/cs5460a/cs5460a.cpp,179,esp-idf,log,component-local
esphome/components/cs5460a/cs5460a.cpp,185,esp-idf,log,component-local
esphome/components/cs5460a/cs5460a.cpp,191,esp-idf,log,component-local
esphome/components/cs5460a/cs5460a.cpp,197,esp-idf,log,component-local
esphome/components/cs5460a/cs5460a.cpp,203,esp-idf,log,component-local
esphome/components/cs5460a/cs5460a.cpp,209,esp-idf,log,component-local
esphome/components/cs5460a/cs5460a.cpp,215,esp-idf,log,component-local
esphome/components/cs5460a/cs5460a.cpp,221,esp-idf,log,component-local
esphome/components/cs5460a/cs5460a.cpp,227,esp-idf,log,component-local
esphome/components/cs5460a/cs5460a.cpp,233,esp-idf,log,component-local
esphome/components/cs5460a/cs5460a.cpp,239,esp-idf,log,component-local
esphome/components/cs5460a/cs5460a.cpp,245,esp-idf,log,component-local
esphome/components/cs5460a/cs5460a.cpp,252,esp-idf,log,component-local
esphome/components/cs5460a/sensor.py,106,esp-idf,i2c-spi,python
esphome/components/cse7761/cse7761.cpp,48,esp-idf,log,component-local
esphome/components/cse7761/cse7761.cpp,58,esp-idf,log,component-local
esphome/components/cse7761/cse7761.cpp,113,esp-idf,log,component-local
esphome/components/cse7761/cse7761.cpp,143,esp-idf,log,component-local
esphome/components/cse7761/cse7761.cpp,172,esp-idf,log,component-local
esphome/components/cse7761/cse7761.cpp,187,esp-idf,log,component-local
esphome/components/cse7761/cse7761.cpp,226,esp-idf,log,component-local
esphome/components/cse7766/cse7766.cpp,63,esp-idf,log,component-local
esphome/components/cse7766/cse7766.cpp,76,esp-idf,log,component-local
esphome/components/cse7766/cse7766.cpp,97,esp-idf,log,component-local
esphome/components/cse7766/cse7766.cpp,104,esp-idf,log,component-local
esphome/components/cse7766/cse7766.cpp,106,esp-idf,log,component-local
esphome/components/cse7766/cse7766.cpp,109,esp-idf,log,component-local
esphome/components/cse7766/cse7766.cpp,112,esp-idf,log,component-local
esphome/components/cse7766/cse7766.cpp,198,esp-idf,log,component-local
esphome/components/cse7766/cse7766.cpp,209,esp-idf,log,component-local
esphome/components/cse7766/cse7766.cpp,217,esp-idf,log,component-local
esphome/components/cse7766/cse7766.cpp,219,esp-idf,log,component-local
esphome/components/cst226/touchscreen/cst226_touchscreen.cpp,51,esp-idf,log,component-local
esphome/components/cst226/touchscreen/cst226_touchscreen.cpp,60,esp-idf,log,component-local
esphome/components/cst226/touchscreen/cst226_touchscreen.cpp,74,esp-idf,log,component-local
esphome/components/cst328/touchscreen/cst328_touchscreen.cpp,19,esp-idf,log,component-local
esphome/components/cst328/touchscreen/cst328_touchscreen.cpp,28,esp-idf,log,component-local
esphome/components/cst328/touchscreen/cst328_touchscreen.cpp,53,esp-idf,log,component-local
esphome/components/cst328/touchscreen/cst328_touchscreen.cpp,64,esp-idf,log,component-local
esphome/components/cst328/touchscreen/cst328_touchscreen.cpp,74,esp-idf,log,component-local
esphome/components/cst328/touchscreen/cst328_touchscreen.cpp,80,esp-idf,log,component-local
esphome/components/cst328/touchscreen/cst328_touchscreen.cpp,101,esp-idf,log,component-local
esphome/components/cst328/touchscreen/cst328_touchscreen.cpp,135,esp-idf,log,component-local
esphome/components/cst328/touchscreen/cst328_touchscreen.cpp,164,esp-idf,log,component-local
esphome/components/cst816/touchscreen/cst816_touchscreen.cpp,38,esp-idf,log,component-local
esphome/components/cst816/touchscreen/cst816_touchscreen.cpp,80,esp-idf,log,component-local
esphome/components/cst9220/touchscreen/cst9220_touchscreen.cpp,45,esp-idf,log,component-local
esphome/components/cst9220/touchscreen/cst9220_touchscreen.cpp,68,esp-idf,log,component-local
esphome/components/cst9220/touchscreen/cst9220_touchscreen.cpp,122,esp-idf,log,component-local
esphome/components/ct_clamp/ct_clamp_sensor.cpp,40,esp-idf,log,component-local
esphome/components/current_based/current_based_cover.cpp,70,esp-idf,log,component-local
esphome/components/current_based/current_based_cover.cpp,73,esp-idf,log,component-local
esphome/components/current_based/current_based_cover.cpp,77,esp-idf,log,component-local
esphome/components/current_based/current_based_cover.cpp,84,esp-idf,log,component-local
esphome/components/current_based/current_based_cover.cpp,91,esp-idf,log,component-local
esphome/components/current_based/current_based_cover.cpp,94,esp-idf,log,component-local
esphome/components/current_based/current_based_cover.cpp,98,esp-idf,log,component-local
esphome/components/current_based/current_based_cover.cpp,105,esp-idf,log,component-local
esphome/components/current_based/current_based_cover.cpp,110,esp-idf,log,component-local
esphome/components/d01/d01.cpp,36,esp-idf,log,component-local
esphome/components/d01/d01.cpp,40,esp-idf,log,component-local
esphome/components/dac7678/dac7678_output.cpp,22,esp-idf,log,component-local
esphome/components/dac7678/dac7678_output.cpp,26,esp-idf,log,component-local
esphome/components/dac7678/dac7678_output.cpp,30,esp-idf,log,component-local
esphome/components/dac7678/dac7678_output.cpp,38,esp-idf,log,component-local
esphome/components/dac7678/dac7678_output.cpp,42,esp-idf,log,component-local
esphome/components/dac7678/dac7678_output.cpp,49,esp-idf,log,component-local
esphome/components/dac7678/dac7678_output.cpp,60,esp-idf,log,component-local
esphome/components/dac7678/dac7678_output.cpp,67,esp-idf,log,component-local
esphome/components/daikin_arc/daikin_arc.cpp,94,esp-idf,log,component-local
esphome/components/daikin_arc/daikin_arc.cpp,254,esp-idf,log,component-local
esphome/components/daikin_arc/daikin_arc.cpp,263,esp-idf,log,component-local
esphome/components/daikin_arc/daikin_arc.cpp,367,esp-idf,log,component-local
esphome/components/daikin_arc/daikin_arc.cpp,375,esp-idf,log,component-local
esphome/components/daikin_arc/daikin_arc.cpp,411,esp-idf,log,component-local
esphome/components/daikin_arc/daikin_arc.cpp,419,esp-idf,log,component-local
esphome/components/daikin_arc/daikin_arc.cpp,429,esp-idf,log,component-local
esphome/components/daikin_arc/daikin_arc.cpp,437,esp-idf,log,component-local
esphome/components/daikin_arc/daikin_arc.cpp,443,esp-idf,log,component-local
esphome/components/daikin_arc/daikin_arc.cpp,449,esp-idf,log,component-local
esphome/components/daikin_arc/daikin_arc.cpp,455,esp-idf,log,component-local
esphome/components/daikin_arc/daikin_arc.cpp,461,esp-idf,log,component-local
esphome/components/daikin_arc/daikin_arc.cpp,478,esp-idf,log,component-local
esphome/components/dallas_temp/dallas_temp.cpp,31,esp-idf,log,component-local
esphome/components/dallas_temp/dallas_temp.cpp,54,esp-idf,log,component-local
esphome/components/dallas_temp/dallas_temp.cpp,66,esp-idf,log,component-local
esphome/components/dallas_temp/dallas_temp.cpp,82,esp-idf,log,component-local
esphome/components/dallas_temp/dallas_temp.cpp,128,esp-idf,log,component-local
esphome/components/dallas_temp/dallas_temp.cpp,162,esp-idf,log,component-local
esphome/components/daly_bms/daly_bms.cpp,36,esp-idf,log,component-local
esphome/components/daly_bms/daly_bms.cpp,122,esp-idf,log,component-local
esphome/components/daly_bms/daly_bms.cpp,311,esp-idf,log,component-local
esphome/components/datetime/date_entity.cpp,19,esp-idf,log,component-local
esphome/components/datetime/date_entity.cpp,24,esp-idf,log,component-local
esphome/components/datetime/date_entity.cpp,29,esp-idf,log,component-local
esphome/components/datetime/date_entity.cpp,33,esp-idf,log,component-local
esphome/components/datetime/date_entity.cpp,42,esp-idf,log,component-local
esphome/components/datetime/date_entity.cpp,48,esp-idf,log,component-local
esphome/components/datetime/date_entity.cpp,61,esp-idf,log,component-local
esphome/components/datetime/date_entity.cpp,71,esp-idf,log,component-local
esphome/components/datetime/date_entity.cpp,76,esp-idf,log,component-local
esphome/components/datetime/date_entity.cpp,84,esp-idf,log,component-local
esphome/components/datetime/date_entity.cpp,87,esp-idf,log,component-local
esphome/components/datetime/date_entity.cpp,90,esp-idf,log,component-local
esphome/components/datetime/date_entity.cpp,93,esp-idf,log,component-local
esphome/components/datetime/date_entity.cpp,110,esp-idf,log,component-local
esphome/components/datetime/datetime_entity.cpp,19,esp-idf,log,component-local
esphome/components/datetime/datetime_entity.cpp,24,esp-idf,log,component-local
esphome/components/datetime/datetime_entity.cpp,29,esp-idf,log,component-local
esphome/components/datetime/datetime_entity.cpp,34,esp-idf,log,component-local
esphome/components/datetime/datetime_entity.cpp,39,esp-idf,log,component-local
esphome/components/datetime/datetime_entity.cpp,44,esp-idf,log,component-local
esphome/components/datetime/datetime_entity.cpp,48,esp-idf,log,component-local
esphome/components/datetime/datetime_entity.cpp,73,esp-idf,log,component-local
esphome/components/datetime/datetime_entity.cpp,79,esp-idf,log,component-local
esphome/components/datetime/datetime_entity.cpp,92,esp-idf,log,component-local
esphome/components/datetime/datetime_entity.cpp,102,esp-idf,log,component-local
esphome/components/datetime/datetime_entity.cpp,107,esp-idf,log,component-local
esphome/components/datetime/datetime_entity.cpp,113,esp-idf,log,component-local
esphome/components/datetime/datetime_entity.cpp,117,esp-idf,log,component-local
esphome/components/datetime/datetime_entity.cpp,121,esp-idf,log,component-local
esphome/components/datetime/datetime_entity.cpp,128,esp-idf,log,component-local
esphome/components/datetime/datetime_entity.cpp,131,esp-idf,log,component-local
esphome/components/datetime/datetime_entity.cpp,134,esp-idf,log,component-local
esphome/components/datetime/datetime_entity.cpp,137,esp-idf,log,component-local
esphome/components/datetime/datetime_entity.cpp,140,esp-idf,log,component-local
esphome/components/datetime/datetime_entity.cpp,143,esp-idf,log,component-local
esphome/components/datetime/datetime_entity.cpp,146,esp-idf,log,component-local
esphome/components/datetime/datetime_entity.cpp,170,esp-idf,log,component-local
esphome/components/datetime/datetime_entity.cpp,212,esp-idf,log,component-local
esphome/components/datetime/datetime_entity.cpp,218,esp-idf,log,component-local
esphome/components/datetime/datetime_entity.cpp,237,esp-idf,log,component-local
esphome/components/datetime/datetime_entity.cpp,238,esp-idf,log,component-local
esphome/components/datetime/time_entity.cpp,15,esp-idf,log,component-local
esphome/components/datetime/time_entity.cpp,20,esp-idf,log,component-local
esphome/components/datetime/time_entity.cpp,25,esp-idf,log,component-local
esphome/components/datetime/time_entity.cpp,29,esp-idf,log,component-local
esphome/components/datetime/time_entity.cpp,38,esp-idf,log,component-local
esphome/components/datetime/time_entity.cpp,42,esp-idf,log,component-local
esphome/components/datetime/time_entity.cpp,46,esp-idf,log,component-local
esphome/components/datetime/time_entity.cpp,53,esp-idf,log,component-local
esphome/components/datetime/time_entity.cpp,55,esp-idf,log,component-local
esphome/components/datetime/time_entity.cpp,58,esp-idf,log,component-local
esphome/components/datetime/time_entity.cpp,61,esp-idf,log,component-local
esphome/components/datetime/time_entity.cpp,78,esp-idf,log,component-local
esphome/components/datetime/time_entity.cpp,112,esp-idf,log,component-local
esphome/components/datetime/time_entity.cpp,118,esp-idf,log,component-local
esphome/components/datetime/time_entity.cpp,137,esp-idf,log,component-local
esphome/components/datetime/time_entity.cpp,138,esp-idf,log,component-local
esphome/components/debug/debug_component.cpp,31,esp-idf,log,component-local
esphome/components/debug/debug_component.cpp,35,esp-idf,log,component-local
esphome/components/debug/debug_component.cpp,60,esp-idf,log,component-local
esphome/components/debug/debug_esp32.cpp,8,esp-idf,include,component-local
esphome/components/debug/debug_esp32.cpp,9,esp-idf,include,component-local
esphome/components/debug/debug_esp32.cpp,11,esp-idf,include,component-local
esphome/components/debug/debug_esp32.cpp,12,esp-idf,include,component-local
esphome/components/debug/debug_esp32.cpp,13,esp-idf,include,component-local
esphome/components/debug/debug_esp32.cpp,14,esp-idf,include,component-local
esphome/components/debug/debug_esp32.cpp,16,arduino,guard,component-local
esphome/components/debug/debug_esp32.cpp,58,esp-idf,log,component-local
esphome/components/debug/debug_esp32.cpp,177,esp-idf,heap-caps,component-local
esphome/components/debug/debug_esp32.cpp,196,arduino,guard,component-local
esphome/components/debug/debug_esp32.cpp,260,esp-idf,log,component-local
esphome/components/debug/debug_esp32.cpp,272,arduino,guard,component-local
esphome/components/debug/debug_esp32.cpp,273,esp-idf,log,component-local
esphome/components/debug/debug_esp32.cpp,276,arduino,guard,component-local
esphome/components/debug/debug_esp32.cpp,277,esp-idf,log,component-local
esphome/components/debug/debug_esp32.cpp,280,esp-idf,log,component-local
esphome/components/debug/debug_esp32.cpp,298,esp-idf,heap-caps,component-local
esphome/components/debug/debug_esp32.cpp,303,esp-idf,heap-caps,component-local
esphome/components/debug/debug_esp32.cpp,306,esp-idf,heap-caps,component-local
esphome/components/debug/debug_esp32.cpp,313,esp-idf,heap-caps,component-local
esphome/components/debug/debug_esp8266.cpp,111,esp-idf,log,component-local
esphome/components/debug/debug_esp8266.cpp,129,esp-idf,log,component-local
esphome/components/debug/debug_libretiny.cpp,28,esp-idf,log,component-local
esphome/components/debug/debug_rp2.cpp,80,esp-idf,log,component-local
esphome/components/debug/debug_zephyr.cpp,7,esp-idf,include,component-local
esphome/components/debug/debug_zephyr.cpp,54,esp-idf,log,component-local
esphome/components/debug/debug_zephyr.cpp,106,esp-idf,log,component-local
esphome/components/debug/debug_zephyr.cpp,107,esp-idf,log,component-local
esphome/components/debug/debug_zephyr.cpp,110,esp-idf,log,component-local
esphome/components/debug/debug_zephyr.cpp,113,esp-idf,log,component-local
esphome/components/debug/debug_zephyr.cpp,116,esp-idf,log,component-local
esphome/components/debug/debug_zephyr.cpp,119,esp-idf,log,component-local
esphome/components/debug/debug_zephyr.cpp,122,esp-idf,log,component-local
esphome/components/debug/debug_zephyr.cpp,125,esp-idf,log,component-local
esphome/components/debug/debug_zephyr.cpp,128,esp-idf,log,component-local
esphome/components/debug/debug_zephyr.cpp,131,esp-idf,log,component-local
esphome/components/debug/debug_zephyr.cpp,169,esp-idf,log,component-local
esphome/components/debug/debug_zephyr.cpp,177,esp-idf,log,component-local
esphome/components/debug/debug_zephyr.cpp,184,esp-idf,log,component-local
esphome/components/debug/debug_zephyr.cpp,188,esp-idf,log,component-local
esphome/components/debug/debug_zephyr.cpp,194,esp-idf,log,component-local
esphome/components/debug/debug_zephyr.cpp,209,esp-idf,log,component-local
esphome/components/debug/debug_zephyr.cpp,315,esp-idf,log,component-local
esphome/components/debug/debug_zephyr.cpp,321,esp-idf,log,component-local
esphome/components/debug/debug_zephyr.cpp,326,esp-idf,log,component-local
esphome/components/debug/debug_zephyr.cpp,344,esp-idf,log,component-local
esphome/components/debug/debug_zephyr.cpp,360,esp-idf,log,component-local
esphome/components/debug/debug_zephyr.cpp,367,esp-idf,log,component-local
esphome/components/debug/debug_zephyr.cpp,370,esp-idf,log,component-local
esphome/components/debug/debug_zephyr.cpp,372,esp-idf,log,component-local
esphome/components/debug/debug_zephyr.cpp,374,esp-idf,log,component-local
esphome/components/debug/debug_zephyr.cpp,376,esp-idf,log,component-local
esphome/components/debug/debug_zephyr.cpp,387,esp-idf,log,component-local
esphome/components/debug/debug_zephyr.cpp,391,esp-idf,log,component-local
esphome/components/debug/debug_zephyr.cpp,396,esp-idf,log,component-local
esphome/components/debug/debug_zephyr.cpp,412,esp-idf,log,component-local
esphome/components/debug/debug_zephyr.cpp,413,esp-idf,log,component-local
esphome/components/deep_sleep/deep_sleep_bk72xx.cpp,45,esp-idf,log,component-local
esphome/components/deep_sleep/deep_sleep_bk72xx.cpp,62,esp-idf,log,component-local
esphome/components/deep_sleep/deep_sleep_component.cpp,22,esp-idf,log,component-local
esphome/components/deep_sleep/deep_sleep_component.cpp,25,esp-idf,log,component-local
esphome/components/deep_sleep/deep_sleep_component.cpp,56,esp-idf,log,component-local
esphome/components/deep_sleep/deep_sleep_component.cpp,58,esp-idf,log,component-local
esphome/components/deep_sleep/deep_sleep_component.h,8,esp-idf,include,component-local
esphome/components/deep_sleep/deep_sleep_esp32.cpp,2,esp-idf,include,component-local
esphome/components/deep_sleep/deep_sleep_esp32.cpp,3,esp-idf,include,component-local
esphome/components/deep_sleep/deep_sleep_esp32.cpp,6,esp-idf,include,component-local
esphome/components/deep_sleep/deep_sleep_esp32.cpp,101,esp-idf,log,component-local
esphome/components/deep_sleep/deep_sleep_esp32.cpp,126,esp-idf,gpio,component-local
esphome/components/deep_sleep/deep_sleep_zephyr.cpp,60,esp-idf,log,component-local
esphome/components/deep_sleep/deep_sleep_zephyr.cpp,62,esp-idf,log,component-local
esphome/components/dew_point/dew_point.cpp,50,esp-idf,log,component-local
esphome/components/dew_point/dew_point.cpp,57,esp-idf,log,component-local
esphome/components/dew_point/dew_point.cpp,78,esp-idf,log,component-local
esphome/components/dfplayer/dfplayer.cpp,11,esp-idf,log,component-local
esphome/components/dfplayer/dfplayer.cpp,17,esp-idf,log,component-local
esphome/components/dfplayer/dfplayer.cpp,22,esp-idf,log,component-local
esphome/components/dfplayer/dfplayer.cpp,28,esp-idf,log,component-local
esphome/components/dfplayer/dfplayer.cpp,34,esp-idf,log,component-local
esphome/components/dfplayer/dfplayer.cpp,40,esp-idf,log,component-local
esphome/components/dfplayer/dfplayer.cpp,45,esp-idf,log,component-local
esphome/components/dfplayer/dfplayer.cpp,50,esp-idf,log,component-local
esphome/components/dfplayer/dfplayer.cpp,55,esp-idf,log,component-local
esphome/components/dfplayer/dfplayer.cpp,60,esp-idf,log,component-local
esphome/components/dfplayer/dfplayer.cpp,65,esp-idf,log,component-local
esphome/components/dfplayer/dfplayer.cpp,71,esp-idf,log,component-local
esphome/components/dfplayer/dfplayer.cpp,77,esp-idf,log,component-local
esphome/components/dfplayer/dfplayer.cpp,83,esp-idf,log,component-local
esphome/components/dfplayer/dfplayer.cpp,89,esp-idf,log,component-local
esphome/components/dfplayer/dfplayer.cpp,95,esp-idf,log,component-local
esphome/components/dfplayer/dfplayer.cpp,101,esp-idf,log,component-local
esphome/components/dfplayer/dfplayer.cpp,106,esp-idf,log,component-local
esphome/components/dfplayer/dfplayer.cpp,114,esp-idf,log,component-local
esphome/components/dfplayer/dfplayer.cpp,129,esp-idf,log,component-local
esphome/components/dfplayer/dfplayer.cpp,156,esp-idf,log,component-local
esphome/components/dfplayer/dfplayer.cpp,163,esp-idf,log,component-local
esphome/components/dfplayer/dfplayer.cpp,179,esp-idf,log,component-local
esphome/components/dfplayer/dfplayer.cpp,187,esp-idf,log,component-local
esphome/components/dfplayer/dfplayer.cpp,192,esp-idf,log,component-local
esphome/components/dfplayer/dfplayer.cpp,194,esp-idf,log,component-local
esphome/components/dfplayer/dfplayer.cpp,199,esp-idf,log,component-local
esphome/components/dfplayer/dfplayer.cpp,201,esp-idf,log,component-local
esphome/components/dfplayer/dfplayer.cpp,206,esp-idf,log,component-local
esphome/components/dfplayer/dfplayer.cpp,208,esp-idf,log,component-local
esphome/components/dfplayer/dfplayer.cpp,210,esp-idf,log,component-local
esphome/components/dfplayer/dfplayer.cpp,214,esp-idf,log,component-local
esphome/components/dfplayer/dfplayer.cpp,219,esp-idf,log,component-local
esphome/components/dfplayer/dfplayer.cpp,222,esp-idf,log,component-local
esphome/components/dfplayer/dfplayer.cpp,225,esp-idf,log,component-local
esphome/components/dfplayer/dfplayer.cpp,228,esp-idf,log,component-local
esphome/components/dfplayer/dfplayer.cpp,231,esp-idf,log,component-local
esphome/components/dfplayer/dfplayer.cpp,235,esp-idf,log,component-local
esphome/components/dfplayer/dfplayer.cpp,239,esp-idf,log,component-local
esphome/components/dfplayer/dfplayer.cpp,243,esp-idf,log,component-local
esphome/components/dfplayer/dfplayer.cpp,246,esp-idf,log,component-local
esphome/components/dfplayer/dfplayer.cpp,252,esp-idf,log,component-local
esphome/components/dfplayer/dfplayer.cpp,259,esp-idf,log,component-local
esphome/components/dfplayer/dfplayer.cpp,264,esp-idf,log,component-local
esphome/components/dfplayer/dfplayer.cpp,269,esp-idf,log,component-local
esphome/components/dfrobot_sen0395/commands.cpp,19,esp-idf,log,component-local
esphome/components/dfrobot_sen0395/commands.cpp,23,esp-idf,log,component-local
esphome/components/dfrobot_sen0395/commands.cpp,35,esp-idf,log,component-local
esphome/components/dfrobot_sen0395/commands.cpp,49,esp-idf,log,component-local
esphome/components/dfrobot_sen0395/commands.cpp,53,esp-idf,log,component-local
esphome/components/dfrobot_sen0395/commands.cpp,89,esp-idf,log,component-local
esphome/components/dfrobot_sen0395/commands.cpp,93,esp-idf,log,component-local
esphome/components/dfrobot_sen0395/commands.cpp,97,esp-idf,log,component-local
esphome/components/dfrobot_sen0395/commands.cpp,102,esp-idf,log,component-local
esphome/components/dfrobot_sen0395/commands.cpp,104,esp-idf,log,component-local
esphome/components/dfrobot_sen0395/commands.cpp,120,esp-idf,log,component-local
esphome/components/dfrobot_sen0395/commands.cpp,184,esp-idf,log,component-local
esphome/components/dfrobot_sen0395/commands.cpp,187,esp-idf,log,component-local
esphome/components/dfrobot_sen0395/commands.cpp,192,esp-idf,log,component-local
esphome/components/dfrobot_sen0395/commands.cpp,195,esp-idf,log,component-local
esphome/components/dfrobot_sen0395/commands.cpp,198,esp-idf,log,component-local
esphome/components/dfrobot_sen0395/commands.cpp,200,esp-idf,log,component-local
esphome/components/dfrobot_sen0395/commands.cpp,219,esp-idf,log,component-local
esphome/components/dfrobot_sen0395/commands.cpp,222,esp-idf,log,component-local
esphome/components/dfrobot_sen0395/commands.cpp,227,esp-idf,log,component-local
esphome/components/dfrobot_sen0395/commands.cpp,235,esp-idf,log,component-local
esphome/components/dfrobot_sen0395/commands.cpp,238,esp-idf,log,component-local
esphome/components/dfrobot_sen0395/commands.cpp,241,esp-idf,log,component-local
esphome/components/dfrobot_sen0395/commands.cpp,244,esp-idf,log,component-local
esphome/components/dfrobot_sen0395/commands.cpp,246,esp-idf,log,component-local
esphome/components/dfrobot_sen0395/commands.cpp,254,esp-idf,log,component-local
esphome/components/dfrobot_sen0395/commands.cpp,257,esp-idf,log,component-local
esphome/components/dfrobot_sen0395/commands.cpp,265,esp-idf,log,component-local
esphome/components/dfrobot_sen0395/commands.cpp,273,esp-idf,log,component-local
esphome/components/dfrobot_sen0395/commands.cpp,276,esp-idf,log,component-local
esphome/components/dfrobot_sen0395/commands.cpp,284,esp-idf,log,component-local
esphome/components/dfrobot_sen0395/commands.cpp,287,esp-idf,log,component-local
esphome/components/dfrobot_sen0395/commands.cpp,290,esp-idf,log,component-local
esphome/components/dfrobot_sen0395/commands.cpp,293,esp-idf,log,component-local
esphome/components/dfrobot_sen0395/commands.cpp,295,esp-idf,log,component-local
esphome/components/dfrobot_sen0395/commands.cpp,303,esp-idf,log,component-local
esphome/components/dfrobot_sen0395/commands.cpp,306,esp-idf,log,component-local
esphome/components/dfrobot_sen0395/commands.cpp,309,esp-idf,log,component-local
esphome/components/dfrobot_sen0395/commands.cpp,312,esp-idf,log,component-local
esphome/components/dfrobot_sen0395/commands.cpp,314,esp-idf,log,component-local
esphome/components/dfrobot_sen0395/commands.cpp,322,esp-idf,log,component-local
esphome/components/dfrobot_sen0395/commands.cpp,325,esp-idf,log,component-local
esphome/components/dfrobot_sen0395/commands.cpp,326,esp-idf,log,component-local
esphome/components/dfrobot_sen0395/dfrobot_sen0395.cpp,64,esp-idf,log,component-local
esphome/components/dfrobot_sen0395/dfrobot_sen0395.cpp,104,esp-idf,log,component-local
esphome/components/dht/dht.cpp,53,esp-idf,log,component-local
esphome/components/dht/dht.cpp,67,esp-idf,iram-attr,component-local
esphome/components/dht/dht.cpp,158,esp-idf,log,component-local
esphome/components/dht/dht.cpp,176,esp-idf,log,component-local
esphome/components/dht/dht.cpp,213,esp-idf,log,component-local
esphome/components/dht/dht.cpp,226,esp-idf,log,component-local
esphome/components/dht12/dht12.cpp,28,esp-idf,log,component-local
esphome/components/dht12/dht12.cpp,43,esp-idf,log,component-local
esphome/components/dht12/dht12.cpp,46,esp-idf,log,component-local
esphome/components/dht12/dht12.cpp,54,esp-idf,log,component-local
esphome/components/dht12/dht12.cpp,60,esp-idf,log,component-local
esphome/components/display/display.cpp,741,esp-idf,log,component-local
esphome/components/display/display.cpp,749,esp-idf,log,component-local
esphome/components/display/display.cpp,757,esp-idf,log,component-local
esphome/components/display/display.cpp,878,esp-idf,log,component-local
esphome/components/display/display.cpp,886,esp-idf,log,component-local
esphome/components/display/display_buffer.cpp,16,esp-idf,log,component-local
esphome/components/display/rect.cpp,85,esp-idf,log,component-local
esphome/components/display/rect.cpp,88,esp-idf,log,component-local
esphome/components/dlms_meter/dlms_meter.cpp,14,esp-idf,log,component-local
esphome/components/dlms_meter/dlms_meter.cpp,17,esp-idf,log,component-local
esphome/components/dlms_meter/dlms_meter.cpp,20,esp-idf,log,component-local
esphome/components/dlms_meter/dlms_meter.cpp,23,esp-idf,log,component-local
esphome/components/dlms_meter/dlms_meter.cpp,29,esp-idf,log,component-local
esphome/components/dlms_meter/dlms_meter.cpp,46,esp-idf,log,component-local
esphome/components/dlms_meter/dlms_meter.cpp,52,esp-idf,log,component-local
esphome/components/dlms_meter/dlms_meter.cpp,59,esp-idf,log,component-local
esphome/components/dlms_meter/dlms_meter.cpp,65,esp-idf,log,component-local
esphome/components/dlms_meter/dlms_meter.cpp,146,esp-idf,log,component-local
esphome/components/dlms_meter/dlms_meter.cpp,155,esp-idf,log,component-local
esphome/components/dlms_meter/dlms_meter.cpp,167,esp-idf,log,component-local
esphome/components/dlms_meter/dlms_meter.cpp,216,esp-idf,log,component-local
esphome/components/dps310/dps310.cpp,93,esp-idf,log,component-local
esphome/components/ds1307/ds1307.cpp,23,esp-idf,log,component-local
esphome/components/ds1307/ds1307.cpp,33,esp-idf,log,component-local
esphome/components/ds1307/ds1307.cpp,47,esp-idf,log,component-local
esphome/components/ds1307/ds1307.cpp,56,esp-idf,log,component-local
esphome/components/ds1307/ds1307.cpp,79,esp-idf,log,component-local
esphome/components/ds1307/ds1307.cpp,82,esp-idf,log,component-local
esphome/components/ds1307/ds1307.cpp,92,esp-idf,log,component-local
esphome/components/ds1307/ds1307.cpp,95,esp-idf,log,component-local
esphome/components/ds1603l/ds1603l.cpp,17,esp-idf,log,component-local
esphome/components/ds1603l/ds1603l.cpp,45,esp-idf,log,component-local
esphome/components/ds1603l/ds1603l.cpp,48,esp-idf,log,component-local
esphome/components/ds2484/ds2484.cpp,19,esp-idf,log,component-local
esphome/components/ds2484/ds2484.cpp,27,esp-idf,log,component-local
esphome/components/ds2484/ds2484.cpp,44,esp-idf,log,component-local
esphome/components/ds2484/ds2484.cpp,50,esp-idf,log,component-local
esphome/components/ds2484/ds2484.cpp,54,esp-idf,log,component-local
esphome/components/ds2484/ds2484.cpp,58,esp-idf,log,component-local
esphome/components/ds2484/ds2484.cpp,96,esp-idf,log,component-local
esphome/components/ds2484/ds2484.cpp,101,esp-idf,log,component-local
esphome/components/ds2484/ds2484.cpp,105,esp-idf,log,component-local
esphome/components/ds2484/ds2484.cpp,129,esp-idf,log,component-local
esphome/components/ds2484/ds2484.cpp,133,esp-idf,log,component-local
esphome/components/ds2484/ds2484.cpp,137,esp-idf,log,component-local
esphome/components/ds2484/ds2484.cpp,146,esp-idf,iram-attr,component-local
esphome/components/ds2484/ds2484.cpp,172,esp-idf,log,component-local
esphome/components/ds2484/ds2484.cpp,177,esp-idf,log,component-local
esphome/components/ds248x/ds248x.cpp,21,esp-idf,log,component-local
esphome/components/ds248x/ds248x.cpp,24,esp-idf,log,component-local
esphome/components/ds248x/ds248x.cpp,26,esp-idf,log,component-local
esphome/components/ds248x/ds248x.cpp,30,esp-idf,log,component-local
esphome/components/ds248x/ds248x.cpp,35,esp-idf,log,component-local
esphome/components/ds248x/ds248x.cpp,43,esp-idf,log,component-local
esphome/components/ds248x/ds248x.cpp,77,esp-idf,log,component-local
esphome/components/ds248x/ds248x.cpp,81,esp-idf,log,component-local
esphome/components/ds248x/ds248x.cpp,88,esp-idf,log,component-local
esphome/components/ds248x/ds248x.cpp,98,esp-idf,log,component-local
esphome/components/ds248x/ds248x.cpp,107,esp-idf,log,component-local
esphome/components/ds248x/ds248x.cpp,110,esp-idf,log,component-local
esphome/components/ds248x/ds248x.cpp,114,esp-idf,log,component-local
esphome/components/ds248x/ds248x.cpp,150,esp-idf,log,component-local
esphome/components/ds248x/ds248x.cpp,166,esp-idf,log,component-local
esphome/components/ds248x/ds248x.cpp,176,esp-idf,log,component-local
esphome/components/ds248x/ds248x.cpp,181,esp-idf,log,component-local
esphome/components/ds248x/ds248x.cpp,215,esp-idf,log,component-local
esphome/components/ds248x/ds248x.cpp,238,esp-idf,log,component-local
esphome/components/ds248x/ds248x.cpp,244,esp-idf,log,component-local
esphome/components/ds248x/ds248x.cpp,249,esp-idf,log,component-local
esphome/components/ds248x/ds248x.cpp,262,esp-idf,log,component-local
esphome/components/ds248x/ds248x.cpp,268,esp-idf,log,component-local
esphome/components/ds248x/ds248x.cpp,273,esp-idf,log,component-local
esphome/components/ds248x/ds248x_one_wire_bus.cpp,15,esp-idf,log,component-local
esphome/components/ds248x/ds248x_one_wire_bus.cpp,33,esp-idf,log,component-local
esphome/components/ds248x/ds248x_one_wire_bus.cpp,56,esp-idf,log,component-local
esphome/components/ds248x/ds248x_one_wire_bus.cpp,67,esp-idf,log,component-local
esphome/components/ds248x/ds248x_one_wire_bus.cpp,79,esp-idf,log,component-local
esphome/components/ds248x/ds248x_one_wire_bus.cpp,92,esp-idf,log,component-local
esphome/components/ds248x/ds248x_one_wire_bus.cpp,133,esp-idf,log,component-local
esphome/components/dsmr/dsmr.cpp,2,arduino,guard,component-local
esphome/components/dsmr/dsmr.cpp,17,esp-idf,log,component-local
esphome/components/dsmr/dsmr.cpp,20,esp-idf,log,component-local
esphome/components/dsmr/dsmr.cpp,23,esp-idf,log,component-local
esphome/components/dsmr/dsmr.cpp,26,esp-idf,log,component-local
esphome/components/dsmr/dsmr.cpp,32,esp-idf,log,component-local
esphome/components/dsmr/dsmr.cpp,75,esp-idf,log,component-local
esphome/components/dsmr/dsmr.cpp,79,esp-idf,log,component-local
esphome/components/dsmr/dsmr.cpp,92,esp-idf,log,component-local
esphome/components/dsmr/dsmr.cpp,94,esp-idf,log,component-local
esphome/components/dsmr/dsmr.cpp,101,esp-idf,log,component-local
esphome/components/dsmr/dsmr.cpp,124,esp-idf,log,component-local
esphome/components/dsmr/dsmr.cpp,136,esp-idf,log,component-local
esphome/components/dsmr/dsmr.cpp,156,esp-idf,log,component-local
esphome/components/dsmr/dsmr.cpp,162,esp-idf,log,component-local
esphome/components/dsmr/dsmr.cpp,204,esp-idf,log,component-local
esphome/components/dsmr/dsmr.cpp,209,esp-idf,log,component-local
esphome/components/dsmr/dsmr.h,4,arduino,guard,component-local
esphome/components/duty_cycle/duty_cycle_sensor.cpp,39,esp-idf,log,component-local
esphome/components/duty_cycle/duty_cycle_sensor.cpp,45,esp-idf,iram-attr,component-local
esphome/components/e131/e131.cpp,32,esp-idf,log,component-local
esphome/components/e131/e131.cpp,37,esp-idf,log,component-local
esphome/components/e131/e131.cpp,46,esp-idf,log,component-local
esphome/components/e131/e131.cpp,53,esp-idf,log,component-local
esphome/components/e131/e131.cpp,59,esp-idf,log,component-local
esphome/components/e131/e131.cpp,79,esp-idf,log,component-local
esphome/components/e131/e131.cpp,84,esp-idf,log,component-local
esphome/components/e131/e131.cpp,95,esp-idf,log,component-local
esphome/components/e131/e131.cpp,112,esp-idf,log,component-local
esphome/components/e131/e131.cpp,127,esp-idf,log,component-local
esphome/components/e131/e131_addressable_light_effect.cpp,62,esp-idf,log,component-local
esphome/components/e131/e131_packet.cpp,10,lwip,include,component-local
esphome/components/e131/e131_packet.cpp,11,lwip,include,component-local
esphome/components/e131/e131_packet.cpp,12,lwip,include,component-local
esphome/components/e131/e131_packet.cpp,13,lwip,include,component-local
esphome/components/e131/e131_packet.cpp,74,lwip,addr-type,component-local
esphome/components/e131/e131_packet.cpp,75,arduino,ipaddress,component-local
esphome/components/e131/e131_packet.cpp,84,esp-idf,log,component-local
esphome/components/e131/e131_packet.cpp,111,esp-idf,log,component-local
esphome/components/e131/e131_packet.cpp,125,arduino,ipaddress,component-local
esphome/components/e131/e131_packet.cpp,125,lwip,addr-type,component-local
esphome/components/e131/e131_packet.cpp,131,esp-idf,log,component-local
esphome/components/ee895/ee895.cpp,34,esp-idf,log,component-local
esphome/components/ee895/ee895.cpp,42,esp-idf,log,component-local
esphome/components/ee895/ee895.cpp,45,esp-idf,log,component-local
esphome/components/ee895/ee895.cpp,67,esp-idf,log,component-local
esphome/components/ektf2232/touchscreen/ektf2232.cpp,27,esp-idf,log,component-local
esphome/components/ektf2232/touchscreen/ektf2232.cpp,51,esp-idf,log,component-local
esphome/components/ektf2232/touchscreen/ektf2232.cpp,75,esp-idf,log,component-local
esphome/components/emc2101/emc2101.cpp,62,esp-idf,log,component-local
esphome/components/emc2101/emc2101.cpp,94,esp-idf,log,component-local
esphome/components/emc2101/emc2101.cpp,110,esp-idf,log,component-local
esphome/components/emc2101/emc2101.cpp,112,esp-idf,log,component-local
esphome/components/emc2101/emc2101.cpp,121,esp-idf,log,component-local
esphome/components/emc2101/emc2101.cpp,131,esp-idf,log,component-local
esphome/components/emc2101/emc2101.cpp,143,esp-idf,log,component-local
esphome/components/emc2101/emc2101.cpp,157,esp-idf,log,component-local
esphome/components/emmeti/emmeti.cpp,155,esp-idf,log,component-local
esphome/components/emmeti/emmeti.cpp,225,esp-idf,log,component-local
esphome/components/emmeti/emmeti.cpp,237,esp-idf,log,component-local
esphome/components/emmeti/emmeti.cpp,245,esp-idf,log,component-local
esphome/components/emmeti/emmeti.cpp,255,esp-idf,log,component-local
esphome/components/emmeti/emmeti.cpp,265,esp-idf,log,component-local
esphome/components/emmeti/emmeti.cpp,275,esp-idf,log,component-local
esphome/components/emmeti/emmeti.cpp,291,esp-idf,log,component-local
esphome/components/emontx/emontx.cpp,34,esp-idf,log,component-local
esphome/components/emontx/emontx.cpp,41,esp-idf,log,component-local
esphome/components/emontx/emontx.cpp,46,esp-idf,log,component-local
esphome/components/emontx/emontx.cpp,61,esp-idf,log,component-local
esphome/components/emontx/emontx.cpp,72,esp-idf,log,component-local
esphome/components/emontx/emontx.cpp,98,esp-idf,log,component-local
esphome/components/endstop/endstop_cover.cpp,73,esp-idf,log,component-local
esphome/components/endstop/endstop_cover.cpp,80,esp-idf,log,component-local
esphome/components/endstop/endstop_cover.cpp,86,esp-idf,log,component-local
esphome/components/ens160_base/ens160_base.cpp,163,esp-idf,log,component-local
esphome/components/ens160_base/ens160_base.cpp,169,esp-idf,log,component-local
esphome/components/ens160_base/ens160_base.cpp,188,esp-idf,log,component-local
esphome/components/ens160_base/ens160_base.cpp,195,esp-idf,log,component-local
esphome/components/ens160_base/ens160_base.cpp,201,esp-idf,log,component-local
esphome/components/ens160_base/ens160_base.cpp,206,esp-idf,log,component-local
esphome/components/ens160_base/ens160_base.cpp,214,esp-idf,log,component-local
esphome/components/ens160_base/ens160_base.cpp,224,esp-idf,log,component-local
esphome/components/ens160_base/ens160_base.cpp,234,esp-idf,log,component-local
esphome/components/ens160_base/ens160_base.cpp,259,esp-idf,log,component-local
esphome/components/ens160_base/ens160_base.cpp,262,esp-idf,log,component-local
esphome/components/ens160_base/ens160_base.cpp,270,esp-idf,log,component-local
esphome/components/ens160_base/ens160_base.cpp,273,esp-idf,log,component-local
esphome/components/ens160_base/ens160_base.cpp,286,esp-idf,log,component-local
esphome/components/ens160_base/ens160_base.cpp,297,esp-idf,log,component-local
esphome/components/ens160_base/ens160_base.cpp,300,esp-idf,log,component-local
esphome/components/ens160_base/ens160_base.cpp,303,esp-idf,log,component-local
esphome/components/ens160_base/ens160_base.cpp,306,esp-idf,log,component-local
esphome/components/ens160_base/ens160_base.cpp,309,esp-idf,log,component-local
esphome/components/ens160_base/ens160_base.cpp,312,esp-idf,log,component-local
esphome/components/ens160_base/ens160_base.cpp,315,esp-idf,log,component-local
esphome/components/ens160_base/ens160_base.cpp,318,esp-idf,log,component-local
esphome/components/ens160_spi/sensor.py,17,esp-idf,i2c-spi,python
esphome/components/ens210/ens210.cpp,131,esp-idf,log,component-local
esphome/components/ens210/ens210.cpp,141,esp-idf,log,component-local
esphome/components/ens210/ens210.cpp,147,esp-idf,log,component-local
esphome/components/ens210/ens210.cpp,162,esp-idf,log,component-local
esphome/components/ens210/ens210.cpp,177,esp-idf,log,component-local
esphome/components/ens210/ens210.cpp,193,esp-idf,log,component-local
esphome/components/ens210/ens210.cpp,219,esp-idf,log,component-local
esphome/components/epaper_spi/display.py,81,esp-idf,i2c-spi,python
esphome/components/epaper_spi/epaper_spi.cpp,61,esp-idf,log,component-local
esphome/components/epaper_spi/epaper_spi.cpp,72,esp-idf,log,component-local
esphome/components/epaper_spi/epaper_spi.cpp,123,esp-idf,log,component-local
esphome/components/epaper_spi/epaper_spi.cpp,156,esp-idf,log,component-local
esphome/components/epaper_spi/epaper_spi.cpp,161,esp-idf,log,component-local
esphome/components/epaper_spi/epaper_spi.cpp,180,esp-idf,log,component-local
esphome/components/epaper_spi/epaper_spi.cpp,183,esp-idf,log,component-local
esphome/components/epaper_spi/epaper_spi.cpp,237,esp-idf,log,component-local
esphome/components/epaper_spi/epaper_spi.cpp,243,esp-idf,log,component-local
esphome/components/epaper_spi/epaper_spi.cpp,251,esp-idf,log,component-local
esphome/components/epaper_spi/epaper_spi.cpp,275,esp-idf,log,component-local
esphome/components/epaper_spi/epaper_spi.cpp,280,esp-idf,log,component-local
esphome/components/epaper_spi/epaper_spi_4bpp.cpp,63,esp-idf,log,component-local
esphome/components/epaper_spi/epaper_spi_inkplate2.cpp,20,esp-idf,log,component-local
esphome/components/epaper_spi/epaper_spi_inkplate2.cpp,24,esp-idf,log,component-local
esphome/components/epaper_spi/epaper_spi_inkplate2.cpp,30,esp-idf,log,component-local
esphome/components/epaper_spi/epaper_spi_inkplate2.cpp,38,esp-idf,log,component-local
esphome/components/epaper_spi/epaper_spi_inkplate6color.cpp,28,esp-idf,log,component-local
esphome/components/epaper_spi/epaper_spi_inkplate6color.cpp,33,esp-idf,log,component-local
esphome/components/epaper_spi/epaper_spi_inkplate6color.cpp,38,esp-idf,log,component-local
esphome/components/epaper_spi/epaper_spi_inkplate6color.cpp,43,esp-idf,log,component-local
esphome/components/epaper_spi/epaper_spi_jd79660.cpp,197,esp-idf,log,component-local
esphome/components/epaper_spi/epaper_spi_jd79660.cpp,202,esp-idf,log,component-local
esphome/components/epaper_spi/epaper_spi_jd79660.cpp,207,esp-idf,log,component-local
esphome/components/epaper_spi/epaper_spi_mono.cpp,11,esp-idf,log,component-local
esphome/components/epaper_spi/epaper_spi_mono.cpp,19,esp-idf,log,component-local
esphome/components/epaper_spi/epaper_spi_mono.cpp,66,esp-idf,log,component-local
esphome/components/epaper_spi/epaper_spi_spectra_e6.cpp,24,esp-idf,log,component-local
esphome/components/epaper_spi/epaper_spi_spectra_e6.cpp,29,esp-idf,log,component-local
esphome/components/epaper_spi/epaper_spi_spectra_e6.cpp,34,esp-idf,log,component-local
esphome/components/epaper_spi/epaper_spi_spectra_e6.cpp,39,esp-idf,log,component-local
esphome/components/epaper_spi/epaper_spi_ssd1683.cpp,11,esp-idf,log,component-local
esphome/components/epaper_spi/epaper_spi_ssd1683.cpp,26,esp-idf,log,component-local
esphome/components/epaper_spi/epaper_spi_ssd1683.cpp,29,esp-idf,log,component-local
esphome/components/epaper_spi/epaper_spi_ssd1683.cpp,71,esp-idf,log,component-local
esphome/components/epaper_spi/epaper_spi_t133a01.cpp,212,esp-idf,log,component-local
esphome/components/epaper_spi/epaper_spi_t133a01.cpp,252,esp-idf,log,component-local
esphome/components/epaper_spi/epaper_spi_t133a01.cpp,257,esp-idf,log,component-local
esphome/components/epaper_spi/epaper_spi_t133a01.cpp,262,esp-idf,log,component-local
esphome/components/epaper_spi/epaper_spi_t133a01.cpp,268,esp-idf,log,component-local
esphome/components/epaper_spi/epaper_spi_t133a01.cpp,320,esp-idf,log,component-local
esphome/components/epaper_spi/epaper_spi_t133a01.cpp,358,esp-idf,log,component-local
esphome/components/epaper_spi/epaper_spi_uc8179.cpp,14,esp-idf,log,component-local
esphome/components/epaper_spi/epaper_spi_uc8179.cpp,119,esp-idf,log,component-local
esphome/components/epaper_spi/epaper_spi_uc8179.cpp,127,esp-idf,log,component-local
esphome/components/epaper_spi/epaper_spi_uc8179.cpp,134,esp-idf,log,component-local
esphome/components/epaper_spi/epaper_waveshare.cpp,34,esp-idf,log,component-local
esphome/components/epaper_spi/epaper_weact_3c.cpp,126,esp-idf,log,component-local
esphome/components/epaper_spi/epaper_weact_3c.cpp,136,esp-idf,log,component-local
esphome/components/epaper_spi/epaper_weact_3c.cpp,167,esp-idf,log,component-local
esphome/components/epaper_spi/epaper_weact_3c.cpp,202,esp-idf,log,component-local
esphome/components/es7210/es7210.cpp,34,esp-idf,log,component-local
esphome/components/es7210/es7210.cpp,128,esp-idf,log,component-local
esphome/components/es7243e/es7243e.cpp,30,esp-idf,log,component-local
esphome/components/es8156/es8156.cpp,89,esp-idf,log,component-local
esphome/components/es8156/es8156.cpp,108,esp-idf,log,component-local
esphome/components/es8156/es8156.cpp,116,esp-idf,log,component-local
esphome/components/es8311/es8311.cpp,120,esp-idf,log,component-local
esphome/components/es8388/es8388.cpp,121,esp-idf,log,component-local
esphome/components/es8388/es8388.cpp,131,esp-idf,log,component-local
esphome/components/es8388/es8388.cpp,155,esp-idf,log,component-local
esphome/components/es8388/es8388.cpp,174,esp-idf,log,component-local
esphome/components/es8388/es8388.cpp,186,esp-idf,log,component-local
esphome/components/es8388/es8388.cpp,212,esp-idf,log,component-local
esphome/components/es8388/es8388.cpp,216,esp-idf,log,component-local
esphome/components/es8388/es8388.cpp,264,esp-idf,log,component-local
esphome/components/es8388/es8388.cpp,268,esp-idf,log,component-local
esphome/components/esp32/__init__.py,2385,lwip,sockets,python
esphome/components/esp32/__init__.py,2429,arduino,guard,python
esphome/components/esp32/__init__.py,2430,arduino,guard,python
esphome/components/esp32/__init__.py,2909,esp-idf,nvs,python
esphome/components/esp32/core.cpp,7,freertos,include,platform-backend
esphome/components/esp32/core.cpp,8,freertos,include,platform-backend
esphome/components/esp32/core.cpp,20,freertos,handle-type,platform-backend
esphome/components/esp32/core.cpp,43,freertos,task-create,platform-backend
esphome/components/esp32/core.cpp,46,freertos,task-create,platform-backend
esphome/components/esp32/crash_handler.cpp,12,esp-idf,include,platform-backend
esphome/components/esp32/crash_handler.cpp,13,esp-idf,include,platform-backend
esphome/components/esp32/crash_handler.cpp,14,esp-idf,include,platform-backend
esphome/components/esp32/crash_handler.cpp,17,esp-idf,include,platform-backend
esphome/components/esp32/crash_handler.cpp,18,esp-idf,include,platform-backend
esphome/components/esp32/crash_handler.cpp,29,esp-idf,iram-attr,platform-backend
esphome/components/esp32/crash_handler.cpp,71,esp-idf,iram-attr,platform-backend
esphome/components/esp32/crash_handler.cpp,79,esp-idf,cpu,platform-backend
esphome/components/esp32/crash_handler.cpp,86,esp-idf,cpu,platform-backend
esphome/components/esp32/crash_handler.cpp,98,esp-idf,iram-attr,platform-backend
esphome/components/esp32/crash_handler.cpp,355,esp-idf,log,platform-backend
esphome/components/esp32/crash_handler.cpp,400,esp-idf,log,platform-backend
esphome/components/esp32/crash_handler.cpp,406,esp-idf,log,platform-backend
esphome/components/esp32/crash_handler.cpp,407,esp-idf,log,platform-backend
esphome/components/esp32/crash_handler.cpp,409,esp-idf,log,platform-backend
esphome/components/esp32/crash_handler.cpp,415,esp-idf,log,platform-backend
esphome/components/esp32/crash_handler.cpp,432,esp-idf,log,platform-backend
esphome/components/esp32/crash_handler.cpp,435,esp-idf,log,platform-backend
esphome/components/esp32/crash_handler.cpp,437,esp-idf,log,platform-backend
esphome/components/esp32/crash_handler.cpp,439,esp-idf,log,platform-backend
esphome/components/esp32/crash_handler.cpp,446,esp-idf,log,platform-backend
esphome/components/esp32/crash_handler.cpp,450,esp-idf,log,platform-backend
esphome/components/esp32/crash_handler.cpp,457,esp-idf,log,platform-backend
esphome/components/esp32/crash_handler.cpp,471,esp-idf,log,platform-backend
esphome/components/esp32/crash_handler.cpp,477,esp-idf,log,platform-backend
esphome/components/esp32/crash_handler.cpp,497,esp-idf,iram-attr,platform-backend
esphome/components/esp32/gpio.cpp,8,esp-idf,include,platform-backend
esphome/components/esp32/gpio.cpp,9,esp-idf,include,platform-backend
esphome/components/esp32/gpio.cpp,10,esp-idf,include,platform-backend
esphome/components/esp32/gpio.cpp,11,esp-idf,include,platform-backend
esphome/components/esp32/gpio.cpp,12,esp-idf,include,platform-backend
esphome/components/esp32/gpio.cpp,16,esp-idf,include,platform-backend
esphome/components/esp32/gpio.cpp,93,esp-idf,gpio,platform-backend
esphome/components/esp32/gpio.cpp,94,esp-idf,err-type,platform-backend
esphome/components/esp32/gpio.cpp,95,esp-idf,gpio,platform-backend
esphome/components/esp32/gpio.cpp,95,esp-idf,log,platform-backend
esphome/components/esp32/gpio.cpp,100,esp-idf,gpio,platform-backend
esphome/components/esp32/gpio.cpp,114,esp-idf,gpio,platform-backend
esphome/components/esp32/gpio.cpp,135,esp-idf,gpio,platform-backend
esphome/components/esp32/gpio.cpp,138,esp-idf,gpio,platform-backend
esphome/components/esp32/gpio.cpp,146,esp-idf,iram-attr,platform-backend
esphome/components/esp32/gpio.cpp,151,esp-idf,iram-attr,platform-backend
esphome/components/esp32/gpio.cpp,156,esp-idf,iram-attr,platform-backend
esphome/components/esp32/gpio.cpp,160,esp-idf,iram-attr,platform-backend
esphome/components/esp32/gpio.h,5,esp-idf,include,platform-backend
esphome/components/esp32/hal.cpp,9,esp-idf,include,platform-backend
esphome/components/esp32/hal.cpp,10,esp-idf,include,platform-backend
esphome/components/esp32/hal.cpp,11,esp-idf,include,platform-backend
esphome/components/esp32/hal.cpp,12,esp-idf,include,platform-backend
esphome/components/esp32/hal.cpp,13,esp-idf,include,platform-backend
esphome/components/esp32/hal.cpp,14,freertos,include,platform-backend
esphome/components/esp32/hal.cpp,15,freertos,include,platform-backend
esphome/components/esp32/hal.cpp,28,esp-idf,iram-attr,platform-backend
esphome/components/esp32/hal.cpp,30,freertos,isr-context,platform-backend
esphome/components/esp32/hal.cpp,33,freertos,tick,platform-backend
esphome/components/esp32/hal.cpp,35,esp-idf,timer,platform-backend
esphome/components/esp32/hal.cpp,54,esp-idf,watchdog,platform-backend
esphome/components/esp32/hal.h,6,esp-idf,include,platform-backend
esphome/components/esp32/hal.h,7,esp-idf,include,platform-backend
esphome/components/esp32/hal.h,8,esp-idf,include,platform-backend
esphome/components/esp32/hal.h,9,freertos,include,platform-backend
esphome/components/esp32/hal.h,10,freertos,include,platform-backend
esphome/components/esp32/hal.h,28,freertos,isr-context,platform-backend
esphome/components/esp32/hal.h,32,esp-idf,timer,platform-backend
esphome/components/esp32/hal.h,34,freertos,yield,platform-backend
esphome/components/esp32/hal.h,35,freertos,task-delay,platform-backend
esphome/components/esp32/hal.h,35,freertos,tick,platform-backend
esphome/components/esp32/hal.h,36,esp-idf,timer,platform-backend
esphome/components/esp32/hal.h,39,esp-idf,timer,platform-backend
esphome/components/esp32/hal.h,44,esp-idf,watchdog,platform-backend
esphome/components/esp32/hal.h,45,esp-idf,cpu,platform-backend
esphome/components/esp32/helpers.cpp,6,esp-idf,include,platform-backend
esphome/components/esp32/helpers.cpp,7,esp-idf,include,platform-backend
esphome/components/esp32/helpers.cpp,8,esp-idf,include,platform-backend
esphome/components/esp32/helpers.cpp,10,freertos,include,platform-backend
esphome/components/esp32/helpers.cpp,11,freertos,include,platform-backend
esphome/components/esp32/helpers.cpp,13,esp-idf,include,platform-backend
esphome/components/esp32/helpers.cpp,14,esp-idf,include,platform-backend
esphome/components/esp32/helpers.cpp,27,esp-idf,iram-attr,platform-backend
esphome/components/esp32/helpers.cpp,28,esp-idf,iram-attr,platform-backend
esphome/components/esp32/helpers.cpp,31,lwip,include,platform-backend
esphome/components/esp32/helpers.cpp,70,esp-idf,err-type,platform-backend
esphome/components/esp32/helpers.cpp,108,esp-idf,log,platform-backend
esphome/components/esp32/helpers.cpp,113,esp-idf,log,platform-backend
esphome/components/esp32/helpers.cpp,124,esp-idf,err-type,platform-backend
esphome/components/esp32/helpers.cpp,127,esp-idf,err-type,platform-backend
esphome/components/esp32/preferences.cpp,7,esp-idf,include,platform-backend
esphome/components/esp32/preferences.cpp,8,esp-idf,include,platform-backend
esphome/components/esp32/preferences.cpp,9,esp-idf,include,platform-backend
esphome/components/esp32/preferences.cpp,70,esp-idf,err-type,platform-backend
esphome/components/esp32/preferences.cpp,112,esp-idf,err-type,platform-backend
esphome/components/esp32/preferences.cpp,112,esp-idf,nvs,platform-backend
esphome/components/esp32/preferences.cpp,114,esp-idf,log,platform-backend
esphome/components/esp32/preferences.cpp,114,esp-idf,nvs,platform-backend
esphome/components/esp32/preferences.cpp,121,esp-idf,nvs,platform-backend
esphome/components/esp32/preferences.cpp,123,esp-idf,log,platform-backend
esphome/components/esp32/preferences.cpp,123,esp-idf,nvs,platform-backend
esphome/components/esp32/preferences.cpp,134,esp-idf,nvs,platform-backend
esphome/components/esp32/preferences.cpp,135,esp-idf,err-type,platform-backend
esphome/components/esp32/preferences.cpp,135,esp-idf,nvs,platform-backend
esphome/components/esp32/preferences.cpp,140,esp-idf,nvs,platform-backend
esphome/components/esp32/preferences.cpp,141,esp-idf,nvs,platform-backend
esphome/components/esp32/preferences.cpp,142,esp-idf,nvs,platform-backend
esphome/components/esp32/preferences.cpp,144,esp-idf,nvs,platform-backend
esphome/components/esp32/preferences.cpp,161,esp-idf,log,platform-backend
esphome/components/esp32/preferences.cpp,171,esp-idf,err-type,platform-backend
esphome/components/esp32/preferences.cpp,173,esp-idf,log,platform-backend
esphome/components/esp32/preferences.cpp,175,esp-idf,log,platform-backend
esphome/components/esp32/preferences.cpp,177,esp-idf,err-type,platform-backend
esphome/components/esp32/preferences.cpp,200,esp-idf,log,platform-backend
esphome/components/esp32/preferences.cpp,205,esp-idf,log,platform-backend
esphome/components/esp32/preferences.cpp,223,esp-idf,log,platform-backend
esphome/components/esp32/preferences.cpp,225,esp-idf,err-type,platform-backend
esphome/components/esp32/preferences.cpp,233,esp-idf,err-type,platform-backend
esphome/components/esp32/preferences.cpp,233,esp-idf,nvs,platform-backend
esphome/components/esp32/preferences.cpp,234,esp-idf,log,platform-backend
esphome/components/esp32/preferences.cpp,236,esp-idf,log,platform-backend
esphome/components/esp32/preferences.cpp,236,esp-idf,nvs,platform-backend
esphome/components/esp32/preferences.cpp,244,esp-idf,log,platform-backend
esphome/components/esp32/preferences.cpp,251,esp-idf,log,platform-backend
esphome/components/esp32/preferences.cpp,254,esp-idf,log,platform-backend
esphome/components/esp32/preferences.cpp,257,esp-idf,log,platform-backend
esphome/components/esp32/preferences.cpp,262,esp-idf,err-type,platform-backend
esphome/components/esp32/preferences.cpp,262,esp-idf,nvs,platform-backend
esphome/components/esp32/preferences.cpp,264,esp-idf,log,platform-backend
esphome/components/esp32/preferences.cpp,264,esp-idf,nvs,platform-backend
esphome/components/esp32/preferences.cpp,273,esp-idf,err-type,platform-backend
esphome/components/esp32/preferences.cpp,273,esp-idf,nvs,platform-backend
esphome/components/esp32/preferences.cpp,275,esp-idf,log,platform-backend
esphome/components/esp32/preferences.cpp,275,esp-idf,nvs,platform-backend
esphome/components/esp32/preferences.cpp,284,esp-idf,nvs,platform-backend
esphome/components/esp32/preferences.cpp,286,esp-idf,log,platform-backend
esphome/components/esp32/preferences.cpp,286,esp-idf,nvs,platform-backend
esphome/components/esp32/preferences.cpp,293,esp-idf,log,platform-backend
esphome/components/esp32/preferences.cpp,302,esp-idf,nvs,platform-backend
esphome/components/esp32/preferences.cpp,303,esp-idf,nvs,platform-backend
esphome/components/esp32/preferences.h,5,esp-idf,include,platform-backend
esphome/components/esp32/printf_stubs.cpp,39,esp-idf,include,platform-backend
esphome/components/esp32/throw_stubs.cpp,26,esp-idf,include,platform-backend
esphome/components/esp32_ble/__init__.py,461,esp-idf,err-type,python
esphome/components/esp32_ble/ble.cpp,10,esp-idf,include,component-local
esphome/components/esp32_ble/ble.cpp,15,esp-idf,include,component-local
esphome/components/esp32_ble/ble.cpp,16,esp-idf,include,component-local
esphome/components/esp32_ble/ble.cpp,17,esp-idf,include,component-local
esphome/components/esp32_ble/ble.cpp,20,esp-idf,include,component-local
esphome/components/esp32_ble/ble.cpp,21,esp-idf,include,component-local
esphome/components/esp32_ble/ble.cpp,22,esp-idf,include,component-local
esphome/components/esp32_ble/ble.cpp,23,freertos,include,component-local
esphome/components/esp32_ble/ble.cpp,24,freertos,include,component-local
esphome/components/esp32_ble/ble.cpp,25,freertos,include,component-local
esphome/components/esp32_ble/ble.cpp,26,esp-idf,include,component-local
esphome/components/esp32_ble/ble.cpp,28,arduino,guard,component-local
esphome/components/esp32_ble/ble.cpp,75,esp-idf,log,component-local
esphome/components/esp32_ble/ble.cpp,178,esp-idf,err-type,component-local
esphome/components/esp32_ble/ble.cpp,178,esp-idf,nvs,component-local
esphome/components/esp32_ble/ble.cpp,179,esp-idf,err-type,component-local
esphome/components/esp32_ble/ble.cpp,180,esp-idf,log,component-local
esphome/components/esp32_ble/ble.cpp,199,esp-idf,err-type,component-local
esphome/components/esp32_ble/ble.cpp,209,esp-idf,err-type,component-local
esphome/components/esp32_ble/ble.cpp,210,esp-idf,log,component-local
esphome/components/esp32_ble/ble.cpp,218,esp-idf,err-type,component-local
esphome/components/esp32_ble/ble.cpp,219,esp-idf,log,component-local
esphome/components/esp32_ble/ble.cpp,224,esp-idf,log,component-local
esphome/components/esp32_ble/ble.cpp,231,esp-idf,err-type,component-local
esphome/components/esp32_ble/ble.cpp,232,esp-idf,log,component-local
esphome/components/esp32_ble/ble.cpp,240,esp-idf,err-type,component-local
esphome/components/esp32_ble/ble.cpp,241,esp-idf,log,component-local
esphome/components/esp32_ble/ble.cpp,245,esp-idf,log,component-local
esphome/components/esp32_ble/ble.cpp,247,esp-idf,err-type,component-local
esphome/components/esp32_ble/ble.cpp,248,esp-idf,log,component-local
esphome/components/esp32_ble/ble.cpp,255,esp-idf,err-type,component-local
esphome/components/esp32_ble/ble.cpp,256,esp-idf,log,component-local
esphome/components/esp32_ble/ble.cpp,274,esp-idf,err-type,component-local
esphome/components/esp32_ble/ble.cpp,275,esp-idf,log,component-local
esphome/components/esp32_ble/ble.cpp,279,esp-idf,err-type,component-local
esphome/components/esp32_ble/ble.cpp,280,esp-idf,log,component-local
esphome/components/esp32_ble/ble.cpp,286,esp-idf,err-type,component-local
esphome/components/esp32_ble/ble.cpp,287,esp-idf,log,component-local
esphome/components/esp32_ble/ble.cpp,294,esp-idf,err-type,component-local
esphome/components/esp32_ble/ble.cpp,295,esp-idf,log,component-local
esphome/components/esp32_ble/ble.cpp,302,esp-idf,err-type,component-local
esphome/components/esp32_ble/ble.cpp,303,esp-idf,log,component-local
esphome/components/esp32_ble/ble.cpp,346,esp-idf,err-type,component-local
esphome/components/esp32_ble/ble.cpp,347,esp-idf,log,component-local
esphome/components/esp32_ble/ble.cpp,352,esp-idf,err-type,component-local
esphome/components/esp32_ble/ble.cpp,353,esp-idf,log,component-local
esphome/components/esp32_ble/ble.cpp,360,esp-idf,err-type,component-local
esphome/components/esp32_ble/ble.cpp,361,esp-idf,log,component-local
esphome/components/esp32_ble/ble.cpp,368,esp-idf,err-type,component-local
esphome/components/esp32_ble/ble.cpp,369,esp-idf,log,component-local
esphome/components/esp32_ble/ble.cpp,377,esp-idf,err-type,component-local
esphome/components/esp32_ble/ble.cpp,378,esp-idf,log,component-local
esphome/components/esp32_ble/ble.cpp,395,esp-idf,err-type,component-local
esphome/components/esp32_ble/ble.cpp,396,esp-idf,err-type,component-local
esphome/components/esp32_ble/ble.cpp,398,esp-idf,err-type,component-local
esphome/components/esp32_ble/ble.cpp,399,esp-idf,log,component-local
esphome/components/esp32_ble/ble.cpp,402,esp-idf,log,component-local
esphome/components/esp32_ble/ble.cpp,405,esp-idf,err-type,component-local
esphome/components/esp32_ble/ble.cpp,407,esp-idf,err-type,component-local
esphome/components/esp32_ble/ble.cpp,408,esp-idf,log,component-local
esphome/components/esp32_ble/ble.cpp,411,esp-idf,log,component-local
esphome/components/esp32_ble/ble.cpp,419,esp-idf,err-type,component-local
esphome/components/esp32_ble/ble.cpp,420,esp-idf,log,component-local
esphome/components/esp32_ble/ble.cpp,428,esp-idf,err-type,component-local
esphome/components/esp32_ble/ble.cpp,429,esp-idf,log,component-local
esphome/components/esp32_ble/ble.cpp,434,esp-idf,log,component-local
esphome/components/esp32_ble/ble.cpp,439,esp-idf,err-type,component-local
esphome/components/esp32_ble/ble.cpp,440,esp-idf,log,component-local
esphome/components/esp32_ble/ble.cpp,444,esp-idf,err-type,component-local
esphome/components/esp32_ble/ble.cpp,445,esp-idf,log,component-local
esphome/components/esp32_ble/ble.cpp,477,esp-idf,log,component-local
esphome/components/esp32_ble/ble.cpp,487,esp-idf,log,component-local
esphome/components/esp32_ble/ble.cpp,509,esp-idf,log,component-local
esphome/components/esp32_ble/ble.cpp,548,esp-idf,log,component-local
esphome/components/esp32_ble/ble.cpp,565,esp-idf,log,component-local
esphome/components/esp32_ble/ble.cpp,572,esp-idf,log,component-local
esphome/components/esp32_ble/ble.cpp,579,esp-idf,log,component-local
esphome/components/esp32_ble/ble.cpp,585,esp-idf,log,component-local
esphome/components/esp32_ble/ble.cpp,589,esp-idf,log,component-local
esphome/components/esp32_ble/ble.cpp,674,esp-idf,log,component-local
esphome/components/esp32_ble/ble.cpp,680,esp-idf,log,component-local
esphome/components/esp32_ble/ble.cpp,699,esp-idf,log,component-local
esphome/components/esp32_ble/ble.h,24,esp-idf,include,component-local
esphome/components/esp32_ble/ble.h,25,esp-idf,include,component-local
esphome/components/esp32_ble/ble.h,26,esp-idf,include,component-local
esphome/components/esp32_ble/ble_advertising.cpp,72,esp-idf,err-type,component-local
esphome/components/esp32_ble/ble_advertising.cpp,88,esp-idf,err-type,component-local
esphome/components/esp32_ble/ble_advertising.cpp,94,esp-idf,err-type,component-local
esphome/components/esp32_ble/ble_advertising.cpp,95,esp-idf,log,component-local
esphome/components/esp32_ble/ble_advertising.cpp,108,esp-idf,err-type,component-local
esphome/components/esp32_ble/ble_advertising.cpp,109,esp-idf,log,component-local
esphome/components/esp32_ble/ble_advertising.cpp,120,esp-idf,err-type,component-local
esphome/components/esp32_ble/ble_advertising.cpp,121,esp-idf,log,component-local
esphome/components/esp32_ble/ble_advertising.cpp,125,esp-idf,err-type,component-local
esphome/components/esp32_ble/ble_advertising.cpp,137,esp-idf,err-type,component-local
esphome/components/esp32_ble/ble_advertising.cpp,138,esp-idf,err-type,component-local
esphome/components/esp32_ble/ble_advertising.cpp,139,esp-idf,log,component-local
esphome/components/esp32_ble/ble_advertising.h,14,esp-idf,include,component-local
esphome/components/esp32_ble/ble_advertising.h,15,esp-idf,include,component-local
esphome/components/esp32_ble/ble_advertising.h,40,esp-idf,err-type,component-local
esphome/components/esp32_ble/ble_event.h,7,esp-idf,include,component-local
esphome/components/esp32_ble/ble_event.h,8,esp-idf,include,component-local
esphome/components/esp32_ble/ble_event.h,9,esp-idf,include,component-local
esphome/components/esp32_ble/ble_scan_result.h,5,esp-idf,include,component-local
esphome/components/esp32_ble_beacon/esp32_ble_beacon.cpp,1,esp-idf,include,component-local
esphome/components/esp32_ble_beacon/esp32_ble_beacon.cpp,7,esp-idf,include,component-local
esphome/components/esp32_ble_beacon/esp32_ble_beacon.cpp,9,esp-idf,include,component-local
esphome/components/esp32_ble_beacon/esp32_ble_beacon.cpp,10,esp-idf,include,component-local
esphome/components/esp32_ble_beacon/esp32_ble_beacon.cpp,11,freertos,include,component-local
esphome/components/esp32_ble_beacon/esp32_ble_beacon.cpp,12,freertos,include,component-local
esphome/components/esp32_ble_beacon/esp32_ble_beacon.cpp,13,esp-idf,include,component-local
esphome/components/esp32_ble_beacon/esp32_ble_beacon.cpp,83,esp-idf,err-type,component-local
esphome/components/esp32_ble_beacon/esp32_ble_beacon.cpp,85,esp-idf,log,component-local
esphome/components/esp32_ble_beacon/esp32_ble_beacon.cpp,87,esp-idf,err-type,component-local
esphome/components/esp32_ble_beacon/esp32_ble_beacon.cpp,88,esp-idf,log,component-local
esphome/components/esp32_ble_beacon/esp32_ble_beacon.cpp,92,esp-idf,err-type,component-local
esphome/components/esp32_ble_beacon/esp32_ble_beacon.cpp,93,esp-idf,log,component-local
esphome/components/esp32_ble_beacon/esp32_ble_beacon.cpp,102,esp-idf,err-type,component-local
esphome/components/esp32_ble_beacon/esp32_ble_beacon.cpp,106,esp-idf,err-type,component-local
esphome/components/esp32_ble_beacon/esp32_ble_beacon.cpp,107,esp-idf,log,component-local
esphome/components/esp32_ble_beacon/esp32_ble_beacon.cpp,114,esp-idf,log,component-local
esphome/components/esp32_ble_beacon/esp32_ble_beacon.cpp,121,esp-idf,log,component-local
esphome/components/esp32_ble_beacon/esp32_ble_beacon.cpp,123,esp-idf,log,component-local
esphome/components/esp32_ble_beacon/esp32_ble_beacon.h,9,esp-idf,include,component-local
esphome/components/esp32_ble_beacon/esp32_ble_beacon.h,11,esp-idf,include,component-local
esphome/components/esp32_ble_client/ble_characteristic.cpp,40,esp-idf,log,component-local
esphome/components/esp32_ble_client/ble_characteristic.cpp,56,esp-idf,log,component-local
esphome/components/esp32_ble_client/ble_characteristic.cpp,85,esp-idf,err-type,component-local
esphome/components/esp32_ble_client/ble_characteristic.cpp,90,esp-idf,log,component-local
esphome/components/esp32_ble_client/ble_characteristic.cpp,96,esp-idf,err-type,component-local
esphome/components/esp32_ble_client/ble_characteristic.h,33,esp-idf,err-type,component-local
esphome/components/esp32_ble_client/ble_characteristic.h,34,esp-idf,err-type,component-local
esphome/components/esp32_ble_client/ble_client_base.cpp,8,esp-idf,include,component-local
esphome/components/esp32_ble_client/ble_client_base.cpp,9,esp-idf,include,component-local
esphome/components/esp32_ble_client/ble_client_base.cpp,10,esp-idf,include,component-local
esphome/components/esp32_ble_client/ble_client_base.cpp,39,esp-idf,log,component-local
esphome/components/esp32_ble_client/ble_client_base.cpp,51,esp-idf,log,component-local
esphome/components/esp32_ble_client/ble_client_base.cpp,62,esp-idf,log,component-local
esphome/components/esp32_ble_client/ble_client_base.cpp,82,esp-idf,log,component-local
esphome/components/esp32_ble_client/ble_client_base.cpp,84,esp-idf,log,component-local
esphome/components/esp32_ble_client/ble_client_base.cpp,112,esp-idf,log,component-local
esphome/components/esp32_ble_client/ble_client_base.cpp,116,esp-idf,log,component-local
esphome/components/esp32_ble_client/ble_client_base.cpp,120,esp-idf,log,component-local
esphome/components/esp32_ble_client/ble_client_base.cpp,145,esp-idf,err-type,component-local
esphome/components/esp32_ble_client/ble_client_base.cpp,149,esp-idf,log,component-local
esphome/components/esp32_ble_client/ble_client_base.cpp,154,esp-idf,log,component-local
esphome/components/esp32_ble_client/ble_client_base.cpp,164,esp-idf,log,component-local
esphome/components/esp32_ble_client/ble_client_base.cpp,174,esp-idf,err-type,component-local
esphome/components/esp32_ble_client/ble_client_base.cpp,206,esp-idf,err-type,component-local
esphome/components/esp32_ble_client/ble_client_base.cpp,207,esp-idf,err-type,component-local
esphome/components/esp32_ble_client/ble_client_base.cpp,208,esp-idf,err-type,component-local
esphome/components/esp32_ble_client/ble_client_base.cpp,221,esp-idf,log,component-local
esphome/components/esp32_ble_client/ble_client_base.cpp,225,esp-idf,log,component-local
esphome/components/esp32_ble_client/ble_client_base.cpp,233,esp-idf,log,component-local
esphome/components/esp32_ble_client/ble_client_base.cpp,237,esp-idf,log,component-local
esphome/components/esp32_ble_client/ble_client_base.cpp,240,esp-idf,err-type,component-local
esphome/components/esp32_ble_client/ble_client_base.cpp,241,esp-idf,log,component-local
esphome/components/esp32_ble_client/ble_client_base.cpp,245,esp-idf,log,component-local
esphome/components/esp32_ble_client/ble_client_base.cpp,248,esp-idf,err-type,component-local
esphome/components/esp32_ble_client/ble_client_base.cpp,257,esp-idf,log,component-local
esphome/components/esp32_ble_client/ble_client_base.cpp,261,esp-idf,log,component-local
esphome/components/esp32_ble_client/ble_client_base.cpp,265,esp-idf,log,component-local
esphome/components/esp32_ble_client/ble_client_base.cpp,268,esp-idf,err-type,component-local
esphome/components/esp32_ble_client/ble_client_base.cpp,277,esp-idf,err-type,component-local
esphome/components/esp32_ble_client/ble_client_base.cpp,278,esp-idf,err-type,component-local
esphome/components/esp32_ble_client/ble_client_base.cpp,289,esp-idf,err-type,component-local
esphome/components/esp32_ble_client/ble_client_base.cpp,290,esp-idf,err-type,component-local
esphome/components/esp32_ble_client/ble_client_base.cpp,302,esp-idf,log,component-local
esphome/components/esp32_ble_client/ble_client_base.cpp,308,esp-idf,log,component-local
esphome/components/esp32_ble_client/ble_client_base.cpp,329,esp-idf,log,component-local
esphome/components/esp32_ble_client/ble_client_base.cpp,338,esp-idf,log,component-local
esphome/components/esp32_ble_client/ble_client_base.cpp,357,esp-idf,log,component-local
esphome/components/esp32_ble_client/ble_client_base.cpp,393,esp-idf,log,component-local
esphome/components/esp32_ble_client/ble_client_base.cpp,419,esp-idf,log,component-local
esphome/components/esp32_ble_client/ble_client_base.cpp,424,esp-idf,log,component-local
esphome/components/esp32_ble_client/ble_client_base.cpp,471,esp-idf,log,component-local
esphome/components/esp32_ble_client/ble_client_base.cpp,472,esp-idf,log,component-local
esphome/components/esp32_ble_client/ble_client_base.cpp,478,esp-idf,log,component-local
esphome/components/esp32_ble_client/ble_client_base.cpp,550,esp-idf,err-type,component-local
esphome/components/esp32_ble_client/ble_client_base.cpp,553,esp-idf,log,component-local
esphome/components/esp32_ble_client/ble_client_base.cpp,567,esp-idf,log,component-local
esphome/components/esp32_ble_client/ble_client_base.cpp,584,esp-idf,log,component-local
esphome/components/esp32_ble_client/ble_client_base.cpp,593,esp-idf,log,component-local
esphome/components/esp32_ble_client/ble_client_base.cpp,598,esp-idf,log,component-local
esphome/components/esp32_ble_client/ble_client_base.cpp,660,esp-idf,log,component-local
esphome/components/esp32_ble_client/ble_client_base.h,15,esp-idf,include,component-local
esphome/components/esp32_ble_client/ble_client_base.h,16,esp-idf,include,component-local
esphome/components/esp32_ble_client/ble_client_base.h,17,esp-idf,include,component-local
esphome/components/esp32_ble_client/ble_client_base.h,18,esp-idf,include,component-local
esphome/components/esp32_ble_client/ble_client_base.h,42,esp-idf,err-type,component-local
esphome/components/esp32_ble_client/ble_client_base.h,48,esp-idf,err-type,component-local
esphome/components/esp32_ble_client/ble_client_base.h,149,esp-idf,err-type,component-local
esphome/components/esp32_ble_client/ble_client_base.h,154,esp-idf,err-type,component-local
esphome/components/esp32_ble_client/ble_client_base.h,156,esp-idf,err-type,component-local
esphome/components/esp32_ble_client/ble_client_base.h,162,esp-idf,err-type,component-local
esphome/components/esp32_ble_client/ble_service.cpp,53,esp-idf,log,component-local
esphome/components/esp32_ble_client/ble_service.cpp,70,esp-idf,log,component-local
esphome/components/esp32_ble_server/ble_characteristic.cpp,61,esp-idf,log,component-local
esphome/components/esp32_ble_server/ble_characteristic.cpp,64,esp-idf,err-type,component-local
esphome/components/esp32_ble_server/ble_characteristic.cpp,66,esp-idf,err-type,component-local
esphome/components/esp32_ble_server/ble_characteristic.cpp,67,esp-idf,log,component-local
esphome/components/esp32_ble_server/ble_characteristic.cpp,106,esp-idf,log,component-local
esphome/components/esp32_ble_server/ble_characteristic.cpp,110,esp-idf,err-type,component-local
esphome/components/esp32_ble_server/ble_characteristic.cpp,113,esp-idf,err-type,component-local
esphome/components/esp32_ble_server/ble_characteristic.cpp,114,esp-idf,log,component-local
esphome/components/esp32_ble_server/ble_characteristic.cpp,215,esp-idf,log,component-local
esphome/components/esp32_ble_server/ble_characteristic.cpp,226,esp-idf,err-type,component-local
esphome/components/esp32_ble_server/ble_characteristic.cpp,228,esp-idf,err-type,component-local
esphome/components/esp32_ble_server/ble_characteristic.cpp,229,esp-idf,log,component-local
esphome/components/esp32_ble_server/ble_characteristic.cpp,271,esp-idf,err-type,component-local
esphome/components/esp32_ble_server/ble_characteristic.cpp,274,esp-idf,err-type,component-local
esphome/components/esp32_ble_server/ble_characteristic.cpp,275,esp-idf,log,component-local
esphome/components/esp32_ble_server/ble_characteristic.cpp,297,esp-idf,err-type,component-local
esphome/components/esp32_ble_server/ble_characteristic.cpp,299,esp-idf,err-type,component-local
esphome/components/esp32_ble_server/ble_characteristic.cpp,300,esp-idf,log,component-local
esphome/components/esp32_ble_server/ble_characteristic.h,14,esp-idf,include,component-local
esphome/components/esp32_ble_server/ble_characteristic.h,15,esp-idf,include,component-local
esphome/components/esp32_ble_server/ble_characteristic.h,16,esp-idf,include,component-local
esphome/components/esp32_ble_server/ble_characteristic.h,17,esp-idf,include,component-local
esphome/components/esp32_ble_server/ble_characteristic.h,18,esp-idf,include,component-local
esphome/components/esp32_ble_server/ble_descriptor.cpp,39,esp-idf,log,component-local
esphome/components/esp32_ble_server/ble_descriptor.cpp,42,esp-idf,err-type,component-local
esphome/components/esp32_ble_server/ble_descriptor.cpp,44,esp-idf,err-type,component-local
esphome/components/esp32_ble_server/ble_descriptor.cpp,45,esp-idf,log,component-local
esphome/components/esp32_ble_server/ble_descriptor.cpp,58,esp-idf,log,component-local
esphome/components/esp32_ble_server/ble_descriptor.cpp,81,esp-idf,log,component-local
esphome/components/esp32_ble_server/ble_descriptor.h,8,esp-idf,include,component-local
esphome/components/esp32_ble_server/ble_descriptor.h,9,esp-idf,include,component-local
esphome/components/esp32_ble_server/ble_server.cpp,10,esp-idf,include,component-local
esphome/components/esp32_ble_server/ble_server.cpp,11,freertos,include,component-local
esphome/components/esp32_ble_server/ble_server.cpp,12,esp-idf,include,component-local
esphome/components/esp32_ble_server/ble_server.cpp,14,esp-idf,include,component-local
esphome/components/esp32_ble_server/ble_server.cpp,16,freertos,include,component-local
esphome/components/esp32_ble_server/ble_server.cpp,17,esp-idf,include,component-local
esphome/components/esp32_ble_server/ble_server.cpp,26,esp-idf,log,component-local
esphome/components/esp32_ble_server/ble_server.cpp,55,esp-idf,err-type,component-local
esphome/components/esp32_ble_server/ble_server.cpp,56,esp-idf,err-type,component-local
esphome/components/esp32_ble_server/ble_server.cpp,57,esp-idf,log,component-local
esphome/components/esp32_ble_server/ble_server.cpp,85,esp-idf,log,component-local
esphome/components/esp32_ble_server/ble_server.cpp,120,esp-idf,log,component-local
esphome/components/esp32_ble_server/ble_server.cpp,132,esp-idf,log,component-local
esphome/components/esp32_ble_server/ble_server.cpp,148,esp-idf,log,component-local
esphome/components/esp32_ble_server/ble_server.cpp,160,esp-idf,log,component-local
esphome/components/esp32_ble_server/ble_server.cpp,184,esp-idf,log,component-local
esphome/components/esp32_ble_server/ble_server.cpp,194,esp-idf,log,component-local
esphome/components/esp32_ble_server/ble_server.cpp,231,esp-idf,log,component-local
esphome/components/esp32_ble_server/ble_server.h,19,esp-idf,include,component-local
esphome/components/esp32_ble_server/ble_service.cpp,51,esp-idf,err-type,component-local
esphome/components/esp32_ble_server/ble_service.cpp,52,esp-idf,err-type,component-local
esphome/components/esp32_ble_server/ble_service.cpp,53,esp-idf,log,component-local
esphome/components/esp32_ble_server/ble_service.cpp,70,esp-idf,err-type,component-local
esphome/components/esp32_ble_server/ble_service.cpp,71,esp-idf,err-type,component-local
esphome/components/esp32_ble_server/ble_service.cpp,72,esp-idf,log,component-local
esphome/components/esp32_ble_server/ble_service.cpp,97,esp-idf,err-type,component-local
esphome/components/esp32_ble_server/ble_service.cpp,98,esp-idf,err-type,component-local
esphome/components/esp32_ble_server/ble_service.cpp,99,esp-idf,log,component-local
esphome/components/esp32_ble_server/ble_service.cpp,115,esp-idf,err-type,component-local
esphome/components/esp32_ble_server/ble_service.cpp,116,esp-idf,err-type,component-local
esphome/components/esp32_ble_server/ble_service.cpp,117,esp-idf,log,component-local
esphome/components/esp32_ble_server/ble_service.h,10,esp-idf,include,component-local
esphome/components/esp32_ble_server/ble_service.h,11,esp-idf,include,component-local
esphome/components/esp32_ble_server/ble_service.h,12,esp-idf,include,component-local
esphome/components/esp32_ble_server/ble_service.h,13,esp-idf,include,component-local
esphome/components/esp32_ble_server/ble_service.h,14,esp-idf,include,component-local
esphome/components/esp32_ble_tracker/esp32_ble_tracker.cpp,3,esp-idf,include,component-local
esphome/components/esp32_ble_tracker/esp32_ble_tracker.cpp,11,esp-idf,include,component-local
esphome/components/esp32_ble_tracker/esp32_ble_tracker.cpp,13,esp-idf,include,component-local
esphome/components/esp32_ble_tracker/esp32_ble_tracker.cpp,14,esp-idf,include,component-local
esphome/components/esp32_ble_tracker/esp32_ble_tracker.cpp,15,esp-idf,include,component-local
esphome/components/esp32_ble_tracker/esp32_ble_tracker.cpp,16,freertos,include,component-local
esphome/components/esp32_ble_tracker/esp32_ble_tracker.cpp,17,freertos,include,component-local
esphome/components/esp32_ble_tracker/esp32_ble_tracker.cpp,18,freertos,include,component-local
esphome/components/esp32_ble_tracker/esp32_ble_tracker.cpp,19,esp-idf,include,component-local
esphome/components/esp32_ble_tracker/esp32_ble_tracker.cpp,27,esp-idf,include,component-local
esphome/components/esp32_ble_tracker/esp32_ble_tracker.cpp,44,esp-idf,log,component-local
esphome/components/esp32_ble_tracker/esp32_ble_tracker.cpp,58,esp-idf,log,component-local
esphome/components/esp32_ble_tracker/esp32_ble_tracker.cpp,99,esp-idf,log,component-local
esphome/components/esp32_ble_tracker/esp32_ble_tracker.cpp,106,esp-idf,log,component-local
esphome/components/esp32_ble_tracker/esp32_ble_tracker.cpp,140,esp-idf,log,component-local
esphome/components/esp32_ble_tracker/esp32_ble_tracker.cpp,212,esp-idf,log,component-local
esphome/components/esp32_ble_tracker/esp32_ble_tracker.cpp,228,esp-idf,log,component-local
esphome/components/esp32_ble_tracker/esp32_ble_tracker.cpp,235,esp-idf,err-type,component-local
esphome/components/esp32_ble_tracker/esp32_ble_tracker.cpp,236,esp-idf,err-type,component-local
esphome/components/esp32_ble_tracker/esp32_ble_tracker.cpp,237,esp-idf,log,component-local
esphome/components/esp32_ble_tracker/esp32_ble_tracker.cpp,245,esp-idf,log,component-local
esphome/components/esp32_ble_tracker/esp32_ble_tracker.cpp,253,esp-idf,log,component-local
esphome/components/esp32_ble_tracker/esp32_ble_tracker.cpp,271,esp-idf,log,component-local
esphome/components/esp32_ble_tracker/esp32_ble_tracker.cpp,284,esp-idf,err-type,component-local
esphome/components/esp32_ble_tracker/esp32_ble_tracker.cpp,285,esp-idf,err-type,component-local
esphome/components/esp32_ble_tracker/esp32_ble_tracker.cpp,286,esp-idf,log,component-local
esphome/components/esp32_ble_tracker/esp32_ble_tracker.cpp,290,esp-idf,err-type,component-local
esphome/components/esp32_ble_tracker/esp32_ble_tracker.cpp,291,esp-idf,log,component-local
esphome/components/esp32_ble_tracker/esp32_ble_tracker.cpp,370,esp-idf,log,component-local
esphome/components/esp32_ble_tracker/esp32_ble_tracker.cpp,380,esp-idf,log,component-local
esphome/components/esp32_ble_tracker/esp32_ble_tracker.cpp,399,esp-idf,log,component-local
esphome/components/esp32_ble_tracker/esp32_ble_tracker.cpp,514,esp-idf,log,component-local
esphome/components/esp32_ble_tracker/esp32_ble_tracker.cpp,546,esp-idf,log,component-local
esphome/components/esp32_ble_tracker/esp32_ble_tracker.cpp,551,esp-idf,log,component-local
esphome/components/esp32_ble_tracker/esp32_ble_tracker.cpp,555,esp-idf,log,component-local
esphome/components/esp32_ble_tracker/esp32_ble_tracker.cpp,569,esp-idf,log,component-local
esphome/components/esp32_ble_tracker/esp32_ble_tracker.cpp,577,esp-idf,log,component-local
esphome/components/esp32_ble_tracker/esp32_ble_tracker.cpp,607,esp-idf,log,component-local
esphome/components/esp32_ble_tracker/esp32_ble_tracker.cpp,615,esp-idf,log,component-local
esphome/components/esp32_ble_tracker/esp32_ble_tracker.cpp,619,esp-idf,log,component-local
esphome/components/esp32_ble_tracker/esp32_ble_tracker.h,14,esp-idf,include,component-local
esphome/components/esp32_ble_tracker/esp32_ble_tracker.h,15,esp-idf,include,component-local
esphome/components/esp32_ble_tracker/esp32_ble_tracker.h,16,esp-idf,include,component-local
esphome/components/esp32_ble_tracker/esp32_ble_tracker.h,18,freertos,include,component-local
esphome/components/esp32_ble_tracker/esp32_ble_tracker.h,19,freertos,include,component-local
esphome/components/esp32_camera/esp32_camera.cpp,3,esp-idf,include,component-local
esphome/components/esp32_camera/esp32_camera.cpp,8,freertos,include,component-local
esphome/components/esp32_camera/esp32_camera.cpp,98,esp-idf,err-type,component-local
esphome/components/esp32_camera/esp32_camera.cpp,99,esp-idf,err-type,component-local
esphome/components/esp32_camera/esp32_camera.cpp,100,esp-idf,log,component-local
esphome/components/esp32_camera/esp32_camera.cpp,110,freertos,queue,component-local
esphome/components/esp32_camera/esp32_camera.cpp,111,freertos,queue,component-local
esphome/components/esp32_camera/esp32_camera.cpp,112,freertos,task-create,component-local
esphome/components/esp32_camera/esp32_camera.cpp,143,esp-idf,log,component-local
esphome/components/esp32_camera/esp32_camera.cpp,149,esp-idf,log,component-local
esphome/components/esp32_camera/esp32_camera.cpp,214,freertos,queue,component-local
esphome/components/esp32_camera/esp32_camera.cpp,231,freertos,queue,component-local
esphome/components/esp32_camera/esp32_camera.cpp,238,esp-idf,log,component-local
esphome/components/esp32_camera/esp32_camera.cpp,239,freertos,queue,component-local
esphome/components/esp32_camera/esp32_camera.cpp,253,freertos,queue,component-local
esphome/components/esp32_camera/esp32_camera.cpp,255,esp-idf,log,component-local
esphome/components/esp32_camera/esp32_camera.cpp,261,esp-idf,log,component-local
esphome/components/esp32_camera/esp32_camera.cpp,277,esp-idf,log,component-local
esphome/components/esp32_camera/esp32_camera.cpp,285,esp-idf,log,component-local
esphome/components/esp32_camera/esp32_camera.cpp,521,freertos,queue,component-local
esphome/components/esp32_camera/esp32_camera.cpp,527,freertos,queue,component-local
esphome/components/esp32_camera/esp32_camera.h,6,esp-idf,include,component-local
esphome/components/esp32_camera/esp32_camera.h,7,freertos,include,component-local
esphome/components/esp32_camera/esp32_camera.h,8,freertos,include,component-local
esphome/components/esp32_camera/esp32_camera.h,218,esp-idf,err-type,component-local
esphome/components/esp32_camera/esp32_camera.h,222,freertos,queue,component-local
esphome/components/esp32_camera/esp32_camera.h,223,freertos,queue,component-local
esphome/components/esp32_camera_web_server/camera_web_server.cpp,11,esp-idf,include,component-local
esphome/components/esp32_camera_web_server/camera_web_server.cpp,49,freertos,semaphore,component-local
esphome/components/esp32_camera_web_server/camera_web_server.cpp,58,esp-idf,err-type,component-local
esphome/components/esp32_camera_web_server/camera_web_server.cpp,77,freertos,semaphore,component-local
esphome/components/esp32_camera_web_server/camera_web_server.cpp,102,esp-idf,log,component-local
esphome/components/esp32_camera_web_server/camera_web_server.cpp,139,freertos,semaphore,component-local
esphome/components/esp32_camera_web_server/camera_web_server.cpp,139,freertos,tick,component-local
esphome/components/esp32_camera_web_server/camera_web_server.cpp,148,esp-idf,err-type,component-local
esphome/components/esp32_camera_web_server/camera_web_server.cpp,149,esp-idf,err-type,component-local
esphome/components/esp32_camera_web_server/camera_web_server.cpp,169,esp-idf,err-type,component-local
esphome/components/esp32_camera_web_server/camera_web_server.cpp,175,esp-idf,err-type,component-local
esphome/components/esp32_camera_web_server/camera_web_server.cpp,180,esp-idf,err-type,component-local
esphome/components/esp32_camera_web_server/camera_web_server.cpp,183,esp-idf,err-type,component-local
esphome/components/esp32_camera_web_server/camera_web_server.cpp,184,esp-idf,err-type,component-local
esphome/components/esp32_camera_web_server/camera_web_server.cpp,191,esp-idf,err-type,component-local
esphome/components/esp32_camera_web_server/camera_web_server.cpp,192,esp-idf,log,component-local
esphome/components/esp32_camera_web_server/camera_web_server.cpp,207,esp-idf,err-type,component-local
esphome/components/esp32_camera_web_server/camera_web_server.cpp,214,esp-idf,log,component-local
esphome/components/esp32_camera_web_server/camera_web_server.cpp,216,esp-idf,err-type,component-local
esphome/components/esp32_camera_web_server/camera_web_server.cpp,218,esp-idf,err-type,component-local
esphome/components/esp32_camera_web_server/camera_web_server.cpp,222,esp-idf,err-type,component-local
esphome/components/esp32_camera_web_server/camera_web_server.cpp,225,esp-idf,err-type,component-local
esphome/components/esp32_camera_web_server/camera_web_server.cpp,228,esp-idf,err-type,component-local
esphome/components/esp32_camera_web_server/camera_web_server.cpp,234,esp-idf,log,component-local
esphome/components/esp32_camera_web_server/camera_web_server.cpp,249,esp-idf,log,component-local
esphome/components/esp32_camera_web_server/camera_web_server.cpp,259,esp-idf,log,component-local
esphome/components/esp32_camera_web_server/camera_web_server.cpp,264,esp-idf,err-type,component-local
esphome/components/esp32_camera_web_server/camera_web_server.cpp,265,esp-idf,err-type,component-local
esphome/components/esp32_camera_web_server/camera_web_server.cpp,272,esp-idf,log,component-local
esphome/components/esp32_camera_web_server/camera_web_server.cpp,274,esp-idf,err-type,component-local
esphome/components/esp32_camera_web_server/camera_web_server.cpp,279,esp-idf,err-type,component-local
esphome/components/esp32_camera_web_server/camera_web_server.cpp,280,esp-idf,log,component-local
esphome/components/esp32_camera_web_server/camera_web_server.cpp,286,esp-idf,err-type,component-local
esphome/components/esp32_camera_web_server/camera_web_server.h,6,freertos,include,component-local
esphome/components/esp32_camera_web_server/camera_web_server.h,7,freertos,include,component-local
esphome/components/esp32_camera_web_server/camera_web_server.h,38,esp-idf,err-type,component-local
esphome/components/esp32_camera_web_server/camera_web_server.h,39,esp-idf,err-type,component-local
esphome/components/esp32_camera_web_server/camera_web_server.h,40,esp-idf,err-type,component-local
esphome/components/esp32_camera_web_server/camera_web_server.h,44,freertos,semaphore,component-local
esphome/components/esp32_can/esp32_can.cpp,2,esp-idf,include,component-local
esphome/components/esp32_can/esp32_can.cpp,5,esp-idf,include,component-local
esphome/components/esp32_can/esp32_can.cpp,72,esp-idf,log,component-local
esphome/components/esp32_can/esp32_can.cpp,81,esp-idf,log,component-local
esphome/components/esp32_can/esp32_can.cpp,104,esp-idf,err-type,component-local
esphome/components/esp32_can/esp32_can.cpp,111,esp-idf,err-type,component-local
esphome/components/esp32_can/esp32_can.cpp,122,esp-idf,log,component-local
esphome/components/esp32_can/esp32_can.cpp,153,esp-idf,err-type,component-local
esphome/components/esp32_can/esp32_can.cpp,168,esp-idf,err-type,component-local
esphome/components/esp32_can/esp32_can.h,8,esp-idf,include,component-local
esphome/components/esp32_can/esp32_can.h,25,freertos,tick,component-local
esphome/components/esp32_dac/esp32_dac.cpp,1,esp-idf,include,component-local
esphome/components/esp32_dac/esp32_dac.h,10,esp-idf,include,component-local
esphome/components/esp32_hosted/esp_now_hosted.cpp,26,freertos,include,component-local
esphome/components/esp32_hosted/esp_now_hosted.cpp,27,freertos,include,component-local
esphome/components/esp32_hosted/esp_now_hosted.cpp,29,esp-idf,include,component-local
esphome/components/esp32_hosted/esp_now_hosted.cpp,30,esp-idf,include,component-local
esphome/components/esp32_hosted/esp_now_hosted.cpp,31,esp-idf,include,component-local
esphome/components/esp32_hosted/esp_now_hosted.cpp,33,esp-idf,include,component-local
esphome/components/esp32_hosted/esp_now_hosted.cpp,34,esp-idf,include,component-local
esphome/components/esp32_hosted/esp_now_hosted.cpp,41,esp-idf,include,component-local
esphome/components/esp32_hosted/esp_now_hosted.cpp,44,esp-idf,include,component-local
esphome/components/esp32_hosted/esp_now_hosted.cpp,55,freertos,semaphore,component-local
esphome/components/esp32_hosted/esp_now_hosted.cpp,56,freertos,semaphore,component-local
esphome/components/esp32_hosted/esp_now_hosted.cpp,99,freertos,critical,component-local
esphome/components/esp32_hosted/esp_now_hosted.cpp,101,freertos,critical,component-local
esphome/components/esp32_hosted/esp_now_hosted.cpp,106,freertos,critical,component-local
esphome/components/esp32_hosted/esp_now_hosted.cpp,109,freertos,critical,component-local
esphome/components/esp32_hosted/esp_now_hosted.cpp,113,freertos,critical,component-local
esphome/components/esp32_hosted/esp_now_hosted.cpp,120,freertos,critical,component-local
esphome/components/esp32_hosted/esp_now_hosted.cpp,124,freertos,critical,component-local
esphome/components/esp32_hosted/esp_now_hosted.cpp,126,freertos,critical,component-local
esphome/components/esp32_hosted/esp_now_hosted.cpp,136,esp-idf,log,component-local
esphome/components/esp32_hosted/esp_now_hosted.cpp,141,esp-idf,log,component-local
esphome/components/esp32_hosted/esp_now_hosted.cpp,148,esp-idf,log,component-local
esphome/components/esp32_hosted/esp_now_hosted.cpp,157,esp-idf,log,component-local
esphome/components/esp32_hosted/esp_now_hosted.cpp,159,esp-idf,err-type,component-local
esphome/components/esp32_hosted/esp_now_hosted.cpp,162,freertos,semaphore,component-local
esphome/components/esp32_hosted/esp_now_hosted.cpp,173,esp-idf,log,component-local
esphome/components/esp32_hosted/esp_now_hosted.cpp,178,esp-idf,log,component-local
esphome/components/esp32_hosted/esp_now_hosted.cpp,187,esp-idf,timer,component-local
esphome/components/esp32_hosted/esp_now_hosted.cpp,203,esp-idf,log,component-local
esphome/components/esp32_hosted/esp_now_hosted.cpp,221,esp-idf,err-type,component-local
esphome/components/esp32_hosted/esp_now_hosted.cpp,227,esp-idf,err-type,component-local
esphome/components/esp32_hosted/esp_now_hosted.cpp,229,freertos,semaphore,component-local
esphome/components/esp32_hosted/esp_now_hosted.cpp,231,freertos,semaphore,component-local
esphome/components/esp32_hosted/esp_now_hosted.cpp,233,esp-idf,err-type,component-local
esphome/components/esp32_hosted/esp_now_hosted.cpp,234,esp-idf,err-type,component-local
esphome/components/esp32_hosted/esp_now_hosted.cpp,235,esp-idf,err-type,component-local
esphome/components/esp32_hosted/esp_now_hosted.cpp,237,esp-idf,err-type,component-local
esphome/components/esp32_hosted/esp_now_hosted.cpp,239,esp-idf,err-type,component-local
esphome/components/esp32_hosted/esp_now_hosted.cpp,242,esp-idf,err-type,component-local
esphome/components/esp32_hosted/esp_now_hosted.cpp,254,esp-idf,err-type,component-local
esphome/components/esp32_hosted/esp_now_hosted.cpp,256,esp-idf,err-type,component-local
esphome/components/esp32_hosted/esp_now_hosted.cpp,257,esp-idf,err-type,component-local
esphome/components/esp32_hosted/esp_now_hosted.cpp,260,esp-idf,err-type,component-local
esphome/components/esp32_hosted/esp_now_hosted.cpp,263,freertos,semaphore,component-local
esphome/components/esp32_hosted/esp_now_hosted.cpp,264,esp-idf,err-type,component-local
esphome/components/esp32_hosted/esp_now_hosted.cpp,277,freertos,semaphore,component-local
esphome/components/esp32_hosted/esp_now_hosted.cpp,279,esp-idf,err-type,component-local
esphome/components/esp32_hosted/esp_now_hosted.cpp,280,freertos,semaphore,component-local
esphome/components/esp32_hosted/esp_now_hosted.cpp,289,freertos,semaphore,component-local
esphome/components/esp32_hosted/esp_now_hosted.cpp,290,esp-idf,err-type,component-local
esphome/components/esp32_hosted/esp_now_hosted.cpp,292,freertos,semaphore,component-local
esphome/components/esp32_hosted/esp_now_hosted.cpp,292,freertos,tick,component-local
esphome/components/esp32_hosted/esp_now_hosted.cpp,293,esp-idf,log,component-local
esphome/components/esp32_hosted/esp_now_hosted.cpp,294,freertos,semaphore,component-local
esphome/components/esp32_hosted/esp_now_hosted.cpp,295,esp-idf,err-type,component-local
esphome/components/esp32_hosted/esp_now_hosted.cpp,305,freertos,semaphore,component-local
esphome/components/esp32_hosted/esp_now_hosted.cpp,306,esp-idf,err-type,component-local
esphome/components/esp32_hosted/esp_now_hosted.cpp,314,esp-idf,err-type,component-local
esphome/components/esp32_hosted/esp_now_hosted.cpp,316,esp-idf,err-type,component-local
esphome/components/esp32_hosted/esp_now_hosted.cpp,323,esp-idf,err-type,component-local
esphome/components/esp32_hosted/esp_now_hosted.cpp,326,esp-idf,err-type,component-local
esphome/components/esp32_hosted/esp_now_hosted.cpp,332,esp-idf,err-type,component-local
esphome/components/esp32_hosted/esp_now_hosted.cpp,335,esp-idf,err-type,component-local
esphome/components/esp32_hosted/esp_now_hosted.cpp,336,esp-idf,err-type,component-local
esphome/components/esp32_hosted/esp_now_hosted.cpp,339,esp-idf,err-type,component-local
esphome/components/esp32_hosted/esp_now_hosted.cpp,341,esp-idf,err-type,component-local
esphome/components/esp32_hosted/esp_now_hosted.cpp,343,esp-idf,err-type,component-local
esphome/components/esp32_hosted/esp_now_hosted.cpp,345,esp-idf,err-type,component-local
esphome/components/esp32_hosted/esp_now_hosted.cpp,346,esp-idf,err-type,component-local
esphome/components/esp32_hosted/esp_now_hosted.cpp,347,esp-idf,err-type,component-local
esphome/components/esp32_hosted/esp_now_hosted.cpp,350,esp-idf,err-type,component-local
esphome/components/esp32_hosted/esp_now_hosted.cpp,352,esp-idf,err-type,component-local
esphome/components/esp32_hosted/esp_now_hosted.cpp,354,esp-idf,err-type,component-local
esphome/components/esp32_hosted/esp_now_hosted.cpp,357,esp-idf,err-type,component-local
esphome/components/esp32_hosted/esp_now_hosted.cpp,359,esp-idf,err-type,component-local
esphome/components/esp32_hosted/esp_now_hosted.cpp,369,esp-idf,err-type,component-local
esphome/components/esp32_hosted/esp_now_hosted.cpp,379,esp-idf,err-type,component-local
esphome/components/esp32_hosted/esp_now_hosted.cpp,380,esp-idf,err-type,component-local
esphome/components/esp32_hosted/esp_now_hosted.cpp,384,esp-idf,err-type,component-local
esphome/components/esp32_hosted/esp_now_hosted.cpp,391,esp-idf,err-type,component-local
esphome/components/esp32_hosted/esp_now_hosted.cpp,393,esp-idf,err-type,component-local
esphome/components/esp32_hosted/esp_now_hosted.cpp,396,esp-idf,err-type,component-local
esphome/components/esp32_hosted/esp_now_hosted.cpp,397,esp-idf,err-type,component-local
esphome/components/esp32_hosted/esp_now_hosted.cpp,411,esp-idf,err-type,component-local
esphome/components/esp32_hosted/esp_now_hosted.cpp,413,esp-idf,err-type,component-local
esphome/components/esp32_hosted/esp_now_hosted.cpp,415,esp-idf,err-type,component-local
esphome/components/esp32_hosted/esp_now_hosted.cpp,440,esp-idf,err-type,component-local
esphome/components/esp32_hosted/esp_now_hosted.cpp,442,esp-idf,err-type,component-local
esphome/components/esp32_hosted/esp_now_hosted.cpp,450,esp-idf,err-type,component-local
esphome/components/esp32_hosted/esp_now_hosted.cpp,451,esp-idf,err-type,component-local
esphome/components/esp32_hosted/esp_now_hosted.cpp,453,esp-idf,err-type,component-local
esphome/components/esp32_hosted/esp_now_hosted.cpp,454,esp-idf,err-type,component-local
esphome/components/esp32_hosted/esp_now_hosted.cpp,455,esp-idf,err-type,component-local
esphome/components/esp32_hosted/esp_now_hosted.cpp,456,esp-idf,err-type,component-local
esphome/components/esp32_hosted/esp_now_hosted.cpp,458,esp-idf,err-type,component-local
esphome/components/esp32_hosted/esp_now_hosted.cpp,459,esp-idf,err-type,component-local
esphome/components/esp32_hosted/esp_now_hosted.cpp,461,esp-idf,err-type,component-local
esphome/components/esp32_hosted/esp_now_hosted.cpp,461,esp-idf,wifi,component-local
esphome/components/esp32_hosted/esp_now_hosted.cpp,462,esp-idf,err-type,component-local
esphome/components/esp32_hosted/esp_now_hosted_rpc.h,80,esp-idf,err-type,component-local
esphome/components/esp32_hosted/update/esp32_hosted_update.cpp,2,esp-idf,include,component-local
esphome/components/esp32_hosted/update/esp32_hosted_update.cpp,7,esp-idf,include,component-local
esphome/components/esp32_hosted/update/esp32_hosted_update.cpp,8,esp-idf,include,component-local
esphome/components/esp32_hosted/update/esp32_hosted_update.cpp,9,esp-idf,include,component-local
esphome/components/esp32_hosted/update/esp32_hosted_update.cpp,10,esp-idf,include,component-local
esphome/components/esp32_hosted/update/esp32_hosted_update.cpp,11,esp-idf,include,component-local
esphome/components/esp32_hosted/update/esp32_hosted_update.cpp,20,esp-idf,include,component-local
esphome/components/esp32_hosted/update/esp32_hosted_update.cpp,95,esp-idf,err-type,component-local
esphome/components/esp32_hosted/update/esp32_hosted_update.cpp,103,esp-idf,log,component-local
esphome/components/esp32_hosted/update/esp32_hosted_update.cpp,111,esp-idf,log,component-local
esphome/components/esp32_hosted/update/esp32_hosted_update.cpp,126,esp-idf,log,component-local
esphome/components/esp32_hosted/update/esp32_hosted_update.cpp,131,esp-idf,log,component-local
esphome/components/esp32_hosted/update/esp32_hosted_update.cpp,184,esp-idf,log,component-local
esphome/components/esp32_hosted/update/esp32_hosted_update.cpp,214,esp-idf,log,component-local
esphome/components/esp32_hosted/update/esp32_hosted_update.cpp,218,esp-idf,log,component-local
esphome/components/esp32_hosted/update/esp32_hosted_update.cpp,252,esp-idf,log,component-local
esphome/components/esp32_hosted/update/esp32_hosted_update.cpp,258,esp-idf,log,component-local
esphome/components/esp32_hosted/update/esp32_hosted_update.cpp,276,esp-idf,log,component-local
esphome/components/esp32_hosted/update/esp32_hosted_update.cpp,298,esp-idf,log,component-local
esphome/components/esp32_hosted/update/esp32_hosted_update.cpp,307,esp-idf,log,component-local
esphome/components/esp32_hosted/update/esp32_hosted_update.cpp,311,esp-idf,log,component-local
esphome/components/esp32_hosted/update/esp32_hosted_update.cpp,317,esp-idf,log,component-local
esphome/components/esp32_hosted/update/esp32_hosted_update.cpp,326,esp-idf,log,component-local
esphome/components/esp32_hosted/update/esp32_hosted_update.cpp,330,esp-idf,log,component-local
esphome/components/esp32_hosted/update/esp32_hosted_update.cpp,336,esp-idf,log,component-local
esphome/components/esp32_hosted/update/esp32_hosted_update.cpp,339,esp-idf,err-type,component-local
esphome/components/esp32_hosted/update/esp32_hosted_update.cpp,340,esp-idf,err-type,component-local
esphome/components/esp32_hosted/update/esp32_hosted_update.cpp,341,esp-idf,log,component-local
esphome/components/esp32_hosted/update/esp32_hosted_update.cpp,373,esp-idf,log,component-local
esphome/components/esp32_hosted/update/esp32_hosted_update.cpp,375,esp-idf,log,component-local
esphome/components/esp32_hosted/update/esp32_hosted_update.cpp,385,esp-idf,err-type,component-local
esphome/components/esp32_hosted/update/esp32_hosted_update.cpp,386,esp-idf,log,component-local
esphome/components/esp32_hosted/update/esp32_hosted_update.cpp,398,esp-idf,log,component-local
esphome/components/esp32_hosted/update/esp32_hosted_update.cpp,404,esp-idf,log,component-local
esphome/components/esp32_hosted/update/esp32_hosted_update.cpp,410,esp-idf,log,component-local
esphome/components/esp32_hosted/update/esp32_hosted_update.cpp,421,esp-idf,log,component-local
esphome/components/esp32_hosted/update/esp32_hosted_update.cpp,426,esp-idf,log,component-local
esphome/components/esp32_hosted/update/esp32_hosted_update.cpp,428,esp-idf,err-type,component-local
esphome/components/esp32_hosted/update/esp32_hosted_update.cpp,429,esp-idf,err-type,component-local
esphome/components/esp32_hosted/update/esp32_hosted_update.cpp,430,esp-idf,log,component-local
esphome/components/esp32_hosted/update/esp32_hosted_update.cpp,442,esp-idf,err-type,component-local
esphome/components/esp32_hosted/update/esp32_hosted_update.cpp,443,esp-idf,log,component-local
esphome/components/esp32_hosted/update/esp32_hosted_update.cpp,459,esp-idf,log,component-local
esphome/components/esp32_hosted/update/esp32_hosted_update.cpp,465,esp-idf,log,component-local
esphome/components/esp32_hosted/update/esp32_hosted_update.cpp,489,esp-idf,err-type,component-local
esphome/components/esp32_hosted/update/esp32_hosted_update.cpp,490,esp-idf,err-type,component-local
esphome/components/esp32_hosted/update/esp32_hosted_update.cpp,491,esp-idf,log,component-local
esphome/components/esp32_hosted/update/esp32_hosted_update.cpp,498,esp-idf,err-type,component-local
esphome/components/esp32_hosted/update/esp32_hosted_update.cpp,499,esp-idf,err-type,component-local
esphome/components/esp32_hosted/update/esp32_hosted_update.cpp,500,esp-idf,log,component-local
esphome/components/esp32_hosted/update/esp32_hosted_update.cpp,508,esp-idf,log,component-local
esphome/components/esp32_hosted/update/esp32_hosted_update.cpp,520,esp-idf,log,component-local
esphome/components/esp32_improv/automation.h,4,esp-idf,include,component-local
esphome/components/esp32_improv/esp32_improv_component.cpp,1,esp-idf,include,component-local
esphome/components/esp32_improv/esp32_improv_component.cpp,59,esp-idf,log,component-local
esphome/components/esp32_improv/esp32_improv_component.cpp,121,esp-idf,log,component-local
esphome/components/esp32_improv/esp32_improv_component.cpp,144,esp-idf,log,component-local
esphome/components/esp32_improv/esp32_improv_component.cpp,155,esp-idf,log,component-local
esphome/components/esp32_improv/esp32_improv_component.cpp,177,esp-idf,log,component-local
esphome/components/esp32_improv/esp32_improv_component.cpp,256,esp-idf,log,component-local
esphome/components/esp32_improv/esp32_improv_component.cpp,284,esp-idf,log,component-local
esphome/components/esp32_improv/esp32_improv_component.cpp,313,esp-idf,log,component-local
esphome/components/esp32_improv/esp32_improv_component.cpp,318,esp-idf,log,component-local
esphome/components/esp32_improv/esp32_improv_component.cpp,357,esp-idf,log,component-local
esphome/components/esp32_improv/esp32_improv_component.cpp,365,esp-idf,log,component-local
esphome/components/esp32_improv/esp32_improv_component.cpp,371,esp-idf,log,component-local
esphome/components/esp32_improv/esp32_improv_component.cpp,379,esp-idf,log,component-local
esphome/components/esp32_improv/esp32_improv_component.cpp,388,esp-idf,log,component-local
esphome/components/esp32_improv/esp32_improv_component.cpp,401,esp-idf,log,component-local
esphome/components/esp32_improv/esp32_improv_component.cpp,413,esp-idf,log,component-local
esphome/components/esp32_improv/esp32_improv_component.cpp,418,esp-idf,log,component-local
esphome/components/esp32_improv/esp32_improv_component.cpp,421,esp-idf,log,component-local
esphome/components/esp32_improv/esp32_improv_component.cpp,432,esp-idf,log,component-local
esphome/components/esp32_improv/esp32_improv_component.cpp,468,esp-idf,log,component-local
esphome/components/esp32_improv/esp32_improv_component.cpp,476,esp-idf,log,component-local
esphome/components/esp32_improv/esp32_improv_component.cpp,508,esp-idf,log,component-local
esphome/components/esp32_improv/esp32_improv_component.cpp,518,esp-idf,log,component-local
esphome/components/esp32_rmt_led_strip/led_strip.cpp,9,esp-idf,include,component-local
esphome/components/esp32_rmt_led_strip/led_strip.cpp,10,esp-idf,include,component-local
esphome/components/esp32_rmt_led_strip/led_strip.cpp,29,esp-idf,iram-attr,component-local
esphome/components/esp32_rmt_led_strip/led_strip.cpp,71,esp-idf,log,component-local
esphome/components/esp32_rmt_led_strip/led_strip.cpp,79,esp-idf,log,component-local
esphome/components/esp32_rmt_led_strip/led_strip.cpp,104,esp-idf,err-type,component-local
esphome/components/esp32_rmt_led_strip/led_strip.cpp,105,esp-idf,log,component-local
esphome/components/esp32_rmt_led_strip/led_strip.cpp,116,esp-idf,err-type,component-local
esphome/components/esp32_rmt_led_strip/led_strip.cpp,117,esp-idf,log,component-local
esphome/components/esp32_rmt_led_strip/led_strip.cpp,124,esp-idf,err-type,component-local
esphome/components/esp32_rmt_led_strip/led_strip.cpp,125,esp-idf,log,component-local
esphome/components/esp32_rmt_led_strip/led_strip.cpp,131,esp-idf,err-type,component-local
esphome/components/esp32_rmt_led_strip/led_strip.cpp,132,esp-idf,log,component-local
esphome/components/esp32_rmt_led_strip/led_strip.cpp,173,esp-idf,err-type,component-local
esphome/components/esp32_rmt_led_strip/led_strip.cpp,174,esp-idf,err-type,component-local
esphome/components/esp32_rmt_led_strip/led_strip.cpp,175,esp-idf,log,component-local
esphome/components/esp32_rmt_led_strip/led_strip.cpp,215,esp-idf,err-type,component-local
esphome/components/esp32_rmt_led_strip/led_strip.cpp,216,esp-idf,log,component-local
esphome/components/esp32_rmt_led_strip/led_strip.h,12,esp-idf,include,component-local
esphome/components/esp32_rmt_led_strip/led_strip.h,13,esp-idf,include,component-local
esphome/components/esp32_rmt_led_strip/led_strip.h,14,esp-idf,include,component-local
esphome/components/esp32_rmt_led_strip/led_strip.h,15,esp-idf,include,component-local
esphome/components/esp32_touch/esp32_touch.cpp,3,esp-idf,include,component-local
esphome/components/esp32_touch/esp32_touch.cpp,27,esp-idf,iram-attr,component-local
esphome/components/esp32_touch/esp32_touch.cpp,32,freertos,queue,component-local
esphome/components/esp32_touch/esp32_touch.cpp,37,esp-idf,iram-attr,component-local
esphome/components/esp32_touch/esp32_touch.cpp,42,freertos,queue,component-local
esphome/components/esp32_touch/esp32_touch.cpp,73,esp-idf,err-type,component-local
esphome/components/esp32_touch/esp32_touch.cpp,74,esp-idf,err-type,component-local
esphome/components/esp32_touch/esp32_touch.cpp,75,esp-idf,log,component-local
esphome/components/esp32_touch/esp32_touch.cpp,99,esp-idf,err-type,component-local
esphome/components/esp32_touch/esp32_touch.cpp,100,esp-idf,log,component-local
esphome/components/esp32_touch/esp32_touch.cpp,116,esp-idf,err-type,component-local
esphome/components/esp32_touch/esp32_touch.cpp,117,esp-idf,log,component-local
esphome/components/esp32_touch/esp32_touch.cpp,135,esp-idf,err-type,component-local
esphome/components/esp32_touch/esp32_touch.cpp,136,esp-idf,log,component-local
esphome/components/esp32_touch/esp32_touch.cpp,149,esp-idf,err-type,component-local
esphome/components/esp32_touch/esp32_touch.cpp,150,esp-idf,log,component-local
esphome/components/esp32_touch/esp32_touch.cpp,176,esp-idf,err-type,component-local
esphome/components/esp32_touch/esp32_touch.cpp,183,esp-idf,err-type,component-local
esphome/components/esp32_touch/esp32_touch.cpp,184,esp-idf,log,component-local
esphome/components/esp32_touch/esp32_touch.cpp,187,esp-idf,log,component-local
esphome/components/esp32_touch/esp32_touch.cpp,200,esp-idf,err-type,component-local
esphome/components/esp32_touch/esp32_touch.cpp,201,esp-idf,log,component-local
esphome/components/esp32_touch/esp32_touch.cpp,209,esp-idf,err-type,component-local
esphome/components/esp32_touch/esp32_touch.cpp,210,esp-idf,log,component-local
esphome/components/esp32_touch/esp32_touch.cpp,220,esp-idf,err-type,component-local
esphome/components/esp32_touch/esp32_touch.cpp,221,esp-idf,log,component-local
esphome/components/esp32_touch/esp32_touch.cpp,226,esp-idf,err-type,component-local
esphome/components/esp32_touch/esp32_touch.cpp,227,esp-idf,log,component-local
esphome/components/esp32_touch/esp32_touch.cpp,323,freertos,queue,component-local
esphome/components/esp32_touch/esp32_touch.cpp,348,esp-idf,log,component-local
esphome/components/esp32_touch/esp32_touch.cpp,352,esp-idf,log,component-local
esphome/components/esp32_touch/esp32_touch.cpp,355,esp-idf,log,component-local
esphome/components/esp32_touch/esp32_touch.cpp,403,freertos,queue,component-local
esphome/components/esp32_touch/esp32_touch.cpp,406,esp-idf,log,component-local
esphome/components/esp32_touch/esp32_touch.cpp,437,esp-idf,err-type,component-local
esphome/components/esp32_touch/esp32_touch.cpp,438,esp-idf,err-type,component-local
esphome/components/esp32_touch/esp32_touch.cpp,439,esp-idf,log,component-local
esphome/components/esp32_touch/esp32_touch.cpp,458,esp-idf,err-type,component-local
esphome/components/esp32_touch/esp32_touch.cpp,459,esp-idf,err-type,component-local
esphome/components/esp32_touch/esp32_touch.cpp,460,esp-idf,log,component-local
esphome/components/esp32_touch/esp32_touch.cpp,478,esp-idf,log,component-local
esphome/components/esp32_touch/esp32_touch.cpp,484,esp-idf,log,component-local
esphome/components/esp32_touch/esp32_touch.cpp,499,esp-idf,log,component-local
esphome/components/esp32_touch/esp32_touch.h,10,esp-idf,include,component-local
esphome/components/esp32_touch/esp32_touch.h,11,freertos,include,component-local
esphome/components/esp32_touch/esp32_touch.h,12,freertos,include,component-local
esphome/components/esp32_touch/esp32_touch.h,127,freertos,queue,component-local
esphome/components/esp8266/core.cpp,6,arduino,include,platform-backend
esphome/components/esp8266/core.cpp,39,arduino,api,platform-backend
esphome/components/esp8266/core.cpp,41,arduino,api,platform-backend
esphome/components/esp8266/crash_handler.cpp,40,esp-idf,iram-attr,platform-backend
esphome/components/esp8266/crash_handler.cpp,47,esp-idf,iram-attr,platform-backend
esphome/components/esp8266/crash_handler.cpp,163,esp-idf,log,platform-backend
esphome/components/esp8266/crash_handler.cpp,168,esp-idf,log,platform-backend
esphome/components/esp8266/crash_handler.cpp,191,esp-idf,log,platform-backend
esphome/components/esp8266/crash_handler.cpp,194,esp-idf,log,platform-backend
esphome/components/esp8266/crash_handler.cpp,196,esp-idf,log,platform-backend
esphome/components/esp8266/crash_handler.cpp,198,esp-idf,log,platform-backend
esphome/components/esp8266/crash_handler.cpp,201,esp-idf,log,platform-backend
esphome/components/esp8266/crash_handler.cpp,212,esp-idf,iram-attr,platform-backend
esphome/components/esp8266/gpio.cpp,98,arduino,api,platform-backend
esphome/components/esp8266/gpio.cpp,106,arduino,api,platform-backend
esphome/components/esp8266/gpio.cpp,109,arduino,api,platform-backend
esphome/components/esp8266/gpio.cpp,119,esp-idf,iram-attr,platform-backend
esphome/components/esp8266/gpio.cpp,124,esp-idf,iram-attr,platform-backend
esphome/components/esp8266/gpio.cpp,141,esp-idf,iram-attr,platform-backend
esphome/components/esp8266/gpio.cpp,147,esp-idf,iram-attr,platform-backend
esphome/components/esp8266/gpio.h,6,arduino,include,platform-backend
esphome/components/esp8266/hal.cpp,6,arduino,include,platform-backend
esphome/components/esp8266/hal.cpp,40,esp-idf,iram-attr,platform-backend
esphome/components/esp8266/hal.cpp,106,esp-idf,iram-attr,platform-backend
esphome/components/esp8266/helpers.cpp,8,arduino,include,platform-backend
esphome/components/esp8266/helpers.cpp,18,esp-idf,iram-attr,platform-backend
esphome/components/esp8266/helpers.cpp,19,esp-idf,iram-attr,platform-backend
esphome/components/esp8266/preferences.cpp,168,esp-idf,log,platform-backend
esphome/components/esp8266/preferences.cpp,211,esp-idf,log,platform-backend
esphome/components/esp8266/preferences.cpp,221,esp-idf,log,platform-backend
esphome/components/esp8266/preferences.cpp,225,esp-idf,log,platform-backend
esphome/components/esp8266/preferences.cpp,234,esp-idf,log,platform-backend
esphome/components/esp8266/preferences.cpp,241,esp-idf,log,platform-backend
esphome/components/esp_ldo/esp_ldo.cpp,2,esp-idf,include,component-local
esphome/components/esp_ldo/esp_ldo.cpp,15,esp-idf,err-type,component-local
esphome/components/esp_ldo/esp_ldo.cpp,16,esp-idf,log,component-local
esphome/components/esp_ldo/esp_ldo.cpp,19,esp-idf,log,component-local
esphome/components/esp_ldo/esp_ldo.cpp,32,esp-idf,log,component-local
esphome/components/esp_ldo/esp_ldo.cpp,37,esp-idf,err-type,component-local
esphome/components/esp_ldo/esp_ldo.cpp,38,esp-idf,log,component-local
esphome/components/esp_ldo/esp_ldo.h,5,esp-idf,include,component-local
esphome/components/esphome/ota/ota_esphome.cpp,162,esp-idf,err-type,component-local
esphome/components/esphome/ota/ota_esphome.cpp,164,esp-idf,err-type,component-local
esphome/components/esphome/ota/ota_esphome.cpp,238,esp-idf,log,component-local
esphome/components/esphome/ota/ota_esphome.cpp,252,esp-idf,log,component-local
esphome/components/esphome/ota/ota_esphome.cpp,282,esp-idf,log,component-local
esphome/components/esphome/ota/ota_esphome.cpp,287,esp-idf,log,component-local
esphome/components/esphome/ota/ota_esphome.cpp,463,esp-idf,log,component-local
esphome/components/esphome/ota/ota_esphome.cpp,472,esp-idf,log,component-local
esphome/components/esphome/ota/ota_esphome.cpp,506,esp-idf,log,component-local
esphome/components/esphome/ota/ota_esphome.cpp,520,esp-idf,log,component-local
esphome/components/esphome/ota/ota_esphome.cpp,547,esp-idf,log,component-local
esphome/components/esphome/ota/ota_esphome.cpp,551,esp-idf,log,component-local
esphome/components/esphome/ota/ota_esphome.cpp,560,esp-idf,log,component-local
esphome/components/esphome/ota/ota_esphome.cpp,575,esp-idf,log,component-local
esphome/components/esphome/ota/ota_esphome.cpp,589,esp-idf,log,component-local
esphome/components/esphome/ota/ota_esphome.cpp,604,esp-idf,log,component-local
esphome/components/esphome/ota/ota_esphome.cpp,645,esp-idf,log,component-local
esphome/components/esphome/ota/ota_esphome.cpp,653,esp-idf,log,component-local
esphome/components/esphome/ota/ota_esphome.cpp,657,esp-idf,log,component-local
esphome/components/esphome/ota/ota_esphome.cpp,675,esp-idf,log,component-local
esphome/components/esphome/ota/ota_esphome.cpp,683,esp-idf,log,component-local
esphome/components/esphome/ota/ota_esphome.cpp,700,esp-idf,log,component-local
esphome/components/esphome/ota/ota_esphome.cpp,703,esp-idf,log,component-local
esphome/components/esphome/ota/ota_esphome.cpp,708,esp-idf,log,component-local
esphome/components/esphome/ota/ota_esphome.cpp,712,esp-idf,log,component-local
esphome/components/esphome/ota/ota_esphome.cpp,802,esp-idf,log,component-local
esphome/components/esphome/ota/ota_esphome.cpp,861,esp-idf,log,component-local
esphome/components/esphome/ota/ota_esphome.cpp,921,esp-idf,log,component-local
esphome/components/esphome/ota/ota_esphome.cpp,925,esp-idf,log,component-local
esphome/components/esphome/ota/ota_esphome.cpp,927,esp-idf,log,component-local
esphome/components/esphome/ota/ota_esphome_noise.cpp,74,esp-idf,log,component-local
esphome/components/esphome/ota/ota_esphome_noise.cpp,106,esp-idf,log,component-local
esphome/components/esphome/ota/ota_esphome_noise.cpp,114,esp-idf,log,component-local
esphome/components/esphome/ota/ota_esphome_noise.cpp,126,esp-idf,log,component-local
esphome/components/esphome/ota/ota_esphome_noise.cpp,141,esp-idf,log,component-local
esphome/components/esphome/ota/ota_esphome_noise.cpp,145,esp-idf,log,component-local
esphome/components/esphome/ota/ota_esphome_noise.cpp,149,esp-idf,log,component-local
esphome/components/esphome/ota/ota_esphome_noise.cpp,162,esp-idf,log,component-local
esphome/components/esphome/ota/ota_esphome_noise.cpp,225,esp-idf,log,component-local
esphome/components/esphome/ota/ota_esphome_noise.cpp,277,esp-idf,log,component-local
esphome/components/espnow/automation.h,41,esp-idf,err-type,component-local
esphome/components/espnow/automation.h,42,esp-idf,err-type,component-local
esphome/components/espnow/automation.h,62,esp-idf,err-type,component-local
esphome/components/espnow/automation.h,63,esp-idf,err-type,component-local
esphome/components/espnow/espnow_component.cpp,14,esp-idf,include,component-local
esphome/components/espnow/espnow_component.cpp,15,esp-idf,include,component-local
esphome/components/espnow/espnow_component.cpp,16,esp-idf,include,component-local
esphome/components/espnow/espnow_component.cpp,17,esp-idf,include,component-local
esphome/components/espnow/espnow_component.cpp,18,esp-idf,include,component-local
esphome/components/espnow/espnow_component.cpp,19,esp-idf,include,component-local
esphome/components/espnow/espnow_component.cpp,33,esp-idf,err-type,component-local
esphome/components/espnow/espnow_component.cpp,35,esp-idf,err-type,component-local
esphome/components/espnow/espnow_component.cpp,37,esp-idf,err-type,component-local
esphome/components/espnow/espnow_component.cpp,39,esp-idf,err-type,component-local
esphome/components/espnow/espnow_component.cpp,41,esp-idf,err-type,component-local
esphome/components/espnow/espnow_component.cpp,43,esp-idf,err-type,component-local
esphome/components/espnow/espnow_component.cpp,45,esp-idf,err-type,component-local
esphome/components/espnow/espnow_component.cpp,47,esp-idf,err-type,component-local
esphome/components/espnow/espnow_component.cpp,49,esp-idf,err-type,component-local
esphome/components/espnow/espnow_component.cpp,51,esp-idf,err-type,component-local
esphome/components/espnow/espnow_component.cpp,53,esp-idf,err-type,component-local
esphome/components/espnow/espnow_component.cpp,55,esp-idf,err-type,component-local
esphome/components/espnow/espnow_component.cpp,57,esp-idf,err-type,component-local
esphome/components/espnow/espnow_component.cpp,184,esp-idf,log,component-local
esphome/components/espnow/espnow_component.cpp,193,esp-idf,log,component-local
esphome/components/espnow/espnow_component.cpp,203,esp-idf,wifi,component-local
esphome/components/espnow/espnow_component.cpp,204,esp-idf,wifi,component-local
esphome/components/espnow/espnow_component.cpp,205,esp-idf,wifi,component-local
esphome/components/espnow/espnow_component.cpp,206,esp-idf,wifi,component-local
esphome/components/espnow/espnow_component.cpp,207,esp-idf,wifi,component-local
esphome/components/espnow/espnow_component.cpp,208,esp-idf,wifi,component-local
esphome/components/espnow/espnow_component.cpp,214,esp-idf,err-type,component-local
esphome/components/espnow/espnow_component.cpp,215,esp-idf,err-type,component-local
esphome/components/espnow/espnow_component.cpp,216,esp-idf,log,component-local
esphome/components/espnow/espnow_component.cpp,222,esp-idf,err-type,component-local
esphome/components/espnow/espnow_component.cpp,223,esp-idf,log,component-local
esphome/components/espnow/espnow_component.cpp,229,esp-idf,err-type,component-local
esphome/components/espnow/espnow_component.cpp,230,esp-idf,log,component-local
esphome/components/espnow/espnow_component.cpp,235,esp-idf,wifi,component-local
esphome/components/espnow/espnow_component.cpp,248,esp-idf,log,component-local
esphome/components/espnow/espnow_component.cpp,254,esp-idf,err-type,component-local
esphome/components/espnow/espnow_component.cpp,255,esp-idf,err-type,component-local
esphome/components/espnow/espnow_component.cpp,256,esp-idf,log,component-local
esphome/components/espnow/espnow_component.cpp,262,esp-idf,log,component-local
esphome/components/espnow/espnow_component.cpp,268,esp-idf,log,component-local
esphome/components/espnow/espnow_component.cpp,273,esp-idf,log,component-local
esphome/components/espnow/espnow_component.cpp,274,esp-idf,wifi,component-local
esphome/components/espnow/espnow_component.cpp,275,esp-idf,wifi,component-local
esphome/components/espnow/espnow_component.cpp,276,esp-idf,wifi,component-local
esphome/components/espnow/espnow_component.cpp,308,esp-idf,log,component-local
esphome/components/espnow/espnow_component.cpp,330,esp-idf,log,component-local
esphome/components/espnow/espnow_component.cpp,357,esp-idf,log,component-local
esphome/components/espnow/espnow_component.cpp,363,esp-idf,log,component-local
esphome/components/espnow/espnow_component.cpp,378,esp-idf,wifi,component-local
esphome/components/espnow/espnow_component.cpp,382,esp-idf,err-type,component-local
esphome/components/espnow/espnow_component.cpp,385,esp-idf,err-type,component-local
esphome/components/espnow/espnow_component.cpp,387,esp-idf,err-type,component-local
esphome/components/espnow/espnow_component.cpp,389,esp-idf,err-type,component-local
esphome/components/espnow/espnow_component.cpp,391,esp-idf,err-type,component-local
esphome/components/espnow/espnow_component.cpp,393,esp-idf,err-type,component-local
esphome/components/espnow/espnow_component.cpp,396,esp-idf,err-type,component-local
esphome/components/espnow/espnow_component.cpp,397,esp-idf,err-type,component-local
esphome/components/espnow/espnow_component.cpp,401,esp-idf,err-type,component-local
esphome/components/espnow/espnow_component.cpp,408,esp-idf,log,component-local
esphome/components/espnow/espnow_component.cpp,410,esp-idf,err-type,component-local
esphome/components/espnow/espnow_component.cpp,419,esp-idf,err-type,component-local
esphome/components/espnow/espnow_component.cpp,429,esp-idf,err-type,component-local
esphome/components/espnow/espnow_component.cpp,430,esp-idf,err-type,component-local
esphome/components/espnow/espnow_component.cpp,433,esp-idf,log,component-local
esphome/components/espnow/espnow_component.cpp,444,esp-idf,err-type,component-local
esphome/components/espnow/espnow_component.cpp,446,esp-idf,err-type,component-local
esphome/components/espnow/espnow_component.cpp,451,esp-idf,err-type,component-local
esphome/components/espnow/espnow_component.cpp,459,esp-idf,err-type,component-local
esphome/components/espnow/espnow_component.cpp,461,esp-idf,err-type,component-local
esphome/components/espnow/espnow_component.cpp,464,esp-idf,log,component-local
esphome/components/espnow/espnow_component.cpp,482,esp-idf,err-type,component-local
esphome/components/espnow/espnow_component.cpp,485,esp-idf,err-type,component-local
esphome/components/espnow/espnow_component.cpp,487,esp-idf,err-type,component-local
esphome/components/espnow/espnow_component.cpp,490,esp-idf,err-type,component-local
esphome/components/espnow/espnow_component.cpp,491,esp-idf,err-type,component-local
esphome/components/espnow/espnow_component.cpp,494,esp-idf,log,component-local
esphome/components/espnow/espnow_component.cpp,505,esp-idf,err-type,component-local
esphome/components/espnow/espnow_component.h,17,esp-idf,include,component-local
esphome/components/espnow/espnow_component.h,19,esp-idf,include,component-local
esphome/components/espnow/espnow_component.h,20,esp-idf,include,component-local
esphome/components/espnow/espnow_component.h,116,esp-idf,err-type,component-local
esphome/components/espnow/espnow_component.h,118,esp-idf,err-type,component-local
esphome/components/espnow/espnow_component.h,146,esp-idf,err-type,component-local
esphome/components/espnow/espnow_component.h,150,esp-idf,err-type,component-local
esphome/components/espnow/espnow_err.h,5,esp-idf,include,component-local
esphome/components/espnow/espnow_err.h,6,esp-idf,include,component-local
esphome/components/espnow/espnow_err.h,10,esp-idf,err-type,component-local
esphome/components/espnow/espnow_err.h,11,esp-idf,err-type,component-local
esphome/components/espnow/espnow_err.h,12,esp-idf,err-type,component-local
esphome/components/espnow/espnow_err.h,13,esp-idf,err-type,component-local
esphome/components/espnow/espnow_err.h,14,esp-idf,err-type,component-local
esphome/components/espnow/espnow_err.h,15,esp-idf,err-type,component-local
esphome/components/espnow/espnow_packet.h,13,esp-idf,include,component-local
esphome/components/espnow/espnow_packet.h,14,esp-idf,include,component-local
esphome/components/espnow/espnow_packet.h,15,esp-idf,include,component-local
esphome/components/espnow/espnow_packet.h,51,esp-idf,err-type,component-local
esphome/components/espnow/packet_transport/espnow_transport.cpp,18,esp-idf,log,component-local
esphome/components/espnow/packet_transport/espnow_transport.cpp,23,esp-idf,log,component-local
esphome/components/espnow/packet_transport/espnow_transport.cpp,36,esp-idf,log,component-local
esphome/components/espnow/packet_transport/espnow_transport.cpp,41,esp-idf,log,component-local
esphome/components/espnow/packet_transport/espnow_transport.cpp,46,esp-idf,log,component-local
esphome/components/espnow/packet_transport/espnow_transport.cpp,51,esp-idf,err-type,component-local
esphome/components/espnow/packet_transport/espnow_transport.cpp,52,esp-idf,err-type,component-local
esphome/components/espnow/packet_transport/espnow_transport.cpp,53,esp-idf,log,component-local
esphome/components/espnow/packet_transport/espnow_transport.cpp,59,esp-idf,log,component-local
esphome/components/espnow/packet_transport/espnow_transport.cpp,63,esp-idf,log,component-local
esphome/components/espnow/packet_transport/espnow_transport.cpp,74,esp-idf,log,component-local
esphome/components/espnow/packet_transport/espnow_transport.cpp,78,esp-idf,log,component-local
esphome/components/ethernet/esp_eth_phy_jl1101.c,22,esp-idf,include,component-local
esphome/components/ethernet/esp_eth_phy_jl1101.c,23,esp-idf,include,component-local
esphome/components/ethernet/esp_eth_phy_jl1101.c,24,esp-idf,include,component-local
esphome/components/ethernet/esp_eth_phy_jl1101.c,25,freertos,include,component-local
esphome/components/ethernet/esp_eth_phy_jl1101.c,26,freertos,include,component-local
esphome/components/ethernet/esp_eth_phy_jl1101.c,27,esp-idf,include,component-local
esphome/components/ethernet/esp_eth_phy_jl1101.c,28,esp-idf,include,component-local
esphome/components/ethernet/esp_eth_phy_jl1101.c,29,esp-idf,include,component-local
esphome/components/ethernet/esp_eth_phy_jl1101.c,30,esp-idf,include,component-local
esphome/components/ethernet/esp_eth_phy_jl1101.c,39,esp-idf,log,component-local
esphome/components/ethernet/esp_eth_phy_jl1101.c,69,esp-idf,err-type,component-local
esphome/components/ethernet/esp_eth_phy_jl1101.c,72,esp-idf,err-type,component-local
esphome/components/ethernet/esp_eth_phy_jl1101.c,73,esp-idf,err-type,component-local
esphome/components/ethernet/esp_eth_phy_jl1101.c,75,esp-idf,err-type,component-local
esphome/components/ethernet/esp_eth_phy_jl1101.c,78,esp-idf,err-type,component-local
esphome/components/ethernet/esp_eth_phy_jl1101.c,86,esp-idf,err-type,component-local
esphome/components/ethernet/esp_eth_phy_jl1101.c,87,esp-idf,err-type,component-local
esphome/components/ethernet/esp_eth_phy_jl1101.c,89,esp-idf,err-type,component-local
esphome/components/ethernet/esp_eth_phy_jl1101.c,96,esp-idf,err-type,component-local
esphome/components/ethernet/esp_eth_phy_jl1101.c,108,esp-idf,err-type,component-local
esphome/components/ethernet/esp_eth_phy_jl1101.c,109,esp-idf,err-type,component-local
esphome/components/ethernet/esp_eth_phy_jl1101.c,116,esp-idf,err-type,component-local
esphome/components/ethernet/esp_eth_phy_jl1101.c,119,esp-idf,err-type,component-local
esphome/components/ethernet/esp_eth_phy_jl1101.c,122,esp-idf,err-type,component-local
esphome/components/ethernet/esp_eth_phy_jl1101.c,124,esp-idf,err-type,component-local
esphome/components/ethernet/esp_eth_phy_jl1101.c,127,esp-idf,err-type,component-local
esphome/components/ethernet/esp_eth_phy_jl1101.c,131,esp-idf,err-type,component-local
esphome/components/ethernet/esp_eth_phy_jl1101.c,133,esp-idf,err-type,component-local
esphome/components/ethernet/esp_eth_phy_jl1101.c,136,esp-idf,err-type,component-local
esphome/components/ethernet/esp_eth_phy_jl1101.c,139,esp-idf,err-type,component-local
esphome/components/ethernet/esp_eth_phy_jl1101.c,140,esp-idf,err-type,component-local
esphome/components/ethernet/esp_eth_phy_jl1101.c,142,esp-idf,err-type,component-local
esphome/components/ethernet/esp_eth_phy_jl1101.c,145,esp-idf,err-type,component-local
esphome/components/ethernet/esp_eth_phy_jl1101.c,150,esp-idf,err-type,component-local
esphome/components/ethernet/esp_eth_phy_jl1101.c,154,freertos,task-delay,component-local
esphome/components/ethernet/esp_eth_phy_jl1101.c,154,freertos,tick,component-local
esphome/components/ethernet/esp_eth_phy_jl1101.c,155,esp-idf,err-type,component-local
esphome/components/ethernet/esp_eth_phy_jl1101.c,162,esp-idf,err-type,component-local
esphome/components/ethernet/esp_eth_phy_jl1101.c,164,esp-idf,err-type,component-local
esphome/components/ethernet/esp_eth_phy_jl1101.c,167,esp-idf,err-type,component-local
esphome/components/ethernet/esp_eth_phy_jl1101.c,172,esp-idf,gpio,component-local
esphome/components/ethernet/esp_eth_phy_jl1101.c,174,esp-idf,gpio,component-local
esphome/components/ethernet/esp_eth_phy_jl1101.c,176,esp-idf,err-type,component-local
esphome/components/ethernet/esp_eth_phy_jl1101.c,179,esp-idf,err-type,component-local
esphome/components/ethernet/esp_eth_phy_jl1101.c,191,esp-idf,err-type,component-local
esphome/components/ethernet/esp_eth_phy_jl1101.c,196,freertos,task-delay,component-local
esphome/components/ethernet/esp_eth_phy_jl1101.c,196,freertos,tick,component-local
esphome/components/ethernet/esp_eth_phy_jl1101.c,197,esp-idf,err-type,component-local
esphome/components/ethernet/esp_eth_phy_jl1101.c,205,esp-idf,log,component-local
esphome/components/ethernet/esp_eth_phy_jl1101.c,207,esp-idf,err-type,component-local
esphome/components/ethernet/esp_eth_phy_jl1101.c,209,esp-idf,err-type,component-local
esphome/components/ethernet/esp_eth_phy_jl1101.c,212,esp-idf,err-type,component-local
esphome/components/ethernet/esp_eth_phy_jl1101.c,216,esp-idf,err-type,component-local
esphome/components/ethernet/esp_eth_phy_jl1101.c,225,esp-idf,err-type,component-local
esphome/components/ethernet/esp_eth_phy_jl1101.c,227,esp-idf,err-type,component-local
esphome/components/ethernet/esp_eth_phy_jl1101.c,234,freertos,task-delay,component-local
esphome/components/ethernet/esp_eth_phy_jl1101.c,234,freertos,tick,component-local
esphome/components/ethernet/esp_eth_phy_jl1101.c,235,esp-idf,err-type,component-local
esphome/components/ethernet/esp_eth_phy_jl1101.c,243,esp-idf,err-type,component-local
esphome/components/ethernet/esp_eth_phy_jl1101.c,245,esp-idf,err-type,component-local
esphome/components/ethernet/esp_eth_phy_jl1101.c,248,esp-idf,err-type,component-local
esphome/components/ethernet/esp_eth_phy_jl1101.c,251,esp-idf,err-type,component-local
esphome/components/ethernet/esp_eth_phy_jl1101.c,254,esp-idf,err-type,component-local
esphome/components/ethernet/esp_eth_phy_jl1101.c,258,esp-idf,err-type,component-local
esphome/components/ethernet/esp_eth_phy_jl1101.c,260,esp-idf,err-type,component-local
esphome/components/ethernet/esp_eth_phy_jl1101.c,263,esp-idf,err-type,component-local
esphome/components/ethernet/esp_eth_phy_jl1101.c,266,esp-idf,err-type,component-local
esphome/components/ethernet/esp_eth_phy_jl1101.c,269,esp-idf,err-type,component-local
esphome/components/ethernet/esp_eth_phy_jl1101.c,274,esp-idf,err-type,component-local
esphome/components/ethernet/esp_eth_phy_jl1101.c,283,esp-idf,err-type,component-local
esphome/components/ethernet/esp_eth_phy_jl1101.c,284,esp-idf,err-type,component-local
esphome/components/ethernet/esp_eth_phy_jl1101.c,286,esp-idf,err-type,component-local
esphome/components/ethernet/esp_eth_phy_jl1101.c,289,esp-idf,err-type,component-local
esphome/components/ethernet/esp_eth_phy_jl1101.c,294,esp-idf,err-type,component-local
esphome/components/ethernet/esp_eth_phy_jl1101.c,297,esp-idf,err-type,component-local
esphome/components/ethernet/esp_eth_phy_jl1101.c,299,esp-idf,err-type,component-local
esphome/components/ethernet/esp_eth_phy_jl1101.c,303,esp-idf,err-type,component-local
esphome/components/ethernet/esp_eth_phy_jl1101.c,304,esp-idf,err-type,component-local
esphome/components/ethernet/esp_eth_phy_jl1101.c,306,esp-idf,err-type,component-local
esphome/components/ethernet/esp_eth_phy_jl1101.c,308,esp-idf,err-type,component-local
esphome/components/ethernet/esp_eth_phy_jl1101.c,311,esp-idf,err-type,component-local
esphome/components/ethernet/esp_eth_phy_jl1101.c,313,esp-idf,err-type,component-local
esphome/components/ethernet/esp_eth_phy_jl1101.c,314,esp-idf,err-type,component-local
esphome/components/ethernet/esp_eth_phy_jl1101.c,316,esp-idf,err-type,component-local
esphome/components/ethernet/esp_eth_phy_jl1101.c,346,arduino,guard,component-local
esphome/components/ethernet/ethernet_component.h,13,esp-idf,include,component-local
esphome/components/ethernet/ethernet_component.h,15,esp-idf,include,component-local
esphome/components/ethernet/ethernet_component.h,20,esp-idf,include,component-local
esphome/components/ethernet/ethernet_component.h,21,esp-idf,include,component-local
esphome/components/ethernet/ethernet_component.h,22,esp-idf,include,component-local
esphome/components/ethernet/ethernet_component.h,23,esp-idf,include,component-local
esphome/components/ethernet/ethernet_component.h,24,esp-idf,include,component-local
esphome/components/ethernet/ethernet_component.h,70,arduino,ipaddress,component-local
esphome/components/ethernet/ethernet_component.h,71,arduino,ipaddress,component-local
esphome/components/ethernet/ethernet_component.h,98,arduino,ipaddress,component-local
esphome/components/ethernet/ethernet_component.h,99,arduino,ipaddress,component-local
esphome/components/ethernet/ethernet_component.h,100,arduino,ipaddress,component-local
esphome/components/ethernet/ethernet_component.h,101,arduino,ipaddress,component-local
esphome/components/ethernet/ethernet_component.h,102,arduino,ipaddress,component-local
esphome/components/ethernet/ethernet_component.h,159,arduino,ipaddress,component-local
esphome/components/ethernet/ethernet_component.h,244,esp-idf,err-type,component-local
esphome/components/ethernet/ethernet_component_esp32.cpp,10,lwip,include,component-local
esphome/components/ethernet/ethernet_component_esp32.cpp,12,esp-idf,include,component-local
esphome/components/ethernet/ethernet_component_esp32.cpp,19,esp-idf,include,component-local
esphome/components/ethernet/ethernet_component_esp32.cpp,22,esp-idf,include,component-local
esphome/components/ethernet/ethernet_component_esp32.cpp,25,esp-idf,include,component-local
esphome/components/ethernet/ethernet_component_esp32.cpp,28,esp-idf,include,component-local
esphome/components/ethernet/ethernet_component_esp32.cpp,31,esp-idf,include,component-local
esphome/components/ethernet/ethernet_component_esp32.cpp,34,esp-idf,include,component-local
esphome/components/ethernet/ethernet_component_esp32.cpp,35,esp-idf,include,component-local
esphome/components/ethernet/ethernet_component_esp32.cpp,38,esp-idf,include,component-local
esphome/components/ethernet/ethernet_component_esp32.cpp,39,esp-idf,include,component-local
esphome/components/ethernet/ethernet_component_esp32.cpp,45,esp-idf,include,component-local
esphome/components/ethernet/ethernet_component_esp32.cpp,50,esp-idf,include,component-local
esphome/components/ethernet/ethernet_component_esp32.cpp,55,esp-idf,include,component-local
esphome/components/ethernet/ethernet_component_esp32.cpp,56,esp-idf,include,component-local
esphome/components/ethernet/ethernet_component_esp32.cpp,60,esp-idf,include,component-local
esphome/components/ethernet/ethernet_component_esp32.cpp,61,esp-idf,include,component-local
esphome/components/ethernet/ethernet_component_esp32.cpp,74,esp-idf,err-type,component-local
esphome/components/ethernet/ethernet_component_esp32.cpp,75,esp-idf,log,component-local
esphome/components/ethernet/ethernet_component_esp32.cpp,80,esp-idf,err-type,component-local
esphome/components/ethernet/ethernet_component_esp32.cpp,86,esp-idf,err-type,component-local
esphome/components/ethernet/ethernet_component_esp32.cpp,97,esp-idf,log,component-local
esphome/components/ethernet/ethernet_component_esp32.cpp,104,esp-idf,log,component-local
esphome/components/ethernet/ethernet_component_esp32.cpp,108,esp-idf,log,component-local
esphome/components/ethernet/ethernet_component_esp32.cpp,117,esp-idf,log,component-local
esphome/components/ethernet/ethernet_component_esp32.cpp,123,esp-idf,log,component-local
esphome/components/ethernet/ethernet_component_esp32.cpp,129,esp-idf,log,component-local
esphome/components/ethernet/ethernet_component_esp32.cpp,156,esp-idf,err-type,component-local
esphome/components/ethernet/ethernet_component_esp32.cpp,168,esp-idf,err-type,component-local
esphome/components/ethernet/ethernet_component_esp32.cpp,172,esp-idf,gpio,component-local
esphome/components/ethernet/ethernet_component_esp32.cpp,199,esp-idf,i2c-spi,component-local
esphome/components/ethernet/ethernet_component_esp32.cpp,206,esp-idf,wifi,component-local
esphome/components/ethernet/ethernet_component_esp32.cpp,454,esp-idf,wifi,component-local
esphome/components/ethernet/ethernet_component_esp32.cpp,474,esp-idf,log,component-local
esphome/components/ethernet/ethernet_component_esp32.cpp,477,esp-idf,log,component-local
esphome/components/ethernet/ethernet_component_esp32.cpp,480,esp-idf,err-type,component-local
esphome/components/ethernet/ethernet_component_esp32.cpp,481,esp-idf,err-type,component-local
esphome/components/ethernet/ethernet_component_esp32.cpp,482,esp-idf,log,component-local
esphome/components/ethernet/ethernet_component_esp32.cpp,495,esp-idf,log,component-local
esphome/components/ethernet/ethernet_component_esp32.cpp,496,esp-idf,err-type,component-local
esphome/components/ethernet/ethernet_component_esp32.cpp,497,esp-idf,err-type,component-local
esphome/components/ethernet/ethernet_component_esp32.cpp,498,esp-idf,log,component-local
esphome/components/ethernet/ethernet_component_esp32.cpp,640,esp-idf,err-type,component-local
esphome/components/ethernet/ethernet_component_esp32.cpp,640,esp-idf,wifi,component-local
esphome/components/ethernet/ethernet_component_esp32.cpp,641,esp-idf,err-type,component-local
esphome/components/ethernet/ethernet_component_esp32.cpp,642,esp-idf,log,component-local
esphome/components/ethernet/ethernet_component_esp32.cpp,646,arduino,ipaddress,component-local
esphome/components/ethernet/ethernet_component_esp32.cpp,651,esp-idf,wifi,component-local
esphome/components/ethernet/ethernet_component_esp32.cpp,655,arduino,ipaddress,component-local
esphome/components/ethernet/ethernet_component_esp32.cpp,662,arduino,ipaddress,component-local
esphome/components/ethernet/ethernet_component_esp32.cpp,664,lwip,addr-type,component-local
esphome/components/ethernet/ethernet_component_esp32.cpp,701,esp-idf,log,component-local
esphome/components/ethernet/ethernet_component_esp32.cpp,708,esp-idf,log,component-local
esphome/components/ethernet/ethernet_component_esp32.cpp,726,esp-idf,log,component-local
esphome/components/ethernet/ethernet_component_esp32.cpp,752,esp-idf,err-type,component-local
esphome/components/ethernet/ethernet_component_esp32.cpp,752,esp-idf,wifi,component-local
esphome/components/ethernet/ethernet_component_esp32.cpp,753,esp-idf,err-type,component-local
esphome/components/ethernet/ethernet_component_esp32.cpp,754,esp-idf,log,component-local
esphome/components/ethernet/ethernet_component_esp32.cpp,775,esp-idf,err-type,component-local
esphome/components/ethernet/ethernet_component_esp32.cpp,776,esp-idf,wifi,component-local
esphome/components/ethernet/ethernet_component_esp32.cpp,778,esp-idf,log,component-local
esphome/components/ethernet/ethernet_component_esp32.cpp,797,esp-idf,wifi,component-local
esphome/components/ethernet/ethernet_component_esp32.cpp,800,esp-idf,log,component-local
esphome/components/ethernet/ethernet_component_esp32.cpp,802,esp-idf,wifi,component-local
esphome/components/ethernet/ethernet_component_esp32.cpp,803,esp-idf,err-type,component-local
esphome/components/ethernet/ethernet_component_esp32.cpp,807,esp-idf,wifi,component-local
esphome/components/ethernet/ethernet_component_esp32.cpp,820,esp-idf,wifi,component-local
esphome/components/ethernet/ethernet_component_esp32.cpp,821,esp-idf,err-type,component-local
esphome/components/ethernet/ethernet_component_esp32.cpp,822,esp-idf,log,component-local
esphome/components/ethernet/ethernet_component_esp32.cpp,827,esp-idf,wifi,component-local
esphome/components/ethernet/ethernet_component_esp32.cpp,828,esp-idf,err-type,component-local
esphome/components/ethernet/ethernet_component_esp32.cpp,829,esp-idf,log,component-local
esphome/components/ethernet/ethernet_component_esp32.cpp,835,esp-idf,wifi,component-local
esphome/components/ethernet/ethernet_component_esp32.cpp,836,esp-idf,err-type,component-local
esphome/components/ethernet/ethernet_component_esp32.cpp,848,esp-idf,wifi,component-local
esphome/components/ethernet/ethernet_component_esp32.cpp,849,esp-idf,err-type,component-local
esphome/components/ethernet/ethernet_component_esp32.cpp,850,esp-idf,err-type,component-local
esphome/components/ethernet/ethernet_component_esp32.cpp,859,esp-idf,log,component-local
esphome/components/ethernet/ethernet_component_esp32.cpp,875,esp-idf,wifi,component-local
esphome/components/ethernet/ethernet_component_esp32.cpp,876,lwip,addr-type,component-local
esphome/components/ethernet/ethernet_component_esp32.cpp,877,lwip,addr-type,component-local
esphome/components/ethernet/ethernet_component_esp32.cpp,914,arduino,ipaddress,component-local
esphome/components/ethernet/ethernet_component_esp32.cpp,915,arduino,ipaddress,component-local
esphome/components/ethernet/ethernet_component_esp32.cpp,916,arduino,ipaddress,component-local
esphome/components/ethernet/ethernet_component_esp32.cpp,923,esp-idf,wifi,component-local
esphome/components/ethernet/ethernet_component_esp32.cpp,946,esp-idf,err-type,component-local
esphome/components/ethernet/ethernet_component_esp32.cpp,962,esp-idf,err-type,component-local
esphome/components/ethernet/ethernet_component_esp32.cpp,972,esp-idf,err-type,component-local
esphome/components/ethernet/ethernet_component_esp32.cpp,980,esp-idf,log,component-local
esphome/components/ethernet/ethernet_component_esp32.cpp,982,esp-idf,log,component-local
esphome/components/ethernet/ethernet_component_esp32.cpp,988,esp-idf,err-type,component-local
esphome/components/ethernet/ethernet_component_esp32.cpp,989,esp-idf,log,component-local
esphome/components/ethernet/ethernet_component_esp32.cpp,1001,esp-idf,err-type,component-local
esphome/components/ethernet/ethernet_component_esp32.cpp,1033,esp-idf,err-type,component-local
esphome/components/ethernet/ethernet_component_esp32.cpp,1038,esp-idf,log,component-local
esphome/components/ethernet/ethernet_component_esp32.cpp,1044,esp-idf,log,component-local
esphome/components/ethernet/ethernet_component_esp32.cpp,1050,esp-idf,log,component-local
esphome/components/ethernet/ethernet_component_esp32.cpp,1059,esp-idf,err-type,component-local
esphome/components/ethernet/ethernet_component_rp2.cpp,12,lwip,include,component-local
esphome/components/ethernet/ethernet_component_rp2.cpp,13,lwip,include,component-local
esphome/components/ethernet/ethernet_component_rp2.cpp,62,arduino,ipaddress,component-local
esphome/components/ethernet/ethernet_component_rp2.cpp,63,arduino,ipaddress,component-local
esphome/components/ethernet/ethernet_component_rp2.cpp,64,arduino,ipaddress,component-local
esphome/components/ethernet/ethernet_component_rp2.cpp,65,arduino,ipaddress,component-local
esphome/components/ethernet/ethernet_component_rp2.cpp,66,arduino,ipaddress,component-local
esphome/components/ethernet/ethernet_component_rp2.cpp,80,esp-idf,log,component-local
esphome/components/ethernet/ethernet_component_rp2.cpp,144,esp-idf,log,component-local
esphome/components/ethernet/ethernet_component_rp2.cpp,151,esp-idf,log,component-local
esphome/components/ethernet/ethernet_component_rp2.cpp,155,esp-idf,log,component-local
esphome/components/ethernet/ethernet_component_rp2.cpp,164,esp-idf,log,component-local
esphome/components/ethernet/ethernet_component_rp2.cpp,170,esp-idf,log,component-local
esphome/components/ethernet/ethernet_component_rp2.cpp,176,esp-idf,log,component-local
esphome/components/ethernet/ethernet_component_rp2.cpp,233,arduino,ipaddress,component-local
esphome/components/ethernet/ethernet_component_rp2.cpp,238,arduino,ipaddress,component-local
esphome/components/ethernet/ethernet_component_rp2.cpp,240,lwip,addr-type,component-local
esphome/components/ethernet/ethernet_component_rp2.cpp,276,esp-idf,log,component-local
esphome/components/ethernet/ethernet_component_rp2.cpp,298,lwip,addr-type,component-local
esphome/components/ethernet/ethernet_component_rp2.cpp,303,lwip,addr-type,component-local
esphome/components/ethernet/ethernet_component_rp2.cpp,329,lwip,addr-type,component-local
esphome/components/ethernet/ethernet_component_rp2.cpp,347,arduino,ipaddress,component-local
esphome/components/ethernet/ethernet_component_rp2.cpp,348,arduino,ipaddress,component-local
esphome/components/ethernet/ethernet_component_rp2.cpp,349,arduino,ipaddress,component-local
esphome/components/ethernet/ethernet_component_rp2.cpp,359,esp-idf,log,component-local
esphome/components/ethernet/ethernet_component_rp2.cpp,366,esp-idf,log,component-local
esphome/components/ethernet/ethernet_helpers.c,3,esp-idf,include,component-local
esphome/components/ethernet/w5500_custom_spi.cpp,5,esp-idf,include,component-local
esphome/components/ethernet/w5500_custom_spi.cpp,6,freertos,include,component-local
esphome/components/ethernet/w5500_custom_spi.cpp,7,freertos,include,component-local
esphome/components/ethernet/w5500_custom_spi.cpp,18,freertos,semaphore,component-local
esphome/components/ethernet/w5500_custom_spi.cpp,37,esp-idf,err-type,component-local
esphome/components/ethernet/w5500_custom_spi.cpp,37,esp-idf,i2c-spi,component-local
esphome/components/ethernet/w5500_custom_spi.cpp,41,freertos,semaphore,component-local
esphome/components/ethernet/w5500_custom_spi.cpp,43,esp-idf,i2c-spi,component-local
esphome/components/ethernet/w5500_custom_spi.cpp,50,esp-idf,err-type,component-local
esphome/components/ethernet/w5500_custom_spi.cpp,52,esp-idf,i2c-spi,component-local
esphome/components/ethernet/w5500_custom_spi.cpp,55,esp-idf,err-type,component-local
esphome/components/ethernet/w5500_custom_spi.cpp,61,esp-idf,err-type,component-local
esphome/components/ethernet/w5500_custom_spi.cpp,62,freertos,semaphore,component-local
esphome/components/ethernet/w5500_custom_spi.cpp,62,freertos,tick,component-local
esphome/components/ethernet/w5500_custom_spi.cpp,63,esp-idf,err-type,component-local
esphome/components/ethernet/w5500_custom_spi.cpp,65,esp-idf,err-type,component-local
esphome/components/ethernet/w5500_custom_spi.cpp,67,esp-idf,i2c-spi,component-local
esphome/components/ethernet/w5500_custom_spi.cpp,69,esp-idf,i2c-spi,component-local
esphome/components/ethernet/w5500_custom_spi.cpp,71,freertos,semaphore,component-local
esphome/components/ethernet/w5500_custom_spi.cpp,75,esp-idf,err-type,component-local
esphome/components/ethernet/w5500_custom_spi.cpp,85,esp-idf,err-type,component-local
esphome/components/ethernet/w5500_custom_spi.cpp,96,esp-idf,err-type,component-local
esphome/components/ethernet/w5500_custom_spi.cpp,97,esp-idf,err-type,component-local
esphome/components/ethernet/w5500_custom_spi.h,7,esp-idf,include,component-local
esphome/components/ethernet/w5500_custom_spi.h,11,esp-idf,include,component-local
esphome/components/ethernet/w5500_custom_spi.h,13,esp-idf,include,component-local
esphome/components/ethernet_info/ethernet_info_text_sensor.cpp,13,arduino,ipaddress,component-local
esphome/components/ethernet_info/ethernet_info_text_sensor.cpp,15,arduino,ipaddress,component-local
esphome/components/ethernet_info/ethernet_info_text_sensor.cpp,16,arduino,ipaddress,component-local
esphome/components/ethernet_info/ethernet_info_text_sensor.cpp,36,arduino,ipaddress,component-local
esphome/components/ethernet_info/ethernet_info_text_sensor.cpp,37,arduino,ipaddress,component-local
esphome/components/ethernet_info/ethernet_info_text_sensor.h,21,arduino,ipaddress,component-local
esphome/components/ethernet_info/ethernet_info_text_sensor.h,22,arduino,ipaddress,component-local
esphome/components/ethernet_info/ethernet_info_text_sensor.h,36,arduino,ipaddress,component-local
esphome/components/ethernet_info/ethernet_info_text_sensor.h,37,arduino,ipaddress,component-local
esphome/components/event/event.cpp,20,esp-idf,log,component-local
esphome/components/event/event.cpp,24,esp-idf,log,component-local
esphome/components/ezo/ezo.cpp,17,esp-idf,log,component-local
esphome/components/ezo/ezo.cpp,88,esp-idf,log,component-local
esphome/components/ezo/ezo.cpp,97,esp-idf,log,component-local
esphome/components/ezo/ezo.cpp,102,esp-idf,log,component-local
esphome/components/ezo/ezo.cpp,105,esp-idf,log,component-local
esphome/components/ezo/ezo.cpp,109,esp-idf,log,component-local
esphome/components/ezo/ezo.cpp,123,esp-idf,log,component-local
esphome/components/ezo/ezo.cpp,186,esp-idf,log,component-local
esphome/components/ezo_pmp/ezo_pmp.cpp,43,esp-idf,log,component-local
esphome/components/ezo_pmp/ezo_pmp.cpp,76,esp-idf,log,component-local
esphome/components/ezo_pmp/ezo_pmp.cpp,110,esp-idf,log,component-local
esphome/components/ezo_pmp/ezo_pmp.cpp,121,esp-idf,log,component-local
esphome/components/ezo_pmp/ezo_pmp.cpp,125,esp-idf,log,component-local
esphome/components/ezo_pmp/ezo_pmp.cpp,129,esp-idf,log,component-local
esphome/components/ezo_pmp/ezo_pmp.cpp,150,esp-idf,log,component-local
esphome/components/ezo_pmp/ezo_pmp.cpp,290,esp-idf,log,component-local
esphome/components/ezo_pmp/ezo_pmp.cpp,304,esp-idf,log,component-local
esphome/components/ezo_pmp/ezo_pmp.cpp,409,esp-idf,log,component-local
esphome/components/ezo_pmp/ezo_pmp.cpp,415,esp-idf,log,component-local
esphome/components/ezo_pmp/ezo_pmp.cpp,420,esp-idf,log,component-local
esphome/components/ezo_pmp/ezo_pmp.cpp,432,esp-idf,log,component-local
esphome/components/ezo_pmp/ezo_pmp.cpp,467,esp-idf,log,component-local
esphome/components/ezo_pmp/ezo_pmp.cpp,475,esp-idf,log,component-local
esphome/components/factory_reset/button/factory_reset_button.cpp,18,esp-idf,log,component-local
esphome/components/factory_reset/factory_reset.cpp,57,esp-idf,log,component-local
esphome/components/factory_reset/factory_reset.cpp,64,esp-idf,log,component-local
esphome/components/factory_reset/factory_reset.cpp,66,esp-idf,log,component-local
esphome/components/factory_reset/factory_reset.h,9,esp-idf,include,component-local
esphome/components/factory_reset/switch/factory_reset_switch.cpp,22,esp-idf,log,component-local
esphome/components/fan/fan.cpp,55,esp-idf,log,component-local
esphome/components/fan/fan.cpp,62,esp-idf,log,component-local
esphome/components/fan/fan.cpp,65,esp-idf,log,component-local
esphome/components/fan/fan.cpp,68,esp-idf,log,component-local
esphome/components/fan/fan.cpp,71,esp-idf,log,component-local
esphome/components/fan/fan.cpp,74,esp-idf,log,component-local
esphome/components/fan/fan.cpp,77,esp-idf,log,component-local
esphome/components/fan/fan.cpp,106,esp-idf,log,component-local
esphome/components/fan/fan.cpp,111,esp-idf,log,component-local
esphome/components/fan/fan.cpp,116,esp-idf,log,component-local
esphome/components/fan/fan.cpp,221,esp-idf,log,component-local
esphome/components/fan/fan.cpp,226,esp-idf,log,component-local
esphome/components/fan/fan.cpp,229,esp-idf,log,component-local
esphome/components/fan/fan.cpp,232,esp-idf,log,component-local
esphome/components/fan/fan.cpp,235,esp-idf,log,component-local
esphome/components/fastled_base/fastled_light.cpp,1,arduino,guard,component-local
esphome/components/fastled_base/fastled_light.cpp,43,arduino,guard,component-local
esphome/components/fastled_base/fastled_light.h,3,arduino,guard,component-local
esphome/components/fastled_base/fastled_light.h,239,arduino,guard,component-local
esphome/components/feedback/feedback_cover.cpp,96,esp-idf,log,component-local
esphome/components/feedback/feedback_cover.cpp,110,esp-idf,log,component-local
esphome/components/feedback/feedback_cover.cpp,149,esp-idf,log,component-local
esphome/components/feedback/feedback_cover.cpp,196,esp-idf,log,component-local
esphome/components/feedback/feedback_cover.cpp,213,esp-idf,log,component-local
esphome/components/feedback/feedback_cover.cpp,245,esp-idf,log,component-local
esphome/components/feedback/feedback_cover.cpp,371,esp-idf,log,component-local
esphome/components/feedback/feedback_cover.cpp,382,esp-idf,log,component-local
esphome/components/feedback/feedback_cover.cpp,388,esp-idf,log,component-local
esphome/components/fingerprint_grow/fingerprint_grow.cpp,21,esp-idf,log,component-local
esphome/components/fingerprint_grow/fingerprint_grow.cpp,35,esp-idf,log,component-local
esphome/components/fingerprint_grow/fingerprint_grow.cpp,95,esp-idf,log,component-local
esphome/components/fingerprint_grow/fingerprint_grow.cpp,118,esp-idf,log,component-local
esphome/components/fingerprint_grow/fingerprint_grow.cpp,123,esp-idf,log,component-local
esphome/components/fingerprint_grow/fingerprint_grow.cpp,125,esp-idf,log,component-local
esphome/components/fingerprint_grow/fingerprint_grow.cpp,132,esp-idf,log,component-local
esphome/components/fingerprint_grow/fingerprint_grow.cpp,145,esp-idf,log,component-local
esphome/components/fingerprint_grow/fingerprint_grow.cpp,154,esp-idf,log,component-local
esphome/components/fingerprint_grow/fingerprint_grow.cpp,156,esp-idf,log,component-local
esphome/components/fingerprint_grow/fingerprint_grow.cpp,166,esp-idf,log,component-local
esphome/components/fingerprint_grow/fingerprint_grow.cpp,169,esp-idf,log,component-local
esphome/components/fingerprint_grow/fingerprint_grow.cpp,173,esp-idf,log,component-local
esphome/components/fingerprint_grow/fingerprint_grow.cpp,177,esp-idf,log,component-local
esphome/components/fingerprint_grow/fingerprint_grow.cpp,181,esp-idf,log,component-local
esphome/components/fingerprint_grow/fingerprint_grow.cpp,186,esp-idf,log,component-local
esphome/components/fingerprint_grow/fingerprint_grow.cpp,189,esp-idf,log,component-local
esphome/components/fingerprint_grow/fingerprint_grow.cpp,194,esp-idf,log,component-local
esphome/components/fingerprint_grow/fingerprint_grow.cpp,202,esp-idf,log,component-local
esphome/components/fingerprint_grow/fingerprint_grow.cpp,208,esp-idf,log,component-local
esphome/components/fingerprint_grow/fingerprint_grow.cpp,214,esp-idf,log,component-local
esphome/components/fingerprint_grow/fingerprint_grow.cpp,218,esp-idf,log,component-local
esphome/components/fingerprint_grow/fingerprint_grow.cpp,221,esp-idf,log,component-local
esphome/components/fingerprint_grow/fingerprint_grow.cpp,224,esp-idf,log,component-local
esphome/components/fingerprint_grow/fingerprint_grow.cpp,231,esp-idf,log,component-local
esphome/components/fingerprint_grow/fingerprint_grow.cpp,236,esp-idf,log,component-local
esphome/components/fingerprint_grow/fingerprint_grow.cpp,239,esp-idf,log,component-local
esphome/components/fingerprint_grow/fingerprint_grow.cpp,246,esp-idf,log,component-local
esphome/components/fingerprint_grow/fingerprint_grow.cpp,250,esp-idf,log,component-local
esphome/components/fingerprint_grow/fingerprint_grow.cpp,251,esp-idf,log,component-local
esphome/components/fingerprint_grow/fingerprint_grow.cpp,252,esp-idf,log,component-local
esphome/components/fingerprint_grow/fingerprint_grow.cpp,259,esp-idf,log,component-local
esphome/components/fingerprint_grow/fingerprint_grow.cpp,262,esp-idf,log,component-local
esphome/components/fingerprint_grow/fingerprint_grow.cpp,284,esp-idf,log,component-local
esphome/components/fingerprint_grow/fingerprint_grow.cpp,287,esp-idf,log,component-local
esphome/components/fingerprint_grow/fingerprint_grow.cpp,294,esp-idf,log,component-local
esphome/components/fingerprint_grow/fingerprint_grow.cpp,298,esp-idf,log,component-local
esphome/components/fingerprint_grow/fingerprint_grow.cpp,302,esp-idf,log,component-local
esphome/components/fingerprint_grow/fingerprint_grow.cpp,308,esp-idf,log,component-local
esphome/components/fingerprint_grow/fingerprint_grow.cpp,312,esp-idf,log,component-local
esphome/components/fingerprint_grow/fingerprint_grow.cpp,316,esp-idf,log,component-local
esphome/components/fingerprint_grow/fingerprint_grow.cpp,322,esp-idf,log,component-local
esphome/components/fingerprint_grow/fingerprint_grow.cpp,330,esp-idf,log,component-local
esphome/components/fingerprint_grow/fingerprint_grow.cpp,336,esp-idf,log,component-local
esphome/components/fingerprint_grow/fingerprint_grow.cpp,347,esp-idf,log,component-local
esphome/components/fingerprint_grow/fingerprint_grow.cpp,351,esp-idf,log,component-local
esphome/components/fingerprint_grow/fingerprint_grow.cpp,359,esp-idf,log,component-local
esphome/components/fingerprint_grow/fingerprint_grow.cpp,453,esp-idf,log,component-local
esphome/components/fingerprint_grow/fingerprint_grow.cpp,456,esp-idf,log,component-local
esphome/components/fingerprint_grow/fingerprint_grow.cpp,466,esp-idf,log,component-local
esphome/components/fingerprint_grow/fingerprint_grow.cpp,507,esp-idf,log,component-local
esphome/components/fingerprint_grow/fingerprint_grow.cpp,509,esp-idf,log,component-local
esphome/components/fingerprint_grow/fingerprint_grow.cpp,511,esp-idf,log,component-local
esphome/components/fingerprint_grow/fingerprint_grow.cpp,522,esp-idf,log,component-local
esphome/components/fingerprint_grow/fingerprint_grow.cpp,533,esp-idf,log,component-local
esphome/components/font/font.cpp,88,esp-idf,log,component-local
esphome/components/font/font.cpp,310,esp-idf,log,component-local
esphome/components/fs3000/fs3000.cpp,39,esp-idf,log,component-local
esphome/components/fs3000/fs3000.cpp,52,esp-idf,log,component-local
esphome/components/fs3000/fs3000.cpp,58,esp-idf,log,component-local
esphome/components/ft5x06/touchscreen/ft5x06_touchscreen.cpp,44,esp-idf,log,component-local
esphome/components/ft5x06/touchscreen/ft5x06_touchscreen.cpp,48,esp-idf,log,component-local
esphome/components/ft5x06/touchscreen/ft5x06_touchscreen.cpp,59,esp-idf,log,component-local
esphome/components/ft5x06/touchscreen/ft5x06_touchscreen.cpp,66,esp-idf,log,component-local
esphome/components/ft5x06/touchscreen/ft5x06_touchscreen.cpp,75,esp-idf,log,component-local
esphome/components/ft5x06/touchscreen/ft5x06_touchscreen.cpp,93,esp-idf,log,component-local
esphome/components/ft63x6/ft63x6.cpp,51,esp-idf,log,component-local
esphome/components/ft63x6/ft63x6.cpp,53,esp-idf,log,component-local
esphome/components/ft63x6/ft63x6.cpp,84,esp-idf,log,component-local
esphome/components/ft63x6/ft63x6.cpp,96,esp-idf,log,component-local
esphome/components/fujitsu_general/fujitsu_general.cpp,93,esp-idf,log,component-local
esphome/components/fujitsu_general/fujitsu_general.cpp,190,esp-idf,log,component-local
esphome/components/fujitsu_general/fujitsu_general.cpp,208,esp-idf,log,component-local
esphome/components/fujitsu_general/fujitsu_general.cpp,247,esp-idf,log,component-local
esphome/components/fujitsu_general/fujitsu_general.cpp,251,esp-idf,log,component-local
esphome/components/fujitsu_general/fujitsu_general.cpp,264,esp-idf,log,component-local
esphome/components/fujitsu_general/fujitsu_general.cpp,275,esp-idf,log,component-local
esphome/components/fujitsu_general/fujitsu_general.cpp,281,esp-idf,log,component-local
esphome/components/fujitsu_general/fujitsu_general.cpp,285,esp-idf,log,component-local
esphome/components/fujitsu_general/fujitsu_general.cpp,295,esp-idf,log,component-local
esphome/components/fujitsu_general/fujitsu_general.cpp,314,esp-idf,log,component-local
esphome/components/fujitsu_general/fujitsu_general.cpp,322,esp-idf,log,component-local
esphome/components/fujitsu_general/fujitsu_general.cpp,325,esp-idf,log,component-local
esphome/components/fujitsu_general/fujitsu_general.cpp,347,esp-idf,log,component-local
esphome/components/fujitsu_general/fujitsu_general.cpp,368,esp-idf,log,component-local
esphome/components/fujitsu_general/fujitsu_general.cpp,388,esp-idf,log,component-local
esphome/components/fujitsu_general/fujitsu_general.cpp,394,esp-idf,log,component-local
esphome/components/gcja5/gcja5.cpp,59,esp-idf,log,component-local
esphome/components/gcja5/gcja5.cpp,97,esp-idf,log,component-local
esphome/components/gdk101/gdk101.cpp,86,esp-idf,log,component-local
esphome/components/gdk101/gdk101.cpp,126,esp-idf,log,component-local
esphome/components/gdk101/gdk101.cpp,142,esp-idf,log,component-local
esphome/components/gdk101/gdk101.cpp,156,esp-idf,log,component-local
esphome/components/gdk101/gdk101.cpp,179,esp-idf,log,component-local
esphome/components/gdk101/gdk101.cpp,196,esp-idf,log,component-local
esphome/components/gl_r01_i2c/gl_r01_i2c.cpp,21,esp-idf,log,component-local
esphome/components/gl_r01_i2c/gl_r01_i2c.cpp,25,esp-idf,log,component-local
esphome/components/gl_r01_i2c/gl_r01_i2c.cpp,40,esp-idf,log,component-local
esphome/components/gl_r01_i2c/gl_r01_i2c.cpp,52,esp-idf,log,component-local
esphome/components/gl_r01_i2c/gl_r01_i2c.cpp,58,esp-idf,log,component-local
esphome/components/gl_r01_i2c/gl_r01_i2c.cpp,61,esp-idf,log,component-local
esphome/components/gp2y1010au0f/gp2y1010au0f.cpp,31,esp-idf,log,component-local
esphome/components/gp8403/gp8403.cpp,43,esp-idf,log,component-local
esphome/components/gp8403/gp8403.cpp,46,esp-idf,log,component-local
esphome/components/gp8403/gp8403.cpp,49,esp-idf,log,component-local
esphome/components/gpio/binary_sensor/gpio_binary_sensor.cpp,26,esp-idf,iram-attr,component-local
esphome/components/gpio/one_wire/gpio_one_wire.cpp,25,esp-idf,iram-attr,component-local
esphome/components/gpio/one_wire/gpio_one_wire.cpp,68,esp-idf,iram-attr,component-local
esphome/components/gpio/one_wire/gpio_one_wire.cpp,89,esp-idf,iram-attr,component-local
esphome/components/gpio/one_wire/gpio_one_wire.cpp,111,esp-idf,iram-attr,component-local
esphome/components/gpio/one_wire/gpio_one_wire.cpp,118,esp-idf,iram-attr,component-local
esphome/components/gpio/one_wire/gpio_one_wire.cpp,125,esp-idf,iram-attr,component-local
esphome/components/gpio/one_wire/gpio_one_wire.cpp,133,esp-idf,iram-attr,component-local
esphome/components/gpio/one_wire/gpio_one_wire.cpp,148,esp-idf,iram-attr,component-local
esphome/components/gps/gps.cpp,59,esp-idf,log,component-local
esphome/components/gps/gps.cpp,64,esp-idf,log,component-local
esphome/components/gps/gps.cpp,69,esp-idf,log,component-local
esphome/components/gps/gps.cpp,74,esp-idf,log,component-local
esphome/components/gps/gps.cpp,79,esp-idf,log,component-local
esphome/components/gps/gps.cpp,84,esp-idf,log,component-local
esphome/components/graph/graph.cpp,32,esp-idf,log,component-local
esphome/components/graph/graph.cpp,50,esp-idf,log,component-local
esphome/components/graph/graph.cpp,106,esp-idf,log,component-local
esphome/components/graph/graph.cpp,118,esp-idf,log,component-local
esphome/components/graph/graph.cpp,155,esp-idf,log,component-local
esphome/components/graph/graph.cpp,165,esp-idf,log,component-local
esphome/components/graph/graph.cpp,232,esp-idf,log,component-local
esphome/components/graph/graph.cpp,247,esp-idf,log,component-local
esphome/components/graph/graph.cpp,355,esp-idf,log,component-local
esphome/components/graph/graph.cpp,381,esp-idf,log,component-local
esphome/components/graphical_display_menu/graphical_display_menu.cpp,100,esp-idf,log,component-local
esphome/components/graphical_display_menu/graphical_display_menu.cpp,244,esp-idf,log,component-local
esphome/components/grove_gas_mc_v2/grove_gas_mc_v2.cpp,25,esp-idf,log,component-local
esphome/components/grove_gas_mc_v2/grove_gas_mc_v2.cpp,68,esp-idf,log,component-local
esphome/components/grove_gas_mc_v2/grove_gas_mc_v2.cpp,71,esp-idf,log,component-local
esphome/components/grove_gas_mc_v2/grove_gas_mc_v2.cpp,74,esp-idf,log,component-local
esphome/components/grove_gas_mc_v2/grove_gas_mc_v2.cpp,78,esp-idf,log,component-local
esphome/components/grove_tb6612fng/grove_tb6612fng.cpp,35,esp-idf,log,component-local
esphome/components/grove_tb6612fng/grove_tb6612fng.cpp,45,esp-idf,log,component-local
esphome/components/grove_tb6612fng/grove_tb6612fng.cpp,57,esp-idf,log,component-local
esphome/components/grove_tb6612fng/grove_tb6612fng.cpp,76,esp-idf,log,component-local
esphome/components/grove_tb6612fng/grove_tb6612fng.cpp,82,esp-idf,log,component-local
esphome/components/grove_tb6612fng/grove_tb6612fng.cpp,91,esp-idf,log,component-local
esphome/components/grove_tb6612fng/grove_tb6612fng.cpp,99,esp-idf,log,component-local
esphome/components/grove_tb6612fng/grove_tb6612fng.cpp,134,esp-idf,log,component-local
esphome/components/grove_tb6612fng/grove_tb6612fng.cpp,143,esp-idf,log,component-local
esphome/components/grove_tb6612fng/grove_tb6612fng.cpp,164,esp-idf,log,component-local
esphome/components/gsl3670/gsl3670_touchscreen.cpp,62,esp-idf,log,component-local
esphome/components/gsl3670/gsl3670_touchscreen.cpp,73,esp-idf,log,component-local
esphome/components/gsl3670/gsl3670_touchscreen.cpp,84,esp-idf,log,component-local
esphome/components/gsl3670/gsl3670_touchscreen.cpp,107,esp-idf,log,component-local
esphome/components/gsl3670/gsl3670_touchscreen.cpp,124,esp-idf,log,component-local
esphome/components/gsl3670/gsl3670_touchscreen.cpp,128,esp-idf,log,component-local
esphome/components/gsl3670/gsl3670_touchscreen.cpp,135,esp-idf,log,component-local
esphome/components/gsl3670/gsl3670_touchscreen.cpp,139,esp-idf,log,component-local
esphome/components/gsl3670/gsl3670_touchscreen.cpp,147,esp-idf,log,component-local
esphome/components/gsl3670/gsl3670_touchscreen.cpp,159,esp-idf,log,component-local
esphome/components/gt911/touchscreen/gt911_touchscreen.cpp,61,esp-idf,log,component-local
esphome/components/gt911/touchscreen/gt911_touchscreen.cpp,72,esp-idf,log,component-local
esphome/components/gt911/touchscreen/gt911_touchscreen.cpp,76,esp-idf,log,component-local
esphome/components/haier/haier_base.cpp,74,esp-idf,log,component-local
esphome/components/haier/haier_base.cpp,116,esp-idf,log,component-local
esphome/components/haier/haier_base.cpp,118,esp-idf,log,component-local
esphome/components/haier/haier_base.cpp,130,esp-idf,log,component-local
esphome/components/haier/haier_base.cpp,229,esp-idf,log,component-local
esphome/components/haier/haier_base.cpp,266,esp-idf,log,component-local
esphome/components/haier/haier_base.cpp,268,esp-idf,log,component-local
esphome/components/haier/haier_base.cpp,284,esp-idf,log,component-local
esphome/components/haier/haier_base.cpp,336,esp-idf,log,component-local
esphome/components/haier/haier_base.cpp,367,esp-idf,log,component-local
esphome/components/haier/haier_base.cpp,369,esp-idf,log,component-local
esphome/components/haier/haier_base.cpp,373,esp-idf,log,component-local
esphome/components/haier/hon_climate.cpp,102,esp-idf,log,component-local
esphome/components/haier/hon_climate.cpp,110,esp-idf,log,component-local
esphome/components/haier/hon_climate.cpp,121,esp-idf,log,component-local
esphome/components/haier/hon_climate.cpp,184,esp-idf,log,component-local
esphome/components/haier/hon_climate.cpp,200,esp-idf,log,component-local
esphome/components/haier/hon_climate.cpp,204,esp-idf,log,component-local
esphome/components/haier/hon_climate.cpp,432,esp-idf,log,component-local
esphome/components/haier/hon_climate.cpp,436,esp-idf,log,component-local
esphome/components/haier/hon_climate.cpp,442,esp-idf,log,component-local
esphome/components/haier/hon_climate.cpp,445,esp-idf,log,component-local
esphome/components/haier/hon_climate.cpp,461,esp-idf,log,component-local
esphome/components/haier/hon_climate.cpp,483,esp-idf,log,component-local
esphome/components/haier/hon_climate.cpp,561,esp-idf,log,component-local
esphome/components/haier/hon_climate.cpp,582,esp-idf,log,component-local
esphome/components/haier/hon_climate.cpp,641,esp-idf,log,component-local
esphome/components/haier/hon_climate.cpp,817,esp-idf,log,component-local
esphome/components/haier/hon_climate.cpp,858,esp-idf,log,component-local
esphome/components/haier/hon_climate.cpp,915,esp-idf,log,component-local
esphome/components/haier/hon_climate.cpp,965,esp-idf,log,component-local
esphome/components/haier/hon_climate.cpp,1064,esp-idf,log,component-local
esphome/components/haier/hon_climate.cpp,1154,esp-idf,log,component-local
esphome/components/haier/hon_climate.cpp,1189,esp-idf,log,component-local
esphome/components/haier/hon_climate.cpp,1276,esp-idf,log,component-local
esphome/components/haier/smartair2_climate.cpp,32,esp-idf,log,component-local
esphome/components/haier/smartair2_climate.cpp,41,esp-idf,log,component-local
esphome/components/haier/smartair2_climate.cpp,46,esp-idf,log,component-local
esphome/components/haier/smartair2_climate.cpp,84,esp-idf,log,component-local
esphome/components/haier/smartair2_climate.cpp,95,esp-idf,log,component-local
esphome/components/haier/smartair2_climate.cpp,184,esp-idf,log,component-local
esphome/components/haier/smartair2_climate.cpp,200,esp-idf,log,component-local
esphome/components/haier/smartair2_climate.cpp,219,esp-idf,log,component-local
esphome/components/haier/smartair2_climate.cpp,274,esp-idf,log,component-local
esphome/components/haier/smartair2_climate.cpp,295,esp-idf,log,component-local
esphome/components/haier/smartair2_climate.cpp,374,esp-idf,log,component-local
esphome/components/haier/smartair2_climate.cpp,542,esp-idf,log,component-local
esphome/components/hbridge/fan/hbridge_fan.cpp,11,esp-idf,log,component-local
esphome/components/hbridge/fan/hbridge_fan.cpp,20,esp-idf,log,component-local
esphome/components/hbridge/fan/hbridge_fan.cpp,24,esp-idf,log,component-local
esphome/components/hc8/hc8.cpp,31,esp-idf,log,component-local
esphome/components/hc8/hc8.cpp,50,esp-idf,log,component-local
esphome/components/hc8/hc8.cpp,56,esp-idf,log,component-local
esphome/components/hc8/hc8.cpp,62,esp-idf,log,component-local
esphome/components/hc8/hc8.cpp,70,esp-idf,log,component-local
esphome/components/hc8/hc8.cpp,77,esp-idf,log,component-local
esphome/components/hdc1080/hdc1080.cpp,18,esp-idf,log,component-local
esphome/components/hdc1080/hdc1080.cpp,28,esp-idf,log,component-local
esphome/components/hdc2010/hdc2010.cpp,46,esp-idf,log,component-local
esphome/components/hdc2010/hdc2010.cpp,65,esp-idf,log,component-local
esphome/components/hdc2010/hdc2010.cpp,71,esp-idf,log,component-local
esphome/components/hdc2080/hdc2080.cpp,37,esp-idf,log,component-local
esphome/components/hdc302x/hdc302x.cpp,64,esp-idf,log,component-local
esphome/components/hdc302x/hdc302x.cpp,67,esp-idf,log,component-local
esphome/components/hdc302x/hdc302x.cpp,80,esp-idf,log,component-local
esphome/components/hdc302x/hdc302x.cpp,87,esp-idf,log,component-local
esphome/components/hdc302x/hdc302x.cpp,95,esp-idf,log,component-local
esphome/components/hdc302x/hdc302x.cpp,111,esp-idf,log,component-local
esphome/components/hdc302x/hdc302x.cpp,120,esp-idf,log,component-local
esphome/components/he60r/he60r.cpp,61,esp-idf,log,component-local
esphome/components/he60r/he60r.cpp,77,esp-idf,log,component-local
esphome/components/he60r/he60r.cpp,81,esp-idf,log,component-local
esphome/components/he60r/he60r.cpp,133,esp-idf,log,component-local
esphome/components/he60r/he60r.cpp,216,esp-idf,log,component-local
esphome/components/he60r/he60r.cpp,232,esp-idf,log,component-local
esphome/components/he60r/he60r.cpp,258,esp-idf,log,component-local
esphome/components/heatpumpir/heatpumpir.cpp,3,arduino,guard,component-local
esphome/components/heatpumpir/heatpumpir.cpp,107,esp-idf,log,component-local
esphome/components/heatpumpir/heatpumpir.cpp,155,esp-idf,log,component-local
esphome/components/heatpumpir/heatpumpir.cpp,183,esp-idf,log,component-local
esphome/components/heatpumpir/heatpumpir.h,3,arduino,guard,component-local
esphome/components/hitachi_ac344/hitachi_ac344.cpp,172,esp-idf,log,component-local
esphome/components/hitachi_ac344/hitachi_ac344.cpp,243,esp-idf,log,component-local
esphome/components/hitachi_ac344/hitachi_ac344.cpp,245,esp-idf,log,component-local
esphome/components/hitachi_ac344/hitachi_ac344.cpp,274,esp-idf,log,component-local
esphome/components/hitachi_ac344/hitachi_ac344.cpp,281,esp-idf,log,component-local
esphome/components/hitachi_ac344/hitachi_ac344.cpp,304,esp-idf,log,component-local
esphome/components/hitachi_ac344/hitachi_ac344.cpp,361,esp-idf,log,component-local
esphome/components/hitachi_ac344/hitachi_ac344.cpp,365,esp-idf,log,component-local
esphome/components/hitachi_ac424/hitachi_ac424.cpp,173,esp-idf,log,component-local
esphome/components/hitachi_ac424/hitachi_ac424.cpp,244,esp-idf,log,component-local
esphome/components/hitachi_ac424/hitachi_ac424.cpp,246,esp-idf,log,component-local
esphome/components/hitachi_ac424/hitachi_ac424.cpp,275,esp-idf,log,component-local
esphome/components/hitachi_ac424/hitachi_ac424.cpp,282,esp-idf,log,component-local
esphome/components/hitachi_ac424/hitachi_ac424.cpp,305,esp-idf,log,component-local
esphome/components/hitachi_ac424/hitachi_ac424.cpp,362,esp-idf,log,component-local
esphome/components/hitachi_ac424/hitachi_ac424.cpp,366,esp-idf,log,component-local
esphome/components/hlk_fm22x/hlk_fm22x.cpp,23,esp-idf,log,component-local
esphome/components/hlk_fm22x/hlk_fm22x.cpp,36,esp-idf,log,component-local
esphome/components/hlk_fm22x/hlk_fm22x.cpp,39,esp-idf,log,component-local
esphome/components/hlk_fm22x/hlk_fm22x.cpp,51,esp-idf,log,component-local
esphome/components/hlk_fm22x/hlk_fm22x.cpp,57,esp-idf,log,component-local
esphome/components/hlk_fm22x/hlk_fm22x.cpp,63,esp-idf,log,component-local
esphome/components/hlk_fm22x/hlk_fm22x.cpp,68,esp-idf,log,component-local
esphome/components/hlk_fm22x/hlk_fm22x.cpp,73,esp-idf,log,component-local
esphome/components/hlk_fm22x/hlk_fm22x.cpp,81,esp-idf,log,component-local
esphome/components/hlk_fm22x/hlk_fm22x.cpp,83,esp-idf,log,component-local
esphome/components/hlk_fm22x/hlk_fm22x.cpp,122,esp-idf,log,component-local
esphome/components/hlk_fm22x/hlk_fm22x.cpp,142,esp-idf,log,component-local
esphome/components/hlk_fm22x/hlk_fm22x.cpp,166,esp-idf,log,component-local
esphome/components/hlk_fm22x/hlk_fm22x.cpp,172,esp-idf,log,component-local
esphome/components/hlk_fm22x/hlk_fm22x.cpp,183,esp-idf,log,component-local
esphome/components/hlk_fm22x/hlk_fm22x.cpp,190,esp-idf,log,component-local
esphome/components/hlk_fm22x/hlk_fm22x.cpp,196,esp-idf,log,component-local
esphome/components/hlk_fm22x/hlk_fm22x.cpp,206,esp-idf,log,component-local
esphome/components/hlk_fm22x/hlk_fm22x.cpp,212,esp-idf,log,component-local
esphome/components/hlk_fm22x/hlk_fm22x.cpp,228,esp-idf,log,component-local
esphome/components/hlk_fm22x/hlk_fm22x.cpp,237,esp-idf,log,component-local
esphome/components/hlk_fm22x/hlk_fm22x.cpp,241,esp-idf,log,component-local
esphome/components/hlk_fm22x/hlk_fm22x.cpp,246,esp-idf,log,component-local
esphome/components/hlk_fm22x/hlk_fm22x.cpp,267,esp-idf,log,component-local
esphome/components/hlk_fm22x/hlk_fm22x.cpp,272,esp-idf,log,component-local
esphome/components/hlk_fm22x/hlk_fm22x.cpp,285,esp-idf,log,component-local
esphome/components/hlk_fm22x/hlk_fm22x.cpp,309,esp-idf,log,component-local
esphome/components/hlk_fm22x/hlk_fm22x.cpp,312,esp-idf,log,component-local
esphome/components/hlk_fm22x/hlk_fm22x.cpp,315,esp-idf,log,component-local
esphome/components/hlk_fm22x/hlk_fm22x.cpp,319,esp-idf,log,component-local
esphome/components/hlw8012/hlw8012.cpp,75,esp-idf,log,component-local
esphome/components/hlw8012/hlw8012.cpp,81,esp-idf,log,component-local
esphome/components/hlw8012/hlw8012.cpp,100,esp-idf,log,component-local
esphome/components/hlw8032/hlw8032.cpp,53,esp-idf,log,component-local
esphome/components/hlw8032/hlw8032.cpp,72,esp-idf,log,component-local
esphome/components/hlw8032/hlw8032.cpp,107,esp-idf,log,component-local
esphome/components/hlw8032/hlw8032.cpp,165,esp-idf,log,component-local
esphome/components/hm3301/hm3301.cpp,24,esp-idf,log,component-local
esphome/components/hm3301/hm3301.cpp,35,esp-idf,log,component-local
esphome/components/hm3301/hm3301.cpp,41,esp-idf,log,component-local
esphome/components/hmac_sha256/hmac_sha256.h,9,esp-idf,include,component-local
esphome/components/hmc5883l/hmc5883l.cpp,76,esp-idf,log,component-local
esphome/components/hmc5883l/hmc5883l.cpp,78,esp-idf,log,component-local
esphome/components/hmc5883l/hmc5883l.cpp,132,esp-idf,log,component-local
esphome/components/hoermann_hcp/cover/hoermann_hcp_cover.cpp,36,esp-idf,log,component-local
esphome/components/hoermann_hcp/hoermann_hcp.cpp,74,esp-idf,log,component-local
esphome/components/hoermann_hcp/hoermann_hcp.cpp,77,esp-idf,log,component-local
esphome/components/hoermann_hcp/hoermann_hcp.cpp,86,esp-idf,log,component-local
esphome/components/hoermann_hcp/hoermann_hcp.cpp,91,esp-idf,log,component-local
esphome/components/hoermann_hcp/hoermann_hcp.cpp,110,esp-idf,log,component-local
esphome/components/hoermann_hcp/hoermann_hcp.cpp,136,esp-idf,log,component-local
esphome/components/hoermann_hcp/hoermann_hcp.cpp,144,esp-idf,log,component-local
esphome/components/hoermann_hcp/hoermann_hcp.cpp,164,esp-idf,log,component-local
esphome/components/hoermann_hcp/hoermann_hcp.cpp,184,esp-idf,log,component-local
esphome/components/hoermann_hcp/hoermann_hcp.cpp,198,esp-idf,log,component-local
esphome/components/hoermann_hcp/hoermann_hcp.cpp,209,esp-idf,log,component-local
esphome/components/hoermann_hcp/hoermann_hcp.cpp,261,esp-idf,log,component-local
esphome/components/hoermann_hcp/hoermann_hcp.cpp,275,esp-idf,log,component-local
esphome/components/hoermann_hcp/hoermann_hcp.cpp,279,esp-idf,log,component-local
esphome/components/hoermann_hcp/hoermann_hcp.cpp,297,esp-idf,log,component-local
esphome/components/hoermann_hcp/hoermann_hcp.cpp,316,esp-idf,log,component-local
esphome/components/hoermann_hcp/hoermann_hcp.cpp,363,esp-idf,log,component-local
esphome/components/hoermann_hcp/hoermann_hcp.cpp,366,esp-idf,log,component-local
esphome/components/hoermann_hcp/hoermann_hcp.cpp,455,esp-idf,log,component-local
esphome/components/hoermann_hcp/light/hoermann_hcp_light.cpp,38,esp-idf,log,component-local
esphome/components/hoermann_hcp/light/hoermann_hcp_light.cpp,42,esp-idf,log,component-local
esphome/components/hoermann_hcp/light/hoermann_hcp_light.cpp,47,esp-idf,log,component-local
esphome/components/homeassistant/binary_sensor/homeassistant_binary_sensor.cpp,16,esp-idf,log,component-local
esphome/components/homeassistant/binary_sensor/homeassistant_binary_sensor.cpp,22,esp-idf,log,component-local
esphome/components/homeassistant/binary_sensor/homeassistant_binary_sensor.cpp,24,esp-idf,log,component-local
esphome/components/homeassistant/number/homeassistant_number.cpp,15,esp-idf,log,component-local
esphome/components/homeassistant/number/homeassistant_number.cpp,22,esp-idf,log,component-local
esphome/components/homeassistant/number/homeassistant_number.cpp,29,esp-idf,log,component-local
esphome/components/homeassistant/number/homeassistant_number.cpp,32,esp-idf,log,component-local
esphome/components/homeassistant/number/homeassistant_number.cpp,39,esp-idf,log,component-local
esphome/components/homeassistant/number/homeassistant_number.cpp,42,esp-idf,log,component-local
esphome/components/homeassistant/number/homeassistant_number.cpp,49,esp-idf,log,component-local
esphome/components/homeassistant/number/homeassistant_number.cpp,52,esp-idf,log,component-local
esphome/components/homeassistant/number/homeassistant_number.cpp,77,esp-idf,log,component-local
esphome/components/homeassistant/sensor/homeassistant_sensor.cpp,14,esp-idf,log,component-local
esphome/components/homeassistant/sensor/homeassistant_sensor.cpp,20,esp-idf,log,component-local
esphome/components/homeassistant/sensor/homeassistant_sensor.cpp,22,esp-idf,log,component-local
esphome/components/homeassistant/switch/homeassistant_switch.cpp,18,esp-idf,log,component-local
esphome/components/homeassistant/switch/homeassistant_switch.cpp,23,esp-idf,log,component-local
esphome/components/homeassistant/switch/homeassistant_switch.cpp,39,esp-idf,log,component-local
esphome/components/homeassistant/text_sensor/homeassistant_text_sensor.cpp,13,esp-idf,log,component-local
esphome/components/homeassistant/text_sensor/homeassistant_text_sensor.cpp,15,esp-idf,log,component-local
esphome/components/honeywell_hih_i2c/honeywell_hih.cpp,19,esp-idf,log,component-local
esphome/components/honeywell_hih_i2c/honeywell_hih.cpp,30,esp-idf,log,component-local
esphome/components/honeywell_hih_i2c/honeywell_hih.cpp,39,esp-idf,log,component-local
esphome/components/honeywell_hih_i2c/honeywell_hih.cpp,51,esp-idf,log,component-local
esphome/components/honeywell_hih_i2c/honeywell_hih.cpp,61,esp-idf,log,component-local
esphome/components/honeywell_hih_i2c/honeywell_hih.cpp,67,esp-idf,log,component-local
esphome/components/honeywell_hih_i2c/honeywell_hih.cpp,83,esp-idf,log,component-local
esphome/components/honeywell_hih_i2c/honeywell_hih.cpp,86,esp-idf,log,component-local
esphome/components/honeywellabp/honeywellabp.cpp,29,esp-idf,log,component-local
esphome/components/honeywellabp/honeywellabp.cpp,37,esp-idf,log,component-local
esphome/components/honeywellabp/honeywellabp.cpp,71,esp-idf,log,component-local
esphome/components/honeywellabp/sensor.py,50,esp-idf,i2c-spi,python
esphome/components/honeywellabp2_i2c/honeywellabp2.cpp,16,esp-idf,log,component-local
esphome/components/honeywellabp2_i2c/honeywellabp2.cpp,32,esp-idf,log,component-local
esphome/components/honeywellabp2_i2c/honeywellabp2.cpp,41,esp-idf,log,component-local
esphome/components/honeywellabp2_i2c/honeywellabp2.cpp,53,esp-idf,log,component-local
esphome/components/honeywellabp2_i2c/honeywellabp2.cpp,79,esp-idf,log,component-local
esphome/components/host/gpio.cpp,24,esp-idf,log,platform-backend
esphome/components/host/gpio.cpp,26,esp-idf,log,platform-backend
esphome/components/host/gpio.cpp,33,esp-idf,log,platform-backend
esphome/components/host/gpio.cpp,41,esp-idf,iram-attr,platform-backend
esphome/components/host/gpio.cpp,45,esp-idf,iram-attr,platform-backend
esphome/components/host/gpio.cpp,48,esp-idf,iram-attr,platform-backend
esphome/components/host/gpio.cpp,50,esp-idf,log,platform-backend
esphome/components/host/hal.cpp,24,esp-idf,iram-attr,platform-backend
esphome/components/host/hal.cpp,43,esp-idf,iram-attr,platform-backend
esphome/components/host/hal.cpp,48,esp-idf,iram-attr,platform-backend
esphome/components/host/hal.cpp,64,esp-idf,log,platform-backend
esphome/components/host/hal.h,8,esp-idf,iram-attr,platform-backend
esphome/components/host/helpers.cpp,22,esp-idf,log,platform-backend
esphome/components/host/helpers.cpp,27,esp-idf,log,platform-backend
esphome/components/host/preferences.cpp,24,esp-idf,log,platform-backend
esphome/components/host/preferences.cpp,32,esp-idf,log,platform-backend
esphome/components/host/preferences.cpp,62,esp-idf,log,platform-backend
esphome/components/host/preferences.cpp,67,esp-idf,log,platform-backend
esphome/components/hrxl_maxsonar_wr/hrxl_maxsonar_wr.cpp,45,esp-idf,log,component-local
esphome/components/hrxl_maxsonar_wr/hrxl_maxsonar_wr.cpp,59,esp-idf,log,component-local
esphome/components/hrxl_maxsonar_wr/hrxl_maxsonar_wr.cpp,62,esp-idf,log,component-local
esphome/components/hte501/hte501.cpp,23,esp-idf,log,component-local
esphome/components/hte501/hte501.cpp,31,esp-idf,log,component-local
esphome/components/hte501/hte501.cpp,34,esp-idf,log,component-local
esphome/components/hte501/hte501.cpp,65,esp-idf,log,component-local
esphome/components/http_request/http_request.cpp,28,esp-idf,log,component-local
esphome/components/http_request/http_request.cpp,32,esp-idf,log,component-local
esphome/components/http_request/http_request_arduino.cpp,3,arduino,guard,component-local
esphome/components/http_request/http_request_arduino.cpp,31,esp-idf,log,component-local
esphome/components/http_request/http_request_arduino.cpp,56,esp-idf,log,component-local
esphome/components/http_request/http_request_arduino.cpp,65,esp-idf,log,component-local
esphome/components/http_request/http_request_arduino.cpp,67,esp-idf,log,component-local
esphome/components/http_request/http_request_arduino.cpp,85,esp-idf,log,component-local
esphome/components/http_request/http_request_arduino.cpp,131,esp-idf,log,component-local
esphome/components/http_request/http_request_arduino.cpp,133,esp-idf,log,component-local
esphome/components/http_request/http_request_arduino.cpp,137,esp-idf,log,component-local
esphome/components/http_request/http_request_arduino.cpp,142,esp-idf,log,component-local
esphome/components/http_request/http_request_arduino.cpp,150,esp-idf,log,component-local
esphome/components/http_request/http_request_arduino.cpp,161,esp-idf,log,component-local
esphome/components/http_request/http_request_arduino.cpp,173,esp-idf,log,component-local
esphome/components/http_request/http_request_arduino.cpp,209,esp-idf,log,component-local
esphome/components/http_request/http_request_arduino.cpp,406,arduino,guard,component-local
esphome/components/http_request/http_request_arduino.h,5,arduino,guard,component-local
esphome/components/http_request/http_request_arduino.h,68,arduino,guard,component-local
esphome/components/http_request/http_request_host.cpp,25,esp-idf,log,component-local
esphome/components/http_request/http_request_host.cpp,33,esp-idf,log,component-local
esphome/components/http_request/http_request_host.cpp,57,esp-idf,log,component-local
esphome/components/http_request/http_request_host.cpp,69,esp-idf,log,component-local
esphome/components/http_request/http_request_host.cpp,95,esp-idf,log,component-local
esphome/components/http_request/http_request_host.cpp,101,esp-idf,log,component-local
esphome/components/http_request/http_request_host.cpp,110,esp-idf,log,component-local
esphome/components/http_request/http_request_host.cpp,117,esp-idf,log,component-local
esphome/components/http_request/http_request_idf.cpp,12,esp-idf,include,component-local
esphome/components/http_request/http_request_idf.cpp,15,esp-idf,include,component-local
esphome/components/http_request/http_request_idf.cpp,31,esp-idf,err-type,component-local
esphome/components/http_request/http_request_idf.cpp,39,esp-idf,log,component-local
esphome/components/http_request/http_request_idf.cpp,48,esp-idf,err-type,component-local
esphome/components/http_request/http_request_idf.cpp,57,esp-idf,log,component-local
esphome/components/http_request/http_request_idf.cpp,74,esp-idf,log,component-local
esphome/components/http_request/http_request_idf.cpp,113,esp-idf,log,component-local
esphome/components/http_request/http_request_idf.cpp,131,esp-idf,err-type,component-local
esphome/components/http_request/http_request_idf.cpp,132,esp-idf,err-type,component-local
esphome/components/http_request/http_request_idf.cpp,134,esp-idf,log,component-local
esphome/components/http_request/http_request_idf.cpp,146,esp-idf,err-type,component-local
esphome/components/http_request/http_request_idf.cpp,155,esp-idf,err-type,component-local
esphome/components/http_request/http_request_idf.cpp,157,esp-idf,log,component-local
esphome/components/http_request/http_request_idf.cpp,179,esp-idf,err-type,component-local
esphome/components/http_request/http_request_idf.cpp,180,esp-idf,log,component-local
esphome/components/http_request/http_request_idf.cpp,187,esp-idf,err-type,component-local
esphome/components/http_request/http_request_idf.cpp,188,esp-idf,log,component-local
esphome/components/http_request/http_request_idf.cpp,192,esp-idf,err-type,component-local
esphome/components/http_request/http_request_idf.cpp,193,esp-idf,log,component-local
esphome/components/http_request/http_request_idf.cpp,217,esp-idf,log,component-local
esphome/components/http_request/http_request_idf.cpp,221,esp-idf,log,component-local
esphome/components/http_request/http_request_idf.cpp,315,esp-idf,err-type,component-local
esphome/components/http_request/http_request_idf.cpp,315,esp-idf,watchdog,component-local
esphome/components/http_request/http_request_idf.h,7,esp-idf,include,component-local
esphome/components/http_request/http_request_idf.h,8,esp-idf,include,component-local
esphome/components/http_request/http_request_idf.h,9,esp-idf,include,component-local
esphome/components/http_request/http_request_idf.h,10,esp-idf,include,component-local
esphome/components/http_request/http_request_idf.h,51,esp-idf,err-type,component-local
esphome/components/http_request/ota/ota_http_request.cpp,37,esp-idf,log,component-local
esphome/components/http_request/ota/ota_http_request.cpp,41,esp-idf,log,component-local
esphome/components/http_request/ota/ota_http_request.cpp,70,esp-idf,log,component-local
esphome/components/http_request/ota/ota_http_request.cpp,73,esp-idf,log,component-local
esphome/components/http_request/ota/ota_http_request.cpp,88,esp-idf,log,component-local
esphome/components/http_request/ota/ota_http_request.cpp,95,esp-idf,log,component-local
esphome/components/http_request/ota/ota_http_request.cpp,105,esp-idf,log,component-local
esphome/components/http_request/ota/ota_http_request.cpp,109,esp-idf,log,component-local
esphome/components/http_request/ota/ota_http_request.cpp,141,esp-idf,log,component-local
esphome/components/http_request/ota/ota_http_request.cpp,143,esp-idf,log,component-local
esphome/components/http_request/ota/ota_http_request.cpp,159,esp-idf,log,component-local
esphome/components/http_request/ota/ota_http_request.cpp,170,esp-idf,log,component-local
esphome/components/http_request/ota/ota_http_request.cpp,177,esp-idf,log,component-local
esphome/components/http_request/ota/ota_http_request.cpp,184,esp-idf,log,component-local
esphome/components/http_request/ota/ota_http_request.cpp,200,esp-idf,log,component-local
esphome/components/http_request/ota/ota_http_request.cpp,205,esp-idf,log,component-local
esphome/components/http_request/ota/ota_http_request.cpp,236,esp-idf,log,component-local
esphome/components/http_request/ota/ota_http_request.cpp,240,esp-idf,log,component-local
esphome/components/http_request/ota/ota_http_request.cpp,259,esp-idf,log,component-local
esphome/components/http_request/ota/ota_http_request.cpp,262,esp-idf,log,component-local
esphome/components/http_request/ota/ota_http_request.cpp,271,esp-idf,log,component-local
esphome/components/http_request/ota/ota_http_request.cpp,283,esp-idf,log,component-local
esphome/components/http_request/ota/ota_http_request.cpp,285,esp-idf,log,component-local
esphome/components/http_request/ota/ota_http_request.cpp,294,esp-idf,log,component-local
esphome/components/http_request/update/http_request_update.cpp,71,esp-idf,log,component-local
esphome/components/http_request/update/http_request_update.cpp,77,esp-idf,log,component-local
esphome/components/http_request/update/http_request_update.cpp,80,freertos,task-create,component-local
esphome/components/http_request/update/http_request_update.cpp,97,esp-idf,log,component-local
esphome/components/http_request/update/http_request_update.cpp,108,esp-idf,log,component-local
esphome/components/http_request/update/http_request_update.cpp,118,esp-idf,log,component-local
esphome/components/http_request/update/http_request_update.cpp,120,esp-idf,log,component-local
esphome/components/http_request/update/http_request_update.cpp,138,esp-idf,log,component-local
esphome/components/http_request/update/http_request_update.cpp,147,esp-idf,log,component-local
esphome/components/http_request/update/http_request_update.cpp,152,esp-idf,log,component-local
esphome/components/http_request/update/http_request_update.cpp,157,esp-idf,log,component-local
esphome/components/http_request/update/http_request_update.cpp,177,esp-idf,log,component-local
esphome/components/http_request/update/http_request_update.h,11,freertos,include,component-local
esphome/components/http_request/update/http_request_update.h,40,freertos,handle-type,component-local
esphome/components/htu21d/htu21d.cpp,32,esp-idf,log,component-local
esphome/components/htu21d/htu21d.cpp,55,esp-idf,log,component-local
esphome/components/htu21d/htu21d.cpp,75,esp-idf,log,component-local
esphome/components/htu21d/htu21d.cpp,95,esp-idf,log,component-local
esphome/components/htu31d/htu31d.cpp,67,esp-idf,log,component-local
esphome/components/htu31d/htu31d.cpp,73,esp-idf,log,component-local
esphome/components/htu31d/htu31d.cpp,82,esp-idf,log,component-local
esphome/components/htu31d/htu31d.cpp,92,esp-idf,log,component-local
esphome/components/htu31d/htu31d.cpp,111,esp-idf,log,component-local
esphome/components/htu31d/htu31d.cpp,123,esp-idf,log,component-local
esphome/components/htu31d/htu31d.cpp,135,esp-idf,log,component-local
esphome/components/htu31d/htu31d.cpp,168,esp-idf,log,component-local
esphome/components/htu31d/htu31d.cpp,176,esp-idf,log,component-local
esphome/components/htu31d/htu31d.cpp,180,esp-idf,log,component-local
esphome/components/htu31d/htu31d.cpp,198,esp-idf,log,component-local
esphome/components/htu31d/htu31d.cpp,230,esp-idf,log,component-local
esphome/components/hub75/hub75.cpp,32,esp-idf,log,component-local
esphome/components/hub75/hub75.cpp,166,esp-idf,log,component-local
esphome/components/hub75/hub75.cpp,176,esp-idf,log,component-local
esphome/components/hx711/hx711.cpp,28,esp-idf,log,component-local
esphome/components/hx711/hx711.cpp,34,esp-idf,log,component-local
esphome/components/hx711/hx711.cpp,63,esp-idf,log,component-local
esphome/components/hydreon_rgxx/hydreon_rgxx.cpp,16,esp-idf,log,component-local
esphome/components/hydreon_rgxx/hydreon_rgxx.cpp,73,esp-idf,log,component-local
esphome/components/hydreon_rgxx/hydreon_rgxx.cpp,78,esp-idf,log,component-local
esphome/components/hydreon_rgxx/hydreon_rgxx.cpp,80,esp-idf,log,component-local
esphome/components/hydreon_rgxx/hydreon_rgxx.cpp,143,esp-idf,log,component-local
esphome/components/hydreon_rgxx/hydreon_rgxx.cpp,148,esp-idf,log,component-local
esphome/components/hydreon_rgxx/hydreon_rgxx.cpp,160,esp-idf,log,component-local
esphome/components/hydreon_rgxx/hydreon_rgxx.cpp,163,esp-idf,log,component-local
esphome/components/hydreon_rgxx/hydreon_rgxx.cpp,169,esp-idf,log,component-local
esphome/components/hydreon_rgxx/hydreon_rgxx.cpp,174,esp-idf,log,component-local
esphome/components/hydreon_rgxx/hydreon_rgxx.cpp,178,esp-idf,log,component-local
esphome/components/hydreon_rgxx/hydreon_rgxx.cpp,182,esp-idf,log,component-local
esphome/components/hydreon_rgxx/hydreon_rgxx.cpp,193,esp-idf,log,component-local
esphome/components/hydreon_rgxx/hydreon_rgxx.cpp,218,esp-idf,log,component-local
esphome/components/hydreon_rgxx/hydreon_rgxx.cpp,224,esp-idf,log,component-local
esphome/components/hydreon_rgxx/hydreon_rgxx.cpp,227,esp-idf,log,component-local
esphome/components/hydreon_rgxx/hydreon_rgxx.cpp,241,esp-idf,log,component-local
esphome/components/hydreon_rgxx/hydreon_rgxx.cpp,268,esp-idf,log,component-local
esphome/components/hydreon_rgxx/hydreon_rgxx.cpp,277,esp-idf,log,component-local
esphome/components/hydreon_rgxx/hydreon_rgxx.cpp,281,esp-idf,log,component-local
esphome/components/hyt271/hyt271.cpp,23,esp-idf,log,component-local
esphome/components/hyt271/hyt271.cpp,30,esp-idf,log,component-local
esphome/components/hyt271/hyt271.cpp,39,esp-idf,log,component-local
esphome/components/i2c/i2c_bus_arduino.cpp,1,arduino,guard,component-local
esphome/components/i2c/i2c_bus_arduino.cpp,4,arduino,include,component-local
esphome/components/i2c/i2c_bus_arduino.cpp,38,esp-idf,log,component-local
esphome/components/i2c/i2c_bus_arduino.cpp,89,esp-idf,log,component-local
esphome/components/i2c/i2c_bus_arduino.cpp,91,esp-idf,log,component-local
esphome/components/i2c/i2c_bus_arduino.cpp,95,esp-idf,log,component-local
esphome/components/i2c/i2c_bus_arduino.cpp,97,esp-idf,log,component-local
esphome/components/i2c/i2c_bus_arduino.cpp,110,esp-idf,log,component-local
esphome/components/i2c/i2c_bus_arduino.cpp,116,esp-idf,log,component-local
esphome/components/i2c/i2c_bus_arduino.cpp,124,esp-idf,log,component-local
esphome/components/i2c/i2c_bus_arduino.cpp,161,esp-idf,log,component-local
esphome/components/i2c/i2c_bus_arduino.cpp,170,arduino,api,component-local
esphome/components/i2c/i2c_bus_arduino.cpp,176,arduino,api,component-local
esphome/components/i2c/i2c_bus_arduino.cpp,177,esp-idf,log,component-local
esphome/components/i2c/i2c_bus_arduino.cpp,192,arduino,api,component-local
esphome/components/i2c/i2c_bus_arduino.cpp,197,arduino,api,component-local
esphome/components/i2c/i2c_bus_arduino.cpp,198,arduino,api,component-local
esphome/components/i2c/i2c_bus_arduino.cpp,202,arduino,api,component-local
esphome/components/i2c/i2c_bus_arduino.cpp,203,arduino,api,component-local
esphome/components/i2c/i2c_bus_arduino.cpp,214,arduino,api,component-local
esphome/components/i2c/i2c_bus_arduino.cpp,218,arduino,api,component-local
esphome/components/i2c/i2c_bus_arduino.cpp,219,esp-idf,log,component-local
esphome/components/i2c/i2c_bus_arduino.cpp,227,arduino,api,component-local
esphome/components/i2c/i2c_bus_arduino.cpp,228,arduino,api,component-local
esphome/components/i2c/i2c_bus_arduino.cpp,233,arduino,api,component-local
esphome/components/i2c/i2c_bus_arduino.cpp,234,esp-idf,log,component-local
esphome/components/i2c/i2c_bus_arduino.cpp,251,arduino,api,component-local
esphome/components/i2c/i2c_bus_arduino.cpp,252,arduino,api,component-local
esphome/components/i2c/i2c_bus_arduino.cpp,261,arduino,api,component-local
esphome/components/i2c/i2c_bus_arduino.cpp,262,arduino,api,component-local
esphome/components/i2c/i2c_bus_arduino.cpp,268,arduino,guard,component-local
esphome/components/i2c/i2c_bus_arduino.h,3,arduino,guard,component-local
esphome/components/i2c/i2c_bus_arduino.h,49,arduino,guard,component-local
esphome/components/i2c/i2c_bus_esp_idf.cpp,5,esp-idf,include,component-local
esphome/components/i2c/i2c_bus_esp_idf.cpp,27,esp-idf,log,component-local
esphome/components/i2c/i2c_bus_esp_idf.cpp,41,esp-idf,log,component-local
esphome/components/i2c/i2c_bus_esp_idf.cpp,51,esp-idf,log,component-local
esphome/components/i2c/i2c_bus_esp_idf.cpp,63,esp-idf,err-type,component-local
esphome/components/i2c/i2c_bus_esp_idf.cpp,64,esp-idf,err-type,component-local
esphome/components/i2c/i2c_bus_esp_idf.cpp,65,esp-idf,log,component-local
esphome/components/i2c/i2c_bus_esp_idf.cpp,76,esp-idf,i2c-spi,component-local
esphome/components/i2c/i2c_bus_esp_idf.cpp,77,esp-idf,err-type,component-local
esphome/components/i2c/i2c_bus_esp_idf.cpp,78,esp-idf,log,component-local
esphome/components/i2c/i2c_bus_esp_idf.cpp,86,esp-idf,log,component-local
esphome/components/i2c/i2c_bus_esp_idf.cpp,121,esp-idf,log,component-local
esphome/components/i2c/i2c_bus_esp_idf.cpp,133,esp-idf,log,component-local
esphome/components/i2c/i2c_bus_esp_idf.cpp,141,esp-idf,log,component-local
esphome/components/i2c/i2c_bus_esp_idf.cpp,144,esp-idf,log,component-local
esphome/components/i2c/i2c_bus_esp_idf.cpp,154,esp-idf,log,component-local
esphome/components/i2c/i2c_bus_esp_idf.cpp,167,esp-idf,log,component-local
esphome/components/i2c/i2c_bus_esp_idf.cpp,186,esp-idf,log,component-local
esphome/components/i2c/i2c_bus_esp_idf.cpp,187,esp-idf,err-type,component-local
esphome/components/i2c/i2c_bus_esp_idf.cpp,187,esp-idf,i2c-spi,component-local
esphome/components/i2c/i2c_bus_esp_idf.cpp,188,esp-idf,err-type,component-local
esphome/components/i2c/i2c_bus_esp_idf.cpp,189,esp-idf,log,component-local
esphome/components/i2c/i2c_bus_esp_idf.cpp,191,esp-idf,err-type,component-local
esphome/components/i2c/i2c_bus_esp_idf.cpp,192,esp-idf,log,component-local
esphome/components/i2c/i2c_bus_esp_idf.cpp,194,esp-idf,err-type,component-local
esphome/components/i2c/i2c_bus_esp_idf.cpp,195,esp-idf,log,component-local
esphome/components/i2c/i2c_bus_esp_idf.cpp,205,esp-idf,log,component-local
esphome/components/i2c/i2c_bus_esp_idf.cpp,219,esp-idf,gpio,component-local
esphome/components/i2c/i2c_bus_esp_idf.cpp,226,esp-idf,gpio,component-local
esphome/components/i2c/i2c_bus_esp_idf.cpp,229,esp-idf,gpio,component-local
esphome/components/i2c/i2c_bus_esp_idf.cpp,236,esp-idf,gpio,component-local
esphome/components/i2c/i2c_bus_esp_idf.cpp,241,esp-idf,gpio,component-local
esphome/components/i2c/i2c_bus_esp_idf.cpp,242,esp-idf,log,component-local
esphome/components/i2c/i2c_bus_esp_idf.cpp,255,esp-idf,gpio,component-local
esphome/components/i2c/i2c_bus_esp_idf.cpp,257,esp-idf,gpio,component-local
esphome/components/i2c/i2c_bus_esp_idf.cpp,268,esp-idf,gpio,component-local
esphome/components/i2c/i2c_bus_esp_idf.cpp,272,esp-idf,gpio,component-local
esphome/components/i2c/i2c_bus_esp_idf.cpp,273,esp-idf,log,component-local
esphome/components/i2c/i2c_bus_esp_idf.cpp,282,esp-idf,gpio,component-local
esphome/components/i2c/i2c_bus_esp_idf.cpp,283,esp-idf,log,component-local
esphome/components/i2c/i2c_bus_esp_idf.cpp,300,esp-idf,gpio,component-local
esphome/components/i2c/i2c_bus_esp_idf.cpp,309,esp-idf,gpio,component-local
esphome/components/i2c/i2c_bus_esp_idf.h,7,esp-idf,include,component-local
esphome/components/i2c/i2c_bus_host.cpp,62,esp-idf,log,component-local
esphome/components/i2c/i2c_bus_host.cpp,66,esp-idf,log,component-local
esphome/components/i2c/i2c_bus_host.cpp,69,esp-idf,log,component-local
esphome/components/i2c/i2c_bus_host.cpp,78,esp-idf,log,component-local
esphome/components/i2c/i2c_bus_host.cpp,126,esp-idf,log,component-local
esphome/components/i2c/i2c_bus_host.cpp,162,esp-idf,log,component-local
esphome/components/i2c/i2c_bus_host.cpp,164,esp-idf,log,component-local
esphome/components/i2c/i2c_bus_host.cpp,174,esp-idf,log,component-local
esphome/components/i2c/i2c_bus_host.cpp,178,esp-idf,log,component-local
esphome/components/i2c/i2c_bus_host.cpp,182,esp-idf,log,component-local
esphome/components/i2c/i2c_bus_host.cpp,202,esp-idf,log,component-local
esphome/components/i2c/i2c_bus_host.cpp,206,esp-idf,log,component-local
esphome/components/i2c/i2c_bus_host.cpp,218,esp-idf,log,component-local
esphome/components/i2c/i2c_bus_host.cpp,221,esp-idf,log,component-local
esphome/components/i2c/i2c_bus_host.cpp,235,esp-idf,log,component-local
esphome/components/i2c/i2c_bus_host.cpp,241,esp-idf,log,component-local
esphome/components/i2c/i2c_bus_host.cpp,247,esp-idf,log,component-local
esphome/components/i2c/i2c_bus_host.cpp,255,esp-idf,log,component-local
esphome/components/i2c/i2c_bus_host.cpp,280,esp-idf,log,component-local
esphome/components/i2c/i2c_bus_host.cpp,289,esp-idf,log,component-local
esphome/components/i2c/i2c_bus_zephyr.cpp,29,esp-idf,log,component-local
esphome/components/i2c/i2c_bus_zephyr.cpp,36,esp-idf,log,component-local
esphome/components/i2c/i2c_bus_zephyr.cpp,41,esp-idf,log,component-local
esphome/components/i2c/i2c_bus_zephyr.cpp,44,esp-idf,log,component-local
esphome/components/i2c/i2c_bus_zephyr.cpp,64,esp-idf,log,component-local
esphome/components/i2c/i2c_bus_zephyr.cpp,66,esp-idf,log,component-local
esphome/components/i2c/i2c_bus_zephyr.cpp,70,esp-idf,log,component-local
esphome/components/i2c/i2c_bus_zephyr.cpp,72,esp-idf,log,component-local
esphome/components/i2c/i2c_bus_zephyr.cpp,116,esp-idf,log,component-local
esphome/components/i2s_audio/i2s_audio.h,8,esp-idf,include,component-local
esphome/components/i2s_audio/i2s_audio.h,9,esp-idf,include,component-local
esphome/components/i2s_audio/microphone/i2s_audio_microphone.cpp,5,esp-idf,include,component-local
esphome/components/i2s_audio/microphone/i2s_audio_microphone.cpp,6,esp-idf,include,component-local
esphome/components/i2s_audio/microphone/i2s_audio_microphone.cpp,35,freertos,semaphore,component-local
esphome/components/i2s_audio/microphone/i2s_audio_microphone.cpp,37,esp-idf,log,component-local
esphome/components/i2s_audio/microphone/i2s_audio_microphone.cpp,44,esp-idf,log,component-local
esphome/components/i2s_audio/microphone/i2s_audio_microphone.cpp,94,freertos,semaphore,component-local
esphome/components/i2s_audio/microphone/i2s_audio_microphone.cpp,102,esp-idf,err-type,component-local
esphome/components/i2s_audio/microphone/i2s_audio_microphone.cpp,113,esp-idf,err-type,component-local
esphome/components/i2s_audio/microphone/i2s_audio_microphone.cpp,114,esp-idf,log,component-local
esphome/components/i2s_audio/microphone/i2s_audio_microphone.cpp,185,esp-idf,err-type,component-local
esphome/components/i2s_audio/microphone/i2s_audio_microphone.cpp,186,esp-idf,log,component-local
esphome/components/i2s_audio/microphone/i2s_audio_microphone.cpp,192,esp-idf,err-type,component-local
esphome/components/i2s_audio/microphone/i2s_audio_microphone.cpp,193,esp-idf,log,component-local
esphome/components/i2s_audio/microphone/i2s_audio_microphone.cpp,206,freertos,semaphore,component-local
esphome/components/i2s_audio/microphone/i2s_audio_microphone.cpp,213,esp-idf,err-type,component-local
esphome/components/i2s_audio/microphone/i2s_audio_microphone.cpp,217,esp-idf,err-type,component-local
esphome/components/i2s_audio/microphone/i2s_audio_microphone.cpp,218,esp-idf,log,component-local
esphome/components/i2s_audio/microphone/i2s_audio_microphone.cpp,222,esp-idf,err-type,component-local
esphome/components/i2s_audio/microphone/i2s_audio_microphone.cpp,223,esp-idf,log,component-local
esphome/components/i2s_audio/microphone/i2s_audio_microphone.cpp,255,freertos,task-delay,component-local
esphome/components/i2s_audio/microphone/i2s_audio_microphone.cpp,255,freertos,tick,component-local
esphome/components/i2s_audio/microphone/i2s_audio_microphone.cpp,263,freertos,task-delay,component-local
esphome/components/i2s_audio/microphone/i2s_audio_microphone.cpp,263,freertos,tick,component-local
esphome/components/i2s_audio/microphone/i2s_audio_microphone.cpp,323,esp-idf,err-type,component-local
esphome/components/i2s_audio/microphone/i2s_audio_microphone.cpp,324,esp-idf,err-type,component-local
esphome/components/i2s_audio/microphone/i2s_audio_microphone.cpp,328,esp-idf,log,component-local
esphome/components/i2s_audio/microphone/i2s_audio_microphone.cpp,357,esp-idf,log,component-local
esphome/components/i2s_audio/microphone/i2s_audio_microphone.cpp,362,esp-idf,log,component-local
esphome/components/i2s_audio/microphone/i2s_audio_microphone.cpp,369,esp-idf,log,component-local
esphome/components/i2s_audio/microphone/i2s_audio_microphone.cpp,399,esp-idf,log,component-local
esphome/components/i2s_audio/microphone/i2s_audio_microphone.cpp,406,freertos,task-create,component-local
esphome/components/i2s_audio/microphone/i2s_audio_microphone.cpp,410,esp-idf,log,component-local
esphome/components/i2s_audio/microphone/i2s_audio_microphone.h,10,freertos,include,component-local
esphome/components/i2s_audio/microphone/i2s_audio_microphone.h,11,freertos,include,component-local
esphome/components/i2s_audio/microphone/i2s_audio_microphone.h,12,freertos,include,component-local
esphome/components/i2s_audio/microphone/i2s_audio_microphone.h,13,freertos,include,component-local
esphome/components/i2s_audio/microphone/i2s_audio_microphone.h,56,freertos,semaphore,component-local
esphome/components/i2s_audio/microphone/i2s_audio_microphone.h,59,freertos,handle-type,component-local
esphome/components/i2s_audio/speaker/i2s_audio_spdif.cpp,5,esp-idf,include,component-local
esphome/components/i2s_audio/speaker/i2s_audio_spdif.cpp,13,esp-idf,include,component-local
esphome/components/i2s_audio/speaker/i2s_audio_spdif.cpp,36,esp-idf,err-type,component-local
esphome/components/i2s_audio/speaker/i2s_audio_spdif.cpp,39,esp-idf,err-type,component-local
esphome/components/i2s_audio/speaker/i2s_audio_spdif.cpp,40,esp-idf,err-type,component-local
esphome/components/i2s_audio/speaker/i2s_audio_spdif.cpp,41,esp-idf,log,component-local
esphome/components/i2s_audio/speaker/i2s_audio_spdif.cpp,42,esp-idf,err-type,component-local
esphome/components/i2s_audio/speaker/i2s_audio_spdif.cpp,44,esp-idf,err-type,component-local
esphome/components/i2s_audio/speaker/i2s_audio_spdif.cpp,47,esp-idf,err-type,component-local
esphome/components/i2s_audio/speaker/i2s_audio_spdif.cpp,50,esp-idf,err-type,component-local
esphome/components/i2s_audio/speaker/i2s_audio_spdif.cpp,51,esp-idf,err-type,component-local
esphome/components/i2s_audio/speaker/i2s_audio_spdif.cpp,52,esp-idf,log,component-local
esphome/components/i2s_audio/speaker/i2s_audio_spdif.cpp,65,esp-idf,log,component-local
esphome/components/i2s_audio/speaker/i2s_audio_spdif.cpp,90,esp-idf,log,component-local
esphome/components/i2s_audio/speaker/i2s_audio_spdif.cpp,104,freertos,task-delay,component-local
esphome/components/i2s_audio/speaker/i2s_audio_spdif.cpp,115,freertos,tick,component-local
esphome/components/i2s_audio/speaker/i2s_audio_spdif.cpp,121,freertos,tick,component-local
esphome/components/i2s_audio/speaker/i2s_audio_spdif.cpp,139,freertos,queue,component-local
esphome/components/i2s_audio/speaker/i2s_audio_spdif.cpp,181,esp-idf,err-type,component-local
esphome/components/i2s_audio/speaker/i2s_audio_spdif.cpp,182,esp-idf,err-type,component-local
esphome/components/i2s_audio/speaker/i2s_audio_spdif.cpp,186,freertos,queue,component-local
esphome/components/i2s_audio/speaker/i2s_audio_spdif.cpp,192,freertos,queue,component-local
esphome/components/i2s_audio/speaker/i2s_audio_spdif.cpp,205,freertos,tick,component-local
esphome/components/i2s_audio/speaker/i2s_audio_spdif.cpp,207,freertos,tick,component-local
esphome/components/i2s_audio/speaker/i2s_audio_spdif.cpp,228,esp-idf,log,component-local
esphome/components/i2s_audio/speaker/i2s_audio_spdif.cpp,234,esp-idf,log,component-local
esphome/components/i2s_audio/speaker/i2s_audio_spdif.cpp,243,esp-idf,log,component-local
esphome/components/i2s_audio/speaker/i2s_audio_spdif.cpp,250,freertos,queue,component-local
esphome/components/i2s_audio/speaker/i2s_audio_spdif.cpp,255,freertos,queue,component-local
esphome/components/i2s_audio/speaker/i2s_audio_spdif.cpp,256,esp-idf,log,component-local
esphome/components/i2s_audio/speaker/i2s_audio_spdif.cpp,293,esp-idf,log,component-local
esphome/components/i2s_audio/speaker/i2s_audio_spdif.cpp,321,esp-idf,err-type,component-local
esphome/components/i2s_audio/speaker/i2s_audio_spdif.cpp,323,esp-idf,err-type,component-local
esphome/components/i2s_audio/speaker/i2s_audio_spdif.cpp,350,esp-idf,err-type,component-local
esphome/components/i2s_audio/speaker/i2s_audio_spdif.cpp,351,esp-idf,err-type,component-local
esphome/components/i2s_audio/speaker/i2s_audio_spdif.cpp,359,freertos,queue,component-local
esphome/components/i2s_audio/speaker/i2s_audio_spdif.cpp,373,esp-idf,log,component-local
esphome/components/i2s_audio/speaker/i2s_audio_spdif.cpp,380,esp-idf,log,component-local
esphome/components/i2s_audio/speaker/i2s_audio_spdif.cpp,401,freertos,task-delay,component-local
esphome/components/i2s_audio/speaker/i2s_audio_spdif.cpp,401,freertos,tick,component-local
esphome/components/i2s_audio/speaker/i2s_audio_spdif.cpp,405,esp-idf,err-type,component-local
esphome/components/i2s_audio/speaker/i2s_audio_spdif.cpp,412,esp-idf,log,component-local
esphome/components/i2s_audio/speaker/i2s_audio_spdif.cpp,414,esp-idf,err-type,component-local
esphome/components/i2s_audio/speaker/i2s_audio_spdif.cpp,418,esp-idf,log,component-local
esphome/components/i2s_audio/speaker/i2s_audio_spdif.cpp,419,esp-idf,err-type,component-local
esphome/components/i2s_audio/speaker/i2s_audio_spdif.cpp,422,esp-idf,log,component-local
esphome/components/i2s_audio/speaker/i2s_audio_spdif.cpp,423,esp-idf,err-type,component-local
esphome/components/i2s_audio/speaker/i2s_audio_spdif.cpp,430,esp-idf,log,component-local
esphome/components/i2s_audio/speaker/i2s_audio_spdif.cpp,431,esp-idf,err-type,component-local
esphome/components/i2s_audio/speaker/i2s_audio_spdif.cpp,447,esp-idf,log,component-local
esphome/components/i2s_audio/speaker/i2s_audio_spdif.cpp,489,esp-idf,err-type,component-local
esphome/components/i2s_audio/speaker/i2s_audio_spdif.cpp,490,esp-idf,err-type,component-local
esphome/components/i2s_audio/speaker/i2s_audio_spdif.cpp,499,esp-idf,err-type,component-local
esphome/components/i2s_audio/speaker/i2s_audio_spdif.h,25,esp-idf,err-type,component-local
esphome/components/i2s_audio/speaker/i2s_audio_speaker.cpp,5,esp-idf,include,component-local
esphome/components/i2s_audio/speaker/i2s_audio_speaker.cpp,6,esp-idf,include,component-local
esphome/components/i2s_audio/speaker/i2s_audio_speaker.cpp,15,esp-idf,include,component-local
esphome/components/i2s_audio/speaker/i2s_audio_speaker.cpp,32,esp-idf,log,component-local
esphome/components/i2s_audio/speaker/i2s_audio_speaker.cpp,63,esp-idf,log,component-local
esphome/components/i2s_audio/speaker/i2s_audio_speaker.cpp,67,esp-idf,log,component-local
esphome/components/i2s_audio/speaker/i2s_audio_speaker.cpp,72,esp-idf,log,component-local
esphome/components/i2s_audio/speaker/i2s_audio_speaker.cpp,76,esp-idf,log,component-local
esphome/components/i2s_audio/speaker/i2s_audio_speaker.cpp,79,esp-idf,log,component-local
esphome/components/i2s_audio/speaker/i2s_audio_speaker.cpp,82,esp-idf,log,component-local
esphome/components/i2s_audio/speaker/i2s_audio_speaker.cpp,88,esp-idf,log,component-local
esphome/components/i2s_audio/speaker/i2s_audio_speaker.cpp,99,esp-idf,log,component-local
esphome/components/i2s_audio/speaker/i2s_audio_speaker.cpp,110,esp-idf,log,component-local
esphome/components/i2s_audio/speaker/i2s_audio_speaker.cpp,126,esp-idf,err-type,component-local
esphome/components/i2s_audio/speaker/i2s_audio_speaker.cpp,127,esp-idf,log,component-local
esphome/components/i2s_audio/speaker/i2s_audio_speaker.cpp,132,freertos,task-create,component-local
esphome/components/i2s_audio/speaker/i2s_audio_speaker.cpp,136,esp-idf,log,component-local
esphome/components/i2s_audio/speaker/i2s_audio_speaker.cpp,197,esp-idf,log,component-local
esphome/components/i2s_audio/speaker/i2s_audio_speaker.cpp,207,freertos,task-delay,component-local
esphome/components/i2s_audio/speaker/i2s_audio_speaker.cpp,264,esp-idf,err-type,component-local
esphome/components/i2s_audio/speaker/i2s_audio_speaker.cpp,266,esp-idf,err-type,component-local
esphome/components/i2s_audio/speaker/i2s_audio_speaker.cpp,267,esp-idf,err-type,component-local
esphome/components/i2s_audio/speaker/i2s_audio_speaker.cpp,268,esp-idf,log,component-local
esphome/components/i2s_audio/speaker/i2s_audio_speaker.cpp,274,esp-idf,err-type,component-local
esphome/components/i2s_audio/speaker/i2s_audio_speaker.cpp,275,esp-idf,log,component-local
esphome/components/i2s_audio/speaker/i2s_audio_speaker.cpp,283,freertos,queue,component-local
esphome/components/i2s_audio/speaker/i2s_audio_speaker.cpp,286,freertos,queue,component-local
esphome/components/i2s_audio/speaker/i2s_audio_speaker.cpp,292,freertos,queue,component-local
esphome/components/i2s_audio/speaker/i2s_audio_speaker.cpp,294,freertos,queue,component-local
esphome/components/i2s_audio/speaker/i2s_audio_speaker.cpp,298,esp-idf,log,component-local
esphome/components/i2s_audio/speaker/i2s_audio_speaker.cpp,302,esp-idf,err-type,component-local
esphome/components/i2s_audio/speaker/i2s_audio_speaker.cpp,305,esp-idf,err-type,component-local
esphome/components/i2s_audio/speaker/i2s_audio_speaker.cpp,319,esp-idf,gpio,component-local
esphome/components/i2s_audio/speaker/i2s_audio_speaker.cpp,321,esp-idf,gpio,component-local
esphome/components/i2s_audio/speaker/i2s_audio_speaker.cpp,326,esp-idf,iram-attr,component-local
esphome/components/i2s_audio/speaker/i2s_audio_speaker.cpp,327,esp-idf,timer,component-local
esphome/components/i2s_audio/speaker/i2s_audio_speaker.cpp,342,freertos,queue,component-local
esphome/components/i2s_audio/speaker/i2s_audio_speaker.cpp,348,freertos,queue,component-local
esphome/components/i2s_audio/speaker/i2s_audio_speaker.h,7,freertos,include,component-local
esphome/components/i2s_audio/speaker/i2s_audio_speaker.h,8,freertos,include,component-local
esphome/components/i2s_audio/speaker/i2s_audio_speaker.h,9,freertos,include,component-local
esphome/components/i2s_audio/speaker/i2s_audio_speaker.h,114,esp-idf,err-type,component-local
esphome/components/i2s_audio/speaker/i2s_audio_speaker.h,122,esp-idf,err-type,component-local
esphome/components/i2s_audio/speaker/i2s_audio_speaker.h,143,freertos,handle-type,component-local
esphome/components/i2s_audio/speaker/i2s_audio_speaker.h,147,freertos,queue,component-local
esphome/components/i2s_audio/speaker/i2s_audio_speaker.h,148,freertos,queue,component-local
esphome/components/i2s_audio/speaker/i2s_audio_speaker_standard.cpp,5,esp-idf,include,component-local
esphome/components/i2s_audio/speaker/i2s_audio_speaker_standard.cpp,6,esp-idf,include,component-local
esphome/components/i2s_audio/speaker/i2s_audio_speaker_standard.cpp,14,esp-idf,include,component-local
esphome/components/i2s_audio/speaker/i2s_audio_speaker_standard.cpp,40,freertos,tick,component-local
esphome/components/i2s_audio/speaker/i2s_audio_speaker_standard.cpp,103,esp-idf,err-type,component-local
esphome/components/i2s_audio/speaker/i2s_audio_speaker_standard.cpp,143,esp-idf,err-type,component-local
esphome/components/i2s_audio/speaker/i2s_audio_speaker_standard.cpp,144,esp-idf,err-type,component-local
esphome/components/i2s_audio/speaker/i2s_audio_speaker_standard.cpp,145,esp-idf,log,component-local
esphome/components/i2s_audio/speaker/i2s_audio_speaker_standard.cpp,151,freertos,queue,component-local
esphome/components/i2s_audio/speaker/i2s_audio_speaker_standard.cpp,153,esp-idf,log,component-local
esphome/components/i2s_audio/speaker/i2s_audio_speaker_standard.cpp,166,esp-idf,err-type,component-local
esphome/components/i2s_audio/speaker/i2s_audio_speaker_standard.cpp,167,esp-idf,log,component-local
esphome/components/i2s_audio/speaker/i2s_audio_speaker_standard.cpp,203,esp-idf,log,component-local
esphome/components/i2s_audio/speaker/i2s_audio_speaker_standard.cpp,213,esp-idf,log,component-local
esphome/components/i2s_audio/speaker/i2s_audio_speaker_standard.cpp,222,freertos,queue,component-local
esphome/components/i2s_audio/speaker/i2s_audio_speaker_standard.cpp,224,freertos,queue,component-local
esphome/components/i2s_audio/speaker/i2s_audio_speaker_standard.cpp,226,esp-idf,log,component-local
esphome/components/i2s_audio/speaker/i2s_audio_speaker_standard.cpp,252,esp-idf,log,component-local
esphome/components/i2s_audio/speaker/i2s_audio_speaker_standard.cpp,267,freertos,tick,component-local
esphome/components/i2s_audio/speaker/i2s_audio_speaker_standard.cpp,304,esp-idf,log,component-local
esphome/components/i2s_audio/speaker/i2s_audio_speaker_standard.cpp,328,esp-idf,log,component-local
esphome/components/i2s_audio/speaker/i2s_audio_speaker_standard.cpp,337,freertos,queue,component-local
esphome/components/i2s_audio/speaker/i2s_audio_speaker_standard.cpp,338,esp-idf,log,component-local
esphome/components/i2s_audio/speaker/i2s_audio_speaker_standard.cpp,361,freertos,task-delay,component-local
esphome/components/i2s_audio/speaker/i2s_audio_speaker_standard.cpp,361,freertos,tick,component-local
esphome/components/i2s_audio/speaker/i2s_audio_speaker_standard.cpp,365,esp-idf,err-type,component-local
esphome/components/i2s_audio/speaker/i2s_audio_speaker_standard.cpp,370,esp-idf,log,component-local
esphome/components/i2s_audio/speaker/i2s_audio_speaker_standard.cpp,371,esp-idf,err-type,component-local
esphome/components/i2s_audio/speaker/i2s_audio_speaker_standard.cpp,395,esp-idf,log,component-local
esphome/components/i2s_audio/speaker/i2s_audio_speaker_standard.cpp,396,esp-idf,err-type,component-local
esphome/components/i2s_audio/speaker/i2s_audio_speaker_standard.cpp,401,esp-idf,log,component-local
esphome/components/i2s_audio/speaker/i2s_audio_speaker_standard.cpp,402,esp-idf,err-type,component-local
esphome/components/i2s_audio/speaker/i2s_audio_speaker_standard.cpp,418,esp-idf,log,component-local
esphome/components/i2s_audio/speaker/i2s_audio_speaker_standard.cpp,489,esp-idf,err-type,component-local
esphome/components/i2s_audio/speaker/i2s_audio_speaker_standard.cpp,490,esp-idf,err-type,component-local
esphome/components/i2s_audio/speaker/i2s_audio_speaker_standard.cpp,496,esp-idf,err-type,component-local
esphome/components/i2s_audio/speaker/i2s_audio_speaker_standard.h,25,esp-idf,err-type,component-local
esphome/components/i2s_audio/speaker/spdif_encoder.cpp,83,esp-idf,log,component-local
esphome/components/i2s_audio/speaker/spdif_encoder.cpp,86,esp-idf,log,component-local
esphome/components/i2s_audio/speaker/spdif_encoder.cpp,105,esp-idf,log,component-local
esphome/components/i2s_audio/speaker/spdif_encoder.cpp,111,esp-idf,log,component-local
esphome/components/i2s_audio/speaker/spdif_encoder.cpp,119,esp-idf,log,component-local
esphome/components/i2s_audio/speaker/spdif_encoder.cpp,154,esp-idf,log,component-local
esphome/components/i2s_audio/speaker/spdif_encoder.cpp,305,esp-idf,err-type,component-local
esphome/components/i2s_audio/speaker/spdif_encoder.cpp,319,esp-idf,err-type,component-local
esphome/components/i2s_audio/speaker/spdif_encoder.cpp,322,esp-idf,err-type,component-local
esphome/components/i2s_audio/speaker/spdif_encoder.cpp,324,esp-idf,err-type,component-local
esphome/components/i2s_audio/speaker/spdif_encoder.cpp,333,esp-idf,err-type,component-local
esphome/components/i2s_audio/speaker/spdif_encoder.cpp,363,esp-idf,err-type,component-local
esphome/components/i2s_audio/speaker/spdif_encoder.cpp,365,esp-idf,err-type,component-local
esphome/components/i2s_audio/speaker/spdif_encoder.cpp,366,esp-idf,err-type,component-local
esphome/components/i2s_audio/speaker/spdif_encoder.cpp,374,esp-idf,err-type,component-local
esphome/components/i2s_audio/speaker/spdif_encoder.cpp,384,esp-idf,err-type,component-local
esphome/components/i2s_audio/speaker/spdif_encoder.cpp,385,esp-idf,err-type,component-local
esphome/components/i2s_audio/speaker/spdif_encoder.cpp,422,esp-idf,err-type,component-local
esphome/components/i2s_audio/speaker/spdif_encoder.cpp,423,esp-idf,err-type,component-local
esphome/components/i2s_audio/speaker/spdif_encoder.cpp,434,esp-idf,err-type,component-local
esphome/components/i2s_audio/speaker/spdif_encoder.cpp,437,esp-idf,err-type,component-local
esphome/components/i2s_audio/speaker/spdif_encoder.cpp,451,esp-idf,err-type,component-local
esphome/components/i2s_audio/speaker/spdif_encoder.cpp,455,esp-idf,err-type,component-local
esphome/components/i2s_audio/speaker/spdif_encoder.cpp,477,esp-idf,err-type,component-local
esphome/components/i2s_audio/speaker/spdif_encoder.cpp,486,esp-idf,err-type,component-local
esphome/components/i2s_audio/speaker/spdif_encoder.h,10,freertos,include,component-local
esphome/components/i2s_audio/speaker/spdif_encoder.h,11,esp-idf,include,component-local
esphome/components/i2s_audio/speaker/spdif_encoder.h,34,esp-idf,err-type,component-local
esphome/components/i2s_audio/speaker/spdif_encoder.h,80,esp-idf,err-type,component-local
esphome/components/i2s_audio/speaker/spdif_encoder.h,87,esp-idf,err-type,component-local
esphome/components/i2s_audio/speaker/spdif_encoder.h,108,esp-idf,err-type,component-local
esphome/components/i2s_audio/speaker/spdif_encoder.h,113,esp-idf,err-type,component-local
esphome/components/i2s_audio/speaker/spdif_encoder.h,116,esp-idf,err-type,component-local
esphome/components/iaqcore/iaqcore.cpp,30,esp-idf,log,component-local
esphome/components/iaqcore/iaqcore.cpp,40,esp-idf,log,component-local
esphome/components/iaqcore/iaqcore.cpp,50,esp-idf,log,component-local
esphome/components/iaqcore/iaqcore.cpp,53,esp-idf,log,component-local
esphome/components/iaqcore/iaqcore.cpp,56,esp-idf,log,component-local
esphome/components/iaqcore/iaqcore.cpp,59,esp-idf,log,component-local
esphome/components/iaqcore/iaqcore.cpp,93,esp-idf,log,component-local
esphome/components/ili9xxx/display.py,194,esp-idf,i2c-spi,python
esphome/components/ili9xxx/ili9xxx_display.cpp,249,esp-idf,log,component-local
esphome/components/ili9xxx/ili9xxx_display.cpp,257,esp-idf,log,component-local
esphome/components/ili9xxx/ili9xxx_display.cpp,261,esp-idf,log,component-local
esphome/components/ili9xxx/ili9xxx_display.cpp,308,esp-idf,log,component-local
esphome/components/ili9xxx/ili9xxx_display.cpp,345,esp-idf,log,component-local
esphome/components/ili9xxx/ili9xxx_display.cpp,427,esp-idf,log,component-local
esphome/components/ili9xxx/ili9xxx_display.cpp,431,esp-idf,log,component-local
esphome/components/ili9xxx/ili9xxx_display.cpp,435,esp-idf,log,component-local
esphome/components/improv_base/improv_base.cpp,80,esp-idf,log,component-local
esphome/components/improv_serial/improv_serial_component.cpp,28,arduino,guard,component-local
esphome/components/improv_serial/improv_serial_component.cpp,50,esp-idf,log,component-local
esphome/components/improv_serial/improv_serial_component.cpp,140,freertos,tick,component-local
esphome/components/improv_serial/improv_serial_component.cpp,142,freertos,tick,component-local
esphome/components/improv_serial/improv_serial_component.cpp,144,freertos,tick,component-local
esphome/components/improv_serial/improv_serial_component.cpp,151,arduino,guard,component-local
esphome/components/improv_serial/improv_serial_component.cpp,179,esp-idf,log,component-local
esphome/components/improv_serial/improv_serial_component.cpp,262,esp-idf,log,component-local
esphome/components/improv_serial/improv_serial_component.cpp,270,esp-idf,log,component-local
esphome/components/improv_serial/improv_serial_component.cpp,276,esp-idf,log,component-local
esphome/components/improv_serial/improv_serial_component.cpp,288,esp-idf,log,component-local
esphome/components/improv_serial/improv_serial_component.cpp,302,esp-idf,log,component-local
esphome/components/improv_serial/improv_serial_component.cpp,309,esp-idf,log,component-local
esphome/components/improv_serial/improv_serial_component.cpp,407,esp-idf,log,component-local
esphome/components/improv_serial/improv_serial_component.cpp,434,esp-idf,log,component-local
esphome/components/improv_serial/improv_serial_component.cpp,447,esp-idf,log,component-local
esphome/components/improv_serial/improv_serial_component.h,21,esp-idf,include,component-local
esphome/components/improv_serial/improv_serial_component.h,23,esp-idf,include,component-local
esphome/components/improv_serial/improv_serial_component.h,24,esp-idf,include,component-local
esphome/components/improv_serial/improv_serial_component.h,27,esp-idf,include,component-local
esphome/components/improv_serial/improv_serial_component.h,29,arduino,guard,component-local
esphome/components/improv_serial/improv_serial_component.h,154,arduino,guard,component-local
esphome/components/improv_serial/improv_serial_component.h,184,arduino,guard,component-local
esphome/components/ina219/ina219.cpp,93,esp-idf,log,component-local
esphome/components/ina219/ina219.cpp,118,esp-idf,log,component-local
esphome/components/ina219/ina219.cpp,123,esp-idf,log,component-local
esphome/components/ina219/ina219.cpp,133,esp-idf,log,component-local
esphome/components/ina219/ina219.cpp,142,esp-idf,log,component-local
esphome/components/ina226/ina226.cpp,75,esp-idf,log,component-local
esphome/components/ina226/ina226.cpp,88,esp-idf,log,component-local
esphome/components/ina260/ina260.cpp,76,esp-idf,log,component-local
esphome/components/ina260/ina260.cpp,79,esp-idf,log,component-local
esphome/components/ina260/ina260.cpp,82,esp-idf,log,component-local
esphome/components/ina2xx_base/ina2xx_base.cpp,53,esp-idf,log,component-local
esphome/components/ina2xx_base/ina2xx_base.cpp,60,esp-idf,log,component-local
esphome/components/ina2xx_base/ina2xx_base.cpp,82,esp-idf,log,component-local
esphome/components/ina2xx_base/ina2xx_base.cpp,84,esp-idf,log,component-local
esphome/components/ina2xx_base/ina2xx_base.cpp,186,esp-idf,log,component-local
esphome/components/ina2xx_base/ina2xx_base.cpp,197,esp-idf,log,component-local
esphome/components/ina2xx_base/ina2xx_base.cpp,201,esp-idf,log,component-local
esphome/components/ina2xx_base/ina2xx_base.cpp,242,esp-idf,log,component-local
esphome/components/ina2xx_base/ina2xx_base.cpp,256,esp-idf,log,component-local
esphome/components/ina2xx_base/ina2xx_base.cpp,259,esp-idf,log,component-local
esphome/components/ina2xx_base/ina2xx_base.cpp,274,esp-idf,log,component-local
esphome/components/ina2xx_base/ina2xx_base.cpp,278,esp-idf,log,component-local
esphome/components/ina2xx_base/ina2xx_base.cpp,281,esp-idf,log,component-local
esphome/components/ina2xx_base/ina2xx_base.cpp,287,esp-idf,log,component-local
esphome/components/ina2xx_base/ina2xx_base.cpp,290,esp-idf,log,component-local
esphome/components/ina2xx_base/ina2xx_base.cpp,292,esp-idf,log,component-local
esphome/components/ina2xx_base/ina2xx_base.cpp,295,esp-idf,log,component-local
esphome/components/ina2xx_base/ina2xx_base.cpp,302,esp-idf,log,component-local
esphome/components/ina2xx_base/ina2xx_base.cpp,333,esp-idf,log,component-local
esphome/components/ina2xx_base/ina2xx_base.cpp,362,esp-idf,log,component-local
esphome/components/ina2xx_base/ina2xx_base.cpp,365,esp-idf,log,component-local
esphome/components/ina2xx_base/ina2xx_base.cpp,403,esp-idf,log,component-local
esphome/components/ina2xx_base/ina2xx_base.cpp,429,esp-idf,log,component-local
esphome/components/ina2xx_base/ina2xx_base.cpp,454,esp-idf,log,component-local
esphome/components/ina2xx_base/ina2xx_base.cpp,475,esp-idf,log,component-local
esphome/components/ina2xx_base/ina2xx_base.cpp,491,esp-idf,log,component-local
esphome/components/ina2xx_base/ina2xx_base.cpp,511,esp-idf,log,component-local
esphome/components/ina2xx_base/ina2xx_base.cpp,536,esp-idf,log,component-local
esphome/components/ina2xx_base/ina2xx_base.cpp,552,esp-idf,log,component-local
esphome/components/ina2xx_base/ina2xx_base.cpp,569,esp-idf,log,component-local
esphome/components/ina2xx_base/ina2xx_base.cpp,587,esp-idf,log,component-local
esphome/components/ina2xx_base/ina2xx_base.cpp,596,esp-idf,log,component-local
esphome/components/ina2xx_i2c/ina2xx_i2c.cpp,25,esp-idf,log,component-local
esphome/components/ina2xx_i2c/ina2xx_i2c.cpp,33,esp-idf,log,component-local
esphome/components/ina2xx_spi/sensor.py,26,esp-idf,i2c-spi,python
esphome/components/ina3221/ina3221.cpp,61,esp-idf,log,component-local
esphome/components/infrared/infrared.cpp,80,esp-idf,log,component-local
esphome/components/infrared/infrared.cpp,85,esp-idf,log,component-local
esphome/components/infrared/infrared.cpp,104,esp-idf,log,component-local
esphome/components/infrared/infrared.cpp,109,esp-idf,log,component-local
esphome/components/infrared/infrared.cpp,117,esp-idf,log,component-local
esphome/components/infrared/infrared.cpp,121,esp-idf,log,component-local
esphome/components/infrared/infrared.cpp,126,esp-idf,log,component-local
esphome/components/inkplate/inkplate.cpp,8,esp-idf,include,component-local
esphome/components/inkplate/inkplate.cpp,90,esp-idf,log,component-local
esphome/components/inkplate/inkplate.cpp,97,esp-idf,log,component-local
esphome/components/inkplate/inkplate.cpp,103,esp-idf,log,component-local
esphome/components/inkplate/inkplate.cpp,122,esp-idf,log,component-local
esphome/components/inkplate/inkplate.cpp,128,esp-idf,log,component-local
esphome/components/inkplate/inkplate.cpp,225,esp-idf,log,component-local
esphome/components/inkplate/inkplate.cpp,253,esp-idf,log,component-local
esphome/components/inkplate/inkplate.cpp,283,esp-idf,log,component-local
esphome/components/inkplate/inkplate.cpp,304,esp-idf,log,component-local
esphome/components/inkplate/inkplate.cpp,310,esp-idf,log,component-local
esphome/components/inkplate/inkplate.cpp,322,esp-idf,log,component-local
esphome/components/inkplate/inkplate.cpp,326,esp-idf,log,component-local
esphome/components/inkplate/inkplate.cpp,333,esp-idf,log,component-local
esphome/components/inkplate/inkplate.cpp,338,esp-idf,log,component-local
esphome/components/inkplate/inkplate.cpp,342,esp-idf,log,component-local
esphome/components/inkplate/inkplate.cpp,413,esp-idf,log,component-local
esphome/components/inkplate/inkplate.cpp,444,esp-idf,log,component-local
esphome/components/inkplate/inkplate.cpp,473,esp-idf,log,component-local
esphome/components/inkplate/inkplate.cpp,499,esp-idf,log,component-local
esphome/components/inkplate/inkplate.cpp,505,esp-idf,log,component-local
esphome/components/inkplate/inkplate.cpp,509,esp-idf,log,component-local
esphome/components/inkplate/inkplate.cpp,618,esp-idf,log,component-local
esphome/components/inkplate/inkplate.cpp,622,esp-idf,log,component-local
esphome/components/inkplate/inkplate.cpp,645,esp-idf,log,component-local
esphome/components/inkplate/inkplate.cpp,671,esp-idf,log,component-local
esphome/components/inkplate/inkplate.cpp,679,esp-idf,log,component-local
esphome/components/inkplate/inkplate.cpp,724,esp-idf,log,component-local
esphome/components/inkplate/inkplate.cpp,734,esp-idf,log,component-local
esphome/components/inkplate/inkplate.cpp,738,esp-idf,log,component-local
esphome/components/inkplate/inkplate.cpp,777,esp-idf,log,component-local
esphome/components/inkplate/inkplate.cpp,779,esp-idf,log,component-local
esphome/components/internal_temperature/internal_temperature.h,9,esp-idf,include,component-local
esphome/components/internal_temperature/internal_temperature_bk72xx.cpp,30,esp-idf,log,component-local
esphome/components/internal_temperature/internal_temperature_esp32.cpp,6,esp-idf,include,component-local
esphome/components/internal_temperature/internal_temperature_esp32.cpp,14,esp-idf,include,component-local
esphome/components/internal_temperature/internal_temperature_esp32.cpp,26,esp-idf,log,component-local
esphome/components/internal_temperature/internal_temperature_esp32.cpp,30,esp-idf,err-type,component-local
esphome/components/internal_temperature/internal_temperature_esp32.cpp,31,esp-idf,err-type,component-local
esphome/components/internal_temperature/internal_temperature_esp32.cpp,33,esp-idf,log,component-local
esphome/components/internal_temperature/internal_temperature_esp32.cpp,40,esp-idf,log,component-local
esphome/components/internal_temperature/internal_temperature_esp32.cpp,51,esp-idf,err-type,component-local
esphome/components/internal_temperature/internal_temperature_esp32.cpp,52,esp-idf,err-type,component-local
esphome/components/internal_temperature/internal_temperature_esp32.cpp,53,esp-idf,log,component-local
esphome/components/internal_temperature/internal_temperature_esp32.cpp,59,esp-idf,err-type,component-local
esphome/components/internal_temperature/internal_temperature_esp32.cpp,60,esp-idf,log,component-local
esphome/components/internal_temperature/internal_temperature_rp2.cpp,81,esp-idf,log,component-local
esphome/components/internal_temperature/internal_temperature_zephyr.cpp,19,esp-idf,log,component-local
esphome/components/internal_temperature/internal_temperature_zephyr.cpp,28,esp-idf,log,component-local
esphome/components/internal_temperature/internal_temperature_zephyr.cpp,39,esp-idf,log,component-local
esphome/components/internal_temperature/internal_temperature_zephyr.cpp,48,esp-idf,log,component-local
esphome/components/ir_rf_proxy/ir_rf_proxy.cpp,18,esp-idf,log,component-local
esphome/components/ir_rf_proxy/ir_rf_proxy.cpp,23,esp-idf,log,component-local
esphome/components/ir_rf_proxy/ir_rf_proxy.cpp,34,esp-idf,log,component-local
esphome/components/ir_rf_proxy/ir_rf_proxy.cpp,38,esp-idf,log,component-local
esphome/components/ir_rf_proxy/ir_rf_proxy.cpp,45,esp-idf,log,component-local
esphome/components/ir_rf_proxy/ir_rf_proxy.cpp,49,esp-idf,log,component-local
esphome/components/ir_rf_proxy/ir_rf_proxy.cpp,53,esp-idf,log,component-local
esphome/components/it8951/display.py,217,esp-idf,i2c-spi,python
esphome/components/it8951/it8951.cpp,23,esp-idf,log,component-local
esphome/components/it8951/it8951.cpp,30,esp-idf,log,component-local
esphome/components/it8951/it8951.cpp,67,esp-idf,log,component-local
esphome/components/it8951/it8951.cpp,70,esp-idf,log,component-local
esphome/components/it8951/it8951.cpp,82,esp-idf,log,component-local
esphome/components/it8951/it8951.cpp,155,esp-idf,log,component-local
esphome/components/it8951/it8951.cpp,197,esp-idf,log,component-local
esphome/components/it8951/it8951.cpp,204,esp-idf,log,component-local
esphome/components/it8951/it8951.cpp,212,esp-idf,log,component-local
esphome/components/it8951/it8951.cpp,224,esp-idf,log,component-local
esphome/components/it8951/it8951.cpp,261,esp-idf,log,component-local
esphome/components/it8951/it8951.cpp,291,esp-idf,log,component-local
esphome/components/it8951/it8951.cpp,429,esp-idf,log,component-local
esphome/components/it8951/it8951.cpp,652,esp-idf,log,component-local
esphome/components/it8951/it8951.cpp,714,esp-idf,log,component-local
esphome/components/it8951/it8951.cpp,742,esp-idf,log,component-local
esphome/components/it8951/it8951.cpp,783,esp-idf,log,component-local
esphome/components/it8951/it8951.cpp,793,esp-idf,log,component-local
esphome/components/it8951/it8951.cpp,801,esp-idf,log,component-local
esphome/components/jsn_sr04t/jsn_sr04t.cpp,13,esp-idf,log,component-local
esphome/components/jsn_sr04t/jsn_sr04t.cpp,21,esp-idf,log,component-local
esphome/components/jsn_sr04t/jsn_sr04t.cpp,38,esp-idf,log,component-local
esphome/components/jsn_sr04t/jsn_sr04t.cpp,42,esp-idf,log,component-local
esphome/components/jsn_sr04t/jsn_sr04t.cpp,46,esp-idf,log,component-local
esphome/components/json/json_util.cpp,44,esp-idf,log,component-local
esphome/components/json/json_util.cpp,53,esp-idf,log,component-local
esphome/components/json/json_util.cpp,61,esp-idf,log,component-local
esphome/components/json/json_util.cpp,64,esp-idf,log,component-local
esphome/components/json/json_util.cpp,111,esp-idf,log,component-local
esphome/components/json/json_util.cpp,146,esp-idf,log,component-local
esphome/components/kamstrup_kmp/kamstrup_kmp.cpp,13,esp-idf,log,component-local
esphome/components/kamstrup_kmp/kamstrup_kmp.cpp,109,esp-idf,log,component-local
esphome/components/kamstrup_kmp/kamstrup_kmp.cpp,116,esp-idf,log,component-local
esphome/components/kamstrup_kmp/kamstrup_kmp.cpp,154,esp-idf,log,component-local
esphome/components/kamstrup_kmp/kamstrup_kmp.cpp,163,esp-idf,log,component-local
esphome/components/kamstrup_kmp/kamstrup_kmp.cpp,169,esp-idf,log,component-local
esphome/components/kamstrup_kmp/kamstrup_kmp.cpp,174,esp-idf,log,component-local
esphome/components/kamstrup_kmp/kamstrup_kmp.cpp,192,esp-idf,log,component-local
esphome/components/kamstrup_kmp/kamstrup_kmp.cpp,203,esp-idf,log,component-local
esphome/components/kamstrup_kmp/kamstrup_kmp.cpp,208,esp-idf,log,component-local
esphome/components/kamstrup_kmp/kamstrup_kmp.cpp,214,esp-idf,log,component-local
esphome/components/kamstrup_kmp/kamstrup_kmp.cpp,223,esp-idf,log,component-local
esphome/components/kamstrup_kmp/kamstrup_kmp.cpp,278,esp-idf,log,component-local
esphome/components/kmeteriso/kmeteriso.cpp,54,esp-idf,log,component-local
esphome/components/kmeteriso/kmeteriso.cpp,58,esp-idf,log,component-local
esphome/components/kmeteriso/kmeteriso.cpp,65,esp-idf,log,component-local
esphome/components/kmeteriso/kmeteriso.cpp,70,esp-idf,log,component-local
esphome/components/kuntze/kuntze.cpp,30,esp-idf,log,component-local
esphome/components/kuntze/kuntze.cpp,35,esp-idf,log,component-local
esphome/components/kuntze/kuntze.cpp,40,esp-idf,log,component-local
esphome/components/kuntze/kuntze.cpp,45,esp-idf,log,component-local
esphome/components/kuntze/kuntze.cpp,50,esp-idf,log,component-local
esphome/components/kuntze/kuntze.cpp,55,esp-idf,log,component-local
esphome/components/kuntze/kuntze.cpp,60,esp-idf,log,component-local
esphome/components/lcd_base/lcd_display.cpp,127,esp-idf,log,component-local
esphome/components/lcd_menu/lcd_menu.cpp,28,esp-idf,log,component-local
esphome/components/lcd_pcf8574/pcf8574_display.cpp,29,esp-idf,log,component-local
esphome/components/ld2410/ld2410.cpp,294,esp-idf,log,component-local
esphome/components/ld2410/ld2410.cpp,420,esp-idf,log,component-local
esphome/components/ld2410/ld2410.cpp,422,esp-idf,log,component-local
esphome/components/ld2410/ld2410.cpp,427,esp-idf,log,component-local
esphome/components/ld2410/ld2410.cpp,431,esp-idf,log,component-local
esphome/components/ld2410/ld2410.cpp,435,esp-idf,log,component-local
esphome/components/ld2410/ld2410.cpp,441,esp-idf,log,component-local
esphome/components/ld2410/ld2410.cpp,445,esp-idf,log,component-local
esphome/components/ld2410/ld2410.cpp,449,esp-idf,log,component-local
esphome/components/ld2410/ld2410.cpp,453,esp-idf,log,component-local
esphome/components/ld2410/ld2410.cpp,462,esp-idf,log,component-local
esphome/components/ld2410/ld2410.cpp,473,esp-idf,log,component-local
esphome/components/ld2410/ld2410.cpp,488,esp-idf,log,component-local
esphome/components/ld2410/ld2410.cpp,517,esp-idf,log,component-local
esphome/components/ld2410/ld2410.cpp,532,esp-idf,log,component-local
esphome/components/ld2410/ld2410.cpp,536,esp-idf,log,component-local
esphome/components/ld2410/ld2410.cpp,540,esp-idf,log,component-local
esphome/components/ld2410/ld2410.cpp,544,esp-idf,log,component-local
esphome/components/ld2410/ld2410.cpp,548,esp-idf,log,component-local
esphome/components/ld2410/ld2410.cpp,602,esp-idf,log,component-local
esphome/components/ld2410/ld2410.cpp,612,esp-idf,log,component-local
esphome/components/ld2410/ld2410.cpp,619,esp-idf,log,component-local
esphome/components/ld2410/ld2410.cpp,624,esp-idf,log,component-local
esphome/components/ld2410/ld2410.cpp,658,esp-idf,log,component-local
esphome/components/ld2412/ld2412.cpp,328,esp-idf,log,component-local
esphome/components/ld2412/ld2412.cpp,418,esp-idf,log,component-local
esphome/components/ld2412/ld2412.cpp,466,esp-idf,log,component-local
esphome/components/ld2412/ld2412.cpp,468,esp-idf,log,component-local
esphome/components/ld2412/ld2412.cpp,473,esp-idf,log,component-local
esphome/components/ld2412/ld2412.cpp,477,esp-idf,log,component-local
esphome/components/ld2412/ld2412.cpp,481,esp-idf,log,component-local
esphome/components/ld2412/ld2412.cpp,487,esp-idf,log,component-local
esphome/components/ld2412/ld2412.cpp,491,esp-idf,log,component-local
esphome/components/ld2412/ld2412.cpp,495,esp-idf,log,component-local
esphome/components/ld2412/ld2412.cpp,499,esp-idf,log,component-local
esphome/components/ld2412/ld2412.cpp,511,esp-idf,log,component-local
esphome/components/ld2412/ld2412.cpp,521,esp-idf,log,component-local
esphome/components/ld2412/ld2412.cpp,534,esp-idf,log,component-local
esphome/components/ld2412/ld2412.cpp,560,esp-idf,log,component-local
esphome/components/ld2412/ld2412.cpp,575,esp-idf,log,component-local
esphome/components/ld2412/ld2412.cpp,579,esp-idf,log,component-local
esphome/components/ld2412/ld2412.cpp,591,esp-idf,log,component-local
esphome/components/ld2412/ld2412.cpp,595,esp-idf,log,component-local
esphome/components/ld2412/ld2412.cpp,628,esp-idf,log,component-local
esphome/components/ld2412/ld2412.cpp,634,esp-idf,log,component-local
esphome/components/ld2412/ld2412.cpp,668,esp-idf,log,component-local
esphome/components/ld2412/ld2412.cpp,677,esp-idf,log,component-local
esphome/components/ld2412/ld2412.cpp,684,esp-idf,log,component-local
esphome/components/ld2412/ld2412.cpp,689,esp-idf,log,component-local
esphome/components/ld2420/ld2420.cpp,214,esp-idf,log,component-local
esphome/components/ld2420/ld2420.cpp,220,esp-idf,log,component-local
esphome/components/ld2420/ld2420.cpp,250,esp-idf,log,component-local
esphome/components/ld2420/ld2420.cpp,269,esp-idf,log,component-local
esphome/components/ld2420/ld2420.cpp,272,esp-idf,log,component-local
esphome/components/ld2420/ld2420.cpp,274,esp-idf,log,component-local
esphome/components/ld2420/ld2420.cpp,293,esp-idf,log,component-local
esphome/components/ld2420/ld2420.cpp,295,esp-idf,log,component-local
esphome/components/ld2420/ld2420.cpp,321,esp-idf,log,component-local
esphome/components/ld2420/ld2420.cpp,335,esp-idf,log,component-local
esphome/components/ld2420/ld2420.cpp,389,esp-idf,log,component-local
esphome/components/ld2420/ld2420.cpp,391,esp-idf,log,component-local
esphome/components/ld2420/ld2420.cpp,440,esp-idf,log,component-local
esphome/components/ld2420/ld2420.cpp,466,esp-idf,log,component-local
esphome/components/ld2420/ld2420.cpp,572,esp-idf,log,component-local
esphome/components/ld2420/ld2420.cpp,575,esp-idf,log,component-local
esphome/components/ld2420/ld2420.cpp,586,esp-idf,log,component-local
esphome/components/ld2420/ld2420.cpp,589,esp-idf,log,component-local
esphome/components/ld2420/ld2420.cpp,592,esp-idf,log,component-local
esphome/components/ld2420/ld2420.cpp,603,esp-idf,log,component-local
esphome/components/ld2420/ld2420.cpp,606,esp-idf,log,component-local
esphome/components/ld2420/ld2420.cpp,609,esp-idf,log,component-local
esphome/components/ld2420/ld2420.cpp,620,esp-idf,log,component-local
esphome/components/ld2420/ld2420.cpp,626,esp-idf,log,component-local
esphome/components/ld2420/ld2420.cpp,704,esp-idf,log,component-local
esphome/components/ld2420/ld2420.cpp,718,esp-idf,log,component-local
esphome/components/ld2420/ld2420.cpp,730,esp-idf,log,component-local
esphome/components/ld2420/ld2420.cpp,744,esp-idf,log,component-local
esphome/components/ld2420/ld2420.cpp,750,esp-idf,log,component-local
esphome/components/ld2420/ld2420.cpp,753,esp-idf,log,component-local
esphome/components/ld2420/ld2420.cpp,768,esp-idf,log,component-local
esphome/components/ld2420/ld2420.cpp,793,esp-idf,log,component-local
esphome/components/ld2420/ld2420.cpp,816,esp-idf,log,component-local
esphome/components/ld2420/ld2420.cpp,829,esp-idf,log,component-local
esphome/components/ld2420/ld2420.cpp,862,esp-idf,log,component-local
esphome/components/ld2420/ld2420.cpp,888,esp-idf,log,component-local
esphome/components/ld2450/ld2450.cpp,413,esp-idf,log,component-local
esphome/components/ld2450/ld2450.cpp,441,esp-idf,log,component-local
esphome/components/ld2450/ld2450.cpp,447,esp-idf,log,component-local
esphome/components/ld2450/ld2450.cpp,580,esp-idf,log,component-local
esphome/components/ld2450/ld2450.cpp,622,esp-idf,log,component-local
esphome/components/ld2450/ld2450.cpp,624,esp-idf,log,component-local
esphome/components/ld2450/ld2450.cpp,629,esp-idf,log,component-local
esphome/components/ld2450/ld2450.cpp,633,esp-idf,log,component-local
esphome/components/ld2450/ld2450.cpp,637,esp-idf,log,component-local
esphome/components/ld2450/ld2450.cpp,643,esp-idf,log,component-local
esphome/components/ld2450/ld2450.cpp,647,esp-idf,log,component-local
esphome/components/ld2450/ld2450.cpp,651,esp-idf,log,component-local
esphome/components/ld2450/ld2450.cpp,655,esp-idf,log,component-local
esphome/components/ld2450/ld2450.cpp,664,esp-idf,log,component-local
esphome/components/ld2450/ld2450.cpp,685,esp-idf,log,component-local
esphome/components/ld2450/ld2450.cpp,700,esp-idf,log,component-local
esphome/components/ld2450/ld2450.cpp,704,esp-idf,log,component-local
esphome/components/ld2450/ld2450.cpp,713,esp-idf,log,component-local
esphome/components/ld2450/ld2450.cpp,722,esp-idf,log,component-local
esphome/components/ld2450/ld2450.cpp,731,esp-idf,log,component-local
esphome/components/ld2450/ld2450.cpp,737,esp-idf,log,component-local
esphome/components/ld2450/ld2450.cpp,741,esp-idf,log,component-local
esphome/components/ld2450/ld2450.cpp,744,esp-idf,log,component-local
esphome/components/ld2450/ld2450.cpp,747,esp-idf,log,component-local
esphome/components/ld2450/ld2450.cpp,753,esp-idf,log,component-local
esphome/components/ld2450/ld2450.cpp,774,esp-idf,log,component-local
esphome/components/ld2450/ld2450.cpp,785,esp-idf,log,component-local
esphome/components/ld2450/ld2450.cpp,792,esp-idf,log,component-local
esphome/components/ld2450/ld2450.cpp,797,esp-idf,log,component-local
esphome/components/ld2450/ld2450.cpp,827,esp-idf,log,component-local
esphome/components/ld6002b/ld6002b.cpp,568,esp-idf,log,component-local
esphome/components/ld6002b/ld6002b.cpp,573,esp-idf,log,component-local
esphome/components/ld6002b/ld6002b.cpp,601,esp-idf,log,component-local
esphome/components/ld6002b/ld6002b.cpp,617,esp-idf,log,component-local
esphome/components/ld6002b/ld6002b.cpp,622,esp-idf,log,component-local
esphome/components/ld6002b/ld6002b.cpp,646,esp-idf,log,component-local
esphome/components/ld6002b/ld6002b.cpp,1073,esp-idf,log,component-local
esphome/components/ld6002b/ld6002b.cpp,1104,esp-idf,log,component-local
esphome/components/ld6002b/ld6002b.cpp,1108,esp-idf,log,component-local
esphome/components/ld6002b/ld6002b.cpp,1138,esp-idf,log,component-local
esphome/components/ld6002b/ld6002b.cpp,1142,esp-idf,log,component-local
esphome/components/ld6002b/ld6002b.cpp,1152,esp-idf,log,component-local
esphome/components/ld6002b/ld6002b.cpp,1155,esp-idf,log,component-local
esphome/components/ld6002b/ld6002b.cpp,1167,esp-idf,log,component-local
esphome/components/ld6002b/ld6002b.cpp,1213,esp-idf,log,component-local
esphome/components/ld6002b/ld6002b.cpp,1300,esp-idf,log,component-local
esphome/components/ld6002b/ld6002b.cpp,1305,esp-idf,log,component-local
esphome/components/ld6002b/ld6002b.cpp,1316,esp-idf,log,component-local
esphome/components/ld6002b/ld6002b.cpp,1320,esp-idf,log,component-local
esphome/components/ld6002b/ld6002b.cpp,1345,esp-idf,log,component-local
esphome/components/ld6002b/ld6002b.cpp,1363,esp-idf,log,component-local
esphome/components/ld6002b/ld6002b.cpp,1520,esp-idf,log,component-local
esphome/components/ld6002b/ld6002b.cpp,1588,esp-idf,log,component-local
esphome/components/ledc/ledc_output.cpp,6,esp-idf,include,component-local
esphome/components/ledc/ledc_output.cpp,7,esp-idf,include,component-local
esphome/components/ledc/ledc_output.cpp,9,esp-idf,include,component-local
esphome/components/ledc/ledc_output.cpp,10,esp-idf,include,component-local
esphome/components/ledc/ledc_output.cpp,11,esp-idf,include,component-local
esphome/components/ledc/ledc_output.cpp,75,esp-idf,log,component-local
esphome/components/ledc/ledc_output.cpp,80,esp-idf,log,component-local
esphome/components/ledc/ledc_output.cpp,87,esp-idf,err-type,component-local
esphome/components/ledc/ledc_output.cpp,92,esp-idf,log,component-local
esphome/components/ledc/ledc_output.cpp,104,esp-idf,err-type,component-local
esphome/components/ledc/ledc_output.cpp,105,esp-idf,err-type,component-local
esphome/components/ledc/ledc_output.cpp,107,esp-idf,err-type,component-local
esphome/components/ledc/ledc_output.cpp,108,esp-idf,log,component-local
esphome/components/ledc/ledc_output.cpp,127,esp-idf,log,component-local
esphome/components/ledc/ledc_output.cpp,142,esp-idf,log,component-local
esphome/components/ledc/ledc_output.cpp,155,esp-idf,log,component-local
esphome/components/ledc/ledc_output.cpp,167,esp-idf,log,component-local
esphome/components/ledc/ledc_output.cpp,188,esp-idf,err-type,component-local
esphome/components/ledc/ledc_output.cpp,191,esp-idf,err-type,component-local
esphome/components/ledc/ledc_output.cpp,192,esp-idf,log,component-local
esphome/components/ledc/ledc_output.cpp,198,esp-idf,log,component-local
esphome/components/ledc/ledc_output.cpp,225,esp-idf,log,component-local
esphome/components/ledc/ledc_output.cpp,246,esp-idf,log,component-local
esphome/components/ledc/ledc_output.cpp,253,esp-idf,log,component-local
esphome/components/ledc/ledc_output.cpp,261,esp-idf,err-type,component-local
esphome/components/ledc/ledc_output.cpp,264,esp-idf,err-type,component-local
esphome/components/ledc/ledc_output.cpp,265,esp-idf,log,component-local
esphome/components/libretiny/__init__.py,413,lwip,sockets,python
esphome/components/libretiny/__init__.py,486,freertos,queue,python
esphome/components/libretiny/__init__.py,507,arduino,include,python
esphome/components/libretiny/__init__.py,517,esp-idf,iram-attr,python
esphome/components/libretiny/core.h,5,arduino,include,platform-backend
esphome/components/libretiny/gpio_arduino.cpp,10,esp-idf,iram-attr,platform-backend
esphome/components/libretiny/gpio_arduino.cpp,62,arduino,api,platform-backend
esphome/components/libretiny/gpio_arduino.cpp,70,arduino,api,platform-backend
esphome/components/libretiny/gpio_arduino.cpp,73,arduino,api,platform-backend
esphome/components/libretiny/gpio_arduino.cpp,85,esp-idf,iram-attr,platform-backend
esphome/components/libretiny/gpio_arduino.cpp,87,arduino,api,platform-backend
esphome/components/libretiny/gpio_arduino.cpp,89,esp-idf,iram-attr,platform-backend
esphome/components/libretiny/gpio_arduino.cpp,91,arduino,api,platform-backend
esphome/components/libretiny/gpio_arduino.cpp,93,esp-idf,iram-attr,platform-backend
esphome/components/libretiny/gpio_arduino.cpp,97,esp-idf,iram-attr,platform-backend
esphome/components/libretiny/gpio_arduino.cpp,99,arduino,api,platform-backend
esphome/components/libretiny/hal.h,36,esp-idf,iram-attr,platform-backend
esphome/components/libretiny/hal.h,38,esp-idf,iram-attr,platform-backend
esphome/components/libretiny/hal.h,93,freertos,tick,platform-backend
esphome/components/libretiny/hal.h,96,freertos,tick,platform-backend
esphome/components/libretiny/hal.h,99,freertos,tick,platform-backend
esphome/components/libretiny/hal.h,100,freertos,tick,platform-backend
esphome/components/libretiny/helpers.cpp,18,esp-idf,iram-attr,platform-backend
esphome/components/libretiny/helpers.cpp,19,esp-idf,iram-attr,platform-backend
esphome/components/libretiny/preferences.cpp,94,esp-idf,log,platform-backend
esphome/components/libretiny/preferences.cpp,104,esp-idf,log,platform-backend
esphome/components/libretiny/preferences.cpp,108,esp-idf,log,platform-backend
esphome/components/libretiny/preferences.cpp,116,esp-idf,log,platform-backend
esphome/components/libretiny/preferences.cpp,123,esp-idf,log,platform-backend
esphome/components/libretiny/preferences.cpp,126,esp-idf,log,platform-backend
esphome/components/libretiny/preferences.cpp,129,esp-idf,log,platform-backend
esphome/components/libretiny/preferences.cpp,140,esp-idf,log,platform-backend
esphome/components/libretiny/preferences.cpp,154,esp-idf,log,platform-backend
esphome/components/libretiny/preferences.cpp,163,esp-idf,log,platform-backend
esphome/components/libretiny_pwm/libretiny_pwm.cpp,12,esp-idf,log,component-local
esphome/components/libretiny_pwm/libretiny_pwm.cpp,24,arduino,api,component-local
esphome/components/light/addressable_light.h,3,esp-idf,include,component-local
esphome/components/light/addressable_light.h,4,esp-idf,include,component-local
esphome/components/light/addressable_light.h,5,esp-idf,include,component-local
esphome/components/light/automation.cpp,9,esp-idf,log,component-local
esphome/components/light/esp_color_correction.cpp,1,esp-idf,include,component-local
esphome/components/light/esp_color_view.h,4,esp-idf,include,component-local
esphome/components/light/esp_color_view.h,5,esp-idf,include,component-local
esphome/components/light/esp_hsv_color.cpp,1,esp-idf,include,component-local
esphome/components/light/esp_range_view.cpp,1,esp-idf,include,component-local
esphome/components/light/esp_range_view.h,3,esp-idf,include,component-local
esphome/components/light/esp_range_view.h,4,esp-idf,include,component-local
esphome/components/light/light_call.cpp,16,esp-idf,log,component-local
esphome/components/light/light_call.cpp,21,esp-idf,log,component-local
esphome/components/light/light_call.cpp,25,esp-idf,log,component-local
esphome/components/light/light_call.cpp,29,esp-idf,log,component-local
esphome/components/light/light_call.cpp,70,esp-idf,log,component-local
esphome/components/light/light_call.cpp,82,esp-idf,log,component-local
esphome/components/light/light_call.cpp,88,esp-idf,log,component-local
esphome/components/light/light_call.cpp,95,esp-idf,log,component-local
esphome/components/light/light_call.cpp,106,esp-idf,log,component-local
esphome/components/light/light_call.cpp,114,esp-idf,log,component-local
esphome/components/light/light_call.cpp,118,esp-idf,log,component-local
esphome/components/light/light_call.cpp,126,esp-idf,log,component-local
esphome/components/light/light_call.cpp,133,esp-idf,log,component-local
esphome/components/light/light_call.cpp,139,esp-idf,log,component-local
esphome/components/light/light_call.cpp,156,esp-idf,log,component-local
esphome/components/light/light_call.cpp,198,esp-idf,log,component-local
esphome/components/light/light_call.cpp,344,esp-idf,log,component-local
esphome/components/light/light_call.cpp,412,esp-idf,log,component-local
esphome/components/light/light_call.cpp,459,esp-idf,log,component-local
esphome/components/light/light_call.cpp,467,esp-idf,log,component-local
esphome/components/light/light_call.cpp,475,esp-idf,log,component-local
esphome/components/light/light_call.cpp,554,esp-idf,log,component-local
esphome/components/light/light_state.cpp,2,esp-idf,include,component-local
esphome/components/lightwaverf/LwRx.cpp,20,esp-idf,iram-attr,component-local
esphome/components/lightwaverf/LwTx.cpp,10,arduino,include,component-local
esphome/components/lightwaverf/LwTx.cpp,31,esp-idf,iram-attr,component-local
esphome/components/lightwaverf/LwTx.cpp,111,esp-idf,log,component-local
esphome/components/lightwaverf/LwTx.cpp,117,esp-idf,log,component-local
esphome/components/lightwaverf/lightwaverf.cpp,36,esp-idf,log,component-local
esphome/components/lightwaverf/lightwaverf.cpp,42,esp-idf,log,component-local
esphome/components/lightwaverf/lightwaverf.cpp,48,esp-idf,log,component-local
esphome/components/lightwaverf/lightwaverf.cpp,54,esp-idf,log,component-local
esphome/components/lilygo_t5_47/touchscreen/lilygo_t5_47_touchscreen.cpp,20,esp-idf,log,component-local
esphome/components/lilygo_t5_47/touchscreen/lilygo_t5_47_touchscreen.cpp,32,esp-idf,log,component-local
esphome/components/lilygo_t5_47/touchscreen/lilygo_t5_47_touchscreen.cpp,67,esp-idf,log,component-local
esphome/components/lm75b/lm75b.cpp,13,esp-idf,log,component-local
esphome/components/ln882h_ble/ln882h_ble.cpp,327,esp-idf,log,component-local
esphome/components/ln882h_ble/ln882h_ble.cpp,337,esp-idf,log,component-local
esphome/components/ln882h_ble/ln882h_ble.cpp,366,esp-idf,log,component-local
esphome/components/ln882h_ble/ln882h_ble.cpp,370,esp-idf,log,component-local
esphome/components/ln882h_ble/ln882h_ble.cpp,408,esp-idf,log,component-local
esphome/components/ln882h_ble/ln882h_ble.cpp,420,esp-idf,log,component-local
esphome/components/ln882h_ble/ln882h_ble.cpp,422,esp-idf,log,component-local
esphome/components/ln882h_ble_tracker/ln882h_ble_tracker.cpp,33,esp-idf,log,component-local
esphome/components/ln882h_ble_tracker/ln882h_ble_tracker.cpp,98,esp-idf,log,component-local
esphome/components/ln882h_ble_tracker/ln882h_ble_tracker.cpp,120,esp-idf,log,component-local
esphome/components/ln882h_ble_tracker/ln882h_ble_tracker.cpp,221,esp-idf,log,component-local
esphome/components/ln882h_ble_tracker/ln882h_ble_tracker.cpp,236,esp-idf,log,component-local
esphome/components/lock/lock.cpp,33,esp-idf,log,component-local
esphome/components/lock/lock.cpp,36,esp-idf,log,component-local
esphome/components/lock/lock.cpp,45,esp-idf,log,component-local
esphome/components/lock/lock.cpp,53,esp-idf,log,component-local
esphome/components/lock/lock.cpp,56,esp-idf,log,component-local
esphome/components/lock/lock.cpp,64,esp-idf,log,component-local
esphome/components/lock/lock.cpp,95,esp-idf,log,component-local
esphome/components/logger/logger.cpp,32,freertos,handle-type,component-local
esphome/components/logger/logger.cpp,244,esp-idf,log,component-local
esphome/components/logger/logger.cpp,251,esp-idf,log,component-local
esphome/components/logger/logger.cpp,254,esp-idf,log,component-local
esphome/components/logger/logger.cpp,262,esp-idf,log,component-local
esphome/components/logger/logger.h,22,arduino,guard,component-local
esphome/components/logger/logger.h,30,arduino,guard,component-local
esphome/components/logger/logger.h,33,esp-idf,include,component-local
esphome/components/logger/logger.h,153,arduino,guard,component-local
esphome/components/logger/logger.h,316,arduino,guard,component-local
esphome/components/logger/logger.h,380,freertos,handle-type,component-local
esphome/components/logger/logger_esp32.cpp,5,esp-idf,include,component-local
esphome/components/logger/logger_esp32.cpp,7,esp-idf,include,component-local
esphome/components/logger/logger_esp32.cpp,8,esp-idf,include,component-local
esphome/components/logger/logger_esp32.cpp,11,esp-idf,include,component-local
esphome/components/logger/logger_esp32.cpp,13,esp-idf,include,component-local
esphome/components/logger/logger_esp32.cpp,14,esp-idf,include,component-local
esphome/components/logger/logger_esp32.cpp,16,esp-idf,include,component-local
esphome/components/logger/logger_esp32.cpp,20,esp-idf,include,component-local
esphome/components/logger/logger_esp32.cpp,21,freertos,include,component-local
esphome/components/logger/logger_esp32.cpp,57,esp-idf,err-type,component-local
esphome/components/logger/logger_esp32.cpp,60,esp-idf,err-type,component-local
esphome/components/logger/logger_esp32.cpp,127,esp-idf,log,component-local
esphome/components/logger/logger_esp32.h,5,esp-idf,include,component-local
esphome/components/logger/logger_esp8266.cpp,32,esp-idf,log,component-local
esphome/components/logger/logger_esp8266.cpp,62,esp-idf,iram-attr,component-local
esphome/components/logger/logger_libretiny.cpp,33,esp-idf,log,component-local
esphome/components/logger/logger_libretiny.cpp,49,esp-idf,log,component-local
esphome/components/logger/logger_rp2.cpp,31,esp-idf,log,component-local
esphome/components/logger/logger_zephyr.cpp,91,esp-idf,log,component-local
esphome/components/logger/logger_zephyr.cpp,95,esp-idf,log,component-local
esphome/components/logger/logger_zephyr.cpp,152,esp-idf,log,component-local
esphome/components/logger/logger_zephyr.cpp,155,esp-idf,log,component-local
esphome/components/logger/logger_zephyr.cpp,156,esp-idf,log,component-local
esphome/components/logger/logger_zephyr.cpp,159,esp-idf,log,component-local
esphome/components/logger/task_log_buffer_esp32.h,12,freertos,include,component-local
esphome/components/logger/task_log_buffer_esp32.h,13,freertos,include,component-local
esphome/components/logger/task_log_buffer_libretiny.cpp,13,freertos,semaphore,component-local
esphome/components/logger/task_log_buffer_libretiny.cpp,48,freertos,semaphore,component-local
esphome/components/logger/task_log_buffer_libretiny.cpp,53,freertos,semaphore,component-local
esphome/components/logger/task_log_buffer_libretiny.cpp,87,freertos,semaphore,component-local
esphome/components/logger/task_log_buffer_libretiny.cpp,115,freertos,semaphore,component-local
esphome/components/logger/task_log_buffer_libretiny.cpp,140,freertos,semaphore,component-local
esphome/components/logger/task_log_buffer_libretiny.cpp,164,freertos,semaphore,component-local
esphome/components/logger/task_log_buffer_libretiny.cpp,185,freertos,semaphore,component-local
esphome/components/logger/task_log_buffer_libretiny.h,93,freertos,semaphore,component-local
esphome/components/lps22/lps22.cpp,28,esp-idf,log,component-local
esphome/components/lps22/lps22.cpp,57,esp-idf,log,component-local
esphome/components/lsm6ds/lsm6ds.cpp,18,esp-idf,log,component-local
esphome/components/lsm6ds/lsm6ds.cpp,30,esp-idf,log,component-local
esphome/components/lsm6ds/lsm6ds.cpp,34,esp-idf,log,component-local
esphome/components/ltr390/ltr390.cpp,56,esp-idf,log,component-local
esphome/components/ltr390/ltr390.cpp,59,esp-idf,log,component-local
esphome/components/ltr390/ltr390.cpp,64,esp-idf,log,component-local
esphome/components/ltr390/ltr390.cpp,169,esp-idf,log,component-local
esphome/components/ltr501/ltr501.cpp,120,esp-idf,log,component-local
esphome/components/ltr501/ltr501.cpp,126,esp-idf,log,component-local
esphome/components/ltr501/ltr501.cpp,130,esp-idf,log,component-local
esphome/components/ltr501/ltr501.cpp,142,esp-idf,log,component-local
esphome/components/ltr501/ltr501.cpp,153,esp-idf,log,component-local
esphome/components/ltr501/ltr501.cpp,177,esp-idf,log,component-local
esphome/components/ltr501/ltr501.cpp,183,esp-idf,log,component-local
esphome/components/ltr501/ltr501.cpp,198,esp-idf,log,component-local
esphome/components/ltr501/ltr501.cpp,240,esp-idf,log,component-local
esphome/components/ltr501/ltr501.cpp,246,esp-idf,log,component-local
esphome/components/ltr501/ltr501.cpp,256,esp-idf,log,component-local
esphome/components/ltr501/ltr501.cpp,272,esp-idf,log,component-local
esphome/components/ltr501/ltr501.cpp,281,esp-idf,log,component-local
esphome/components/ltr501/ltr501.cpp,290,esp-idf,log,component-local
esphome/components/ltr501/ltr501.cpp,296,esp-idf,log,component-local
esphome/components/ltr501/ltr501.cpp,306,esp-idf,log,component-local
esphome/components/ltr501/ltr501.cpp,312,esp-idf,log,component-local
esphome/components/ltr501/ltr501.cpp,318,esp-idf,log,component-local
esphome/components/ltr501/ltr501.cpp,358,esp-idf,log,component-local
esphome/components/ltr501/ltr501.cpp,374,esp-idf,log,component-local
esphome/components/ltr501/ltr501.cpp,385,esp-idf,log,component-local
esphome/components/ltr501/ltr501.cpp,387,esp-idf,log,component-local
esphome/components/ltr501/ltr501.cpp,404,esp-idf,log,component-local
esphome/components/ltr501/ltr501.cpp,413,esp-idf,log,component-local
esphome/components/ltr501/ltr501.cpp,417,esp-idf,log,component-local
esphome/components/ltr501/ltr501.cpp,436,esp-idf,log,component-local
esphome/components/ltr501/ltr501.cpp,441,esp-idf,log,component-local
esphome/components/ltr501/ltr501.cpp,444,esp-idf,log,component-local
esphome/components/ltr501/ltr501.cpp,459,esp-idf,log,component-local
esphome/components/ltr501/ltr501.cpp,468,esp-idf,log,component-local
esphome/components/ltr501/ltr501.cpp,472,esp-idf,log,component-local
esphome/components/ltr501/ltr501.cpp,475,esp-idf,log,component-local
esphome/components/ltr501/ltr501.cpp,481,esp-idf,log,component-local
esphome/components/ltr501/ltr501.cpp,487,esp-idf,log,component-local
esphome/components/ltr501/ltr501.cpp,510,esp-idf,log,component-local
esphome/components/ltr501/ltr501.cpp,517,esp-idf,log,component-local
esphome/components/ltr_als_ps/ltr_als_ps.cpp,114,esp-idf,log,component-local
esphome/components/ltr_als_ps/ltr_als_ps.cpp,119,esp-idf,log,component-local
esphome/components/ltr_als_ps/ltr_als_ps.cpp,121,esp-idf,log,component-local
esphome/components/ltr_als_ps/ltr_als_ps.cpp,133,esp-idf,log,component-local
esphome/components/ltr_als_ps/ltr_als_ps.cpp,144,esp-idf,log,component-local
esphome/components/ltr_als_ps/ltr_als_ps.cpp,168,esp-idf,log,component-local
esphome/components/ltr_als_ps/ltr_als_ps.cpp,174,esp-idf,log,component-local
esphome/components/ltr_als_ps/ltr_als_ps.cpp,189,esp-idf,log,component-local
esphome/components/ltr_als_ps/ltr_als_ps.cpp,231,esp-idf,log,component-local
esphome/components/ltr_als_ps/ltr_als_ps.cpp,237,esp-idf,log,component-local
esphome/components/ltr_als_ps/ltr_als_ps.cpp,247,esp-idf,log,component-local
esphome/components/ltr_als_ps/ltr_als_ps.cpp,266,esp-idf,log,component-local
esphome/components/ltr_als_ps/ltr_als_ps.cpp,274,esp-idf,log,component-local
esphome/components/ltr_als_ps/ltr_als_ps.cpp,283,esp-idf,log,component-local
esphome/components/ltr_als_ps/ltr_als_ps.cpp,289,esp-idf,log,component-local
esphome/components/ltr_als_ps/ltr_als_ps.cpp,300,esp-idf,log,component-local
esphome/components/ltr_als_ps/ltr_als_ps.cpp,306,esp-idf,log,component-local
esphome/components/ltr_als_ps/ltr_als_ps.cpp,312,esp-idf,log,component-local
esphome/components/ltr_als_ps/ltr_als_ps.cpp,355,esp-idf,log,component-local
esphome/components/ltr_als_ps/ltr_als_ps.cpp,371,esp-idf,log,component-local
esphome/components/ltr_als_ps/ltr_als_ps.cpp,385,esp-idf,log,component-local
esphome/components/ltr_als_ps/ltr_als_ps.cpp,388,esp-idf,log,component-local
esphome/components/ltr_als_ps/ltr_als_ps.cpp,390,esp-idf,log,component-local
esphome/components/ltr_als_ps/ltr_als_ps.cpp,406,esp-idf,log,component-local
esphome/components/ltr_als_ps/ltr_als_ps.cpp,415,esp-idf,log,component-local
esphome/components/ltr_als_ps/ltr_als_ps.cpp,432,esp-idf,log,component-local
esphome/components/ltr_als_ps/ltr_als_ps.cpp,438,esp-idf,log,component-local
esphome/components/ltr_als_ps/ltr_als_ps.cpp,445,esp-idf,log,component-local
esphome/components/ltr_als_ps/ltr_als_ps.cpp,451,esp-idf,log,component-local
esphome/components/ltr_als_ps/ltr_als_ps.cpp,455,esp-idf,log,component-local
esphome/components/ltr_als_ps/ltr_als_ps.cpp,458,esp-idf,log,component-local
esphome/components/ltr_als_ps/ltr_als_ps.cpp,464,esp-idf,log,component-local
esphome/components/ltr_als_ps/ltr_als_ps.cpp,470,esp-idf,log,component-local
esphome/components/ltr_als_ps/ltr_als_ps.cpp,490,esp-idf,log,component-local
esphome/components/ltr_als_ps/ltr_als_ps.cpp,496,esp-idf,log,component-local
esphome/components/lvgl/lvgl_esphome.cpp,88,esp-idf,log,component-local
esphome/components/lvgl/lvgl_esphome.cpp,106,esp-idf,log,component-local
esphome/components/lvgl/lvgl_esphome.cpp,330,esp-idf,err-type,component-local
esphome/components/lvgl/lvgl_esphome.cpp,331,esp-idf,err-type,component-local
esphome/components/lvgl/lvgl_esphome.cpp,332,esp-idf,log,component-local
esphome/components/lvgl/lvgl_esphome.cpp,333,esp-idf,log,component-local
esphome/components/lvgl/lvgl_esphome.cpp,423,esp-idf,log,component-local
esphome/components/lvgl/lvgl_esphome.cpp,489,esp-idf,log,component-local
esphome/components/lvgl/lvgl_esphome.cpp,773,esp-idf,log,component-local
esphome/components/lvgl/lvgl_esphome.cpp,842,esp-idf,err-type,component-local
esphome/components/lvgl/lvgl_esphome.cpp,843,esp-idf,log,component-local
esphome/components/lvgl/lvgl_esphome.cpp,1019,esp-idf,log,component-local
esphome/components/lvgl/lvgl_esphome.cpp,1026,esp-idf,log,component-local
esphome/components/lvgl/lvgl_esphome.cpp,1043,esp-idf,log,component-local
esphome/components/lvgl/lvgl_esphome.cpp,1056,esp-idf,heap-caps,component-local
esphome/components/lvgl/lvgl_esphome.cpp,1061,esp-idf,heap-caps,component-local
esphome/components/lvgl/lvgl_esphome.cpp,1063,esp-idf,log,component-local
esphome/components/lvgl/lvgl_esphome.cpp,1070,esp-idf,heap-caps,component-local
esphome/components/lvgl/lvgl_esphome.cpp,1083,esp-idf,heap-caps,component-local
esphome/components/lvgl/lvgl_esphome.cpp,1085,esp-idf,heap-caps,component-local
esphome/components/lvgl/lvgl_esphome.cpp,1086,esp-idf,heap-caps,component-local
esphome/components/lvgl/lvgl_esphome.cpp,1089,esp-idf,log,component-local
esphome/components/lvgl/lvgl_esphome.cpp,1092,esp-idf,log,component-local
esphome/components/lvgl/lvgl_esphome.cpp,1097,esp-idf,log,component-local
esphome/components/lvgl/lvgl_esphome.cpp,1100,esp-idf,heap-caps,component-local
esphome/components/lvgl/lvgl_esphome.cpp,1104,esp-idf,log,component-local
esphome/components/lvgl/lvgl_esphome.cpp,1105,esp-idf,heap-caps,component-local
esphome/components/lvgl/lvgl_esphome.h,30,esp-idf,include,component-local
esphome/components/m5stack_8angle/light/m5stack_8angle_light.cpp,13,esp-idf,log,component-local
esphome/components/m5stack_8angle/light/m5stack_8angle_light.cpp,21,esp-idf,log,component-local
esphome/components/m5stack_8angle/m5stack_8angle.cpp,14,esp-idf,log,component-local
esphome/components/m5stack_8angle/m5stack_8angle.cpp,21,esp-idf,log,component-local
esphome/components/m5stack_8angle/m5stack_8angle.cpp,51,esp-idf,log,component-local
esphome/components/matrix_keypad/matrix_keypad.cpp,58,esp-idf,log,component-local
esphome/components/matrix_keypad/matrix_keypad.cpp,63,esp-idf,log,component-local
esphome/components/matrix_keypad/matrix_keypad.cpp,81,esp-idf,log,component-local
esphome/components/matrix_keypad/matrix_keypad.cpp,86,esp-idf,log,component-local
esphome/components/max17043/max17043.cpp,55,esp-idf,log,component-local
esphome/components/max17043/max17043.cpp,58,esp-idf,log,component-local
esphome/components/max17043/max17043.cpp,76,esp-idf,log,component-local
esphome/components/max17043/max17043.cpp,86,esp-idf,log,component-local
esphome/components/max31855/max31855.cpp,45,esp-idf,log,component-local
esphome/components/max31855/max31855.cpp,61,esp-idf,log,component-local
esphome/components/max31855/max31855.cpp,67,esp-idf,log,component-local
esphome/components/max31855/max31855.cpp,73,esp-idf,log,component-local
esphome/components/max31855/max31855.cpp,79,esp-idf,log,component-local
esphome/components/max31855/max31855.cpp,85,esp-idf,log,component-local
esphome/components/max31855/max31855.cpp,97,esp-idf,log,component-local
esphome/components/max31855/sensor.py,36,esp-idf,i2c-spi,python
esphome/components/max31856/max31856.cpp,64,esp-idf,log,component-local
esphome/components/max31856/max31856.cpp,86,esp-idf,log,component-local
esphome/components/max31856/max31856.cpp,91,esp-idf,log,component-local
esphome/components/max31856/max31856.cpp,95,esp-idf,log,component-local
esphome/components/max31856/max31856.cpp,98,esp-idf,log,component-local
esphome/components/max31856/max31856.cpp,101,esp-idf,log,component-local
esphome/components/max31856/max31856.cpp,104,esp-idf,log,component-local
esphome/components/max31856/max31856.cpp,107,esp-idf,log,component-local
esphome/components/max31856/max31856.cpp,110,esp-idf,log,component-local
esphome/components/max31856/max31856.cpp,113,esp-idf,log,component-local
esphome/components/max31856/max31856.cpp,116,esp-idf,log,component-local
esphome/components/max31856/max31856.cpp,123,esp-idf,log,component-local
esphome/components/max31856/max31856.cpp,169,esp-idf,log,component-local
esphome/components/max31856/max31856.cpp,180,esp-idf,log,component-local
esphome/components/max31856/max31856.cpp,197,esp-idf,log,component-local
esphome/components/max31856/sensor.py,58,esp-idf,i2c-spi,python
esphome/components/max31865/max31865.cpp,17,esp-idf,log,component-local
esphome/components/max31865/max31865.cpp,20,esp-idf,log,component-local
esphome/components/max31865/max31865.cpp,23,esp-idf,log,component-local
esphome/components/max31865/max31865.cpp,26,esp-idf,log,component-local
esphome/components/max31865/max31865.cpp,30,esp-idf,log,component-local
esphome/components/max31865/max31865.cpp,33,esp-idf,log,component-local
esphome/components/max31865/max31865.cpp,48,esp-idf,log,component-local
esphome/components/max31865/max31865.cpp,56,esp-idf,log,component-local
esphome/components/max31865/max31865.cpp,100,esp-idf,log,component-local
esphome/components/max31865/max31865.cpp,111,esp-idf,log,component-local
esphome/components/max31865/max31865.cpp,114,esp-idf,log,component-local
esphome/components/max31865/max31865.cpp,117,esp-idf,log,component-local
esphome/components/max31865/max31865.cpp,120,esp-idf,log,component-local
esphome/components/max31865/max31865.cpp,131,esp-idf,log,component-local
esphome/components/max31865/max31865.cpp,134,esp-idf,log,component-local
esphome/components/max31865/max31865.cpp,143,esp-idf,log,component-local
esphome/components/max31865/max31865.cpp,148,esp-idf,log,component-local
esphome/components/max31865/sensor.py,52,esp-idf,i2c-spi,python
esphome/components/max44009/max44009.cpp,49,esp-idf,log,component-local
esphome/components/max44009/max44009.cpp,97,esp-idf,log,component-local
esphome/components/max44009/max44009.cpp,111,esp-idf,log,component-local
esphome/components/max6675/max6675.cpp,34,esp-idf,log,component-local
esphome/components/max6675/max6675.cpp,40,esp-idf,log,component-local
esphome/components/max6675/sensor.py,25,esp-idf,i2c-spi,python
esphome/components/max6956/max6956.cpp,34,esp-idf,log,component-local
esphome/components/max6956/max6956.cpp,39,esp-idf,log,component-local
esphome/components/max6956/max6956.cpp,92,esp-idf,log,component-local
esphome/components/max7219/display.py,27,esp-idf,i2c-spi,python
esphome/components/max7219/max7219.cpp,187,esp-idf,log,component-local
esphome/components/max7219/max7219.cpp,195,esp-idf,log,component-local
esphome/components/max7219digit/display.py,86,esp-idf,i2c-spi,python
esphome/components/max7219digit/max7219digit.cpp,74,esp-idf,log,component-local
esphome/components/max7219digit/max7219digit.cpp,101,esp-idf,log,component-local
esphome/components/max9611/max9611.cpp,44,esp-idf,log,component-local
esphome/components/max9611/max9611.cpp,49,esp-idf,log,component-local
esphome/components/max9611/max9611.cpp,67,esp-idf,log,component-local
esphome/components/max9611/max9611.cpp,92,esp-idf,log,component-local
esphome/components/mcp23016/mcp23016.cpp,35,esp-idf,iram-attr,component-local
esphome/components/mcp23016/mcp23016.h,40,esp-idf,iram-attr,component-local
esphome/components/mcp23s08/__init__.py,26,esp-idf,i2c-spi,python
esphome/components/mcp23s17/__init__.py,26,esp-idf,i2c-spi,python
esphome/components/mcp23xxx_base/mcp23xxx_base.h,46,esp-idf,iram-attr,component-local
esphome/components/mcp2515/canbus.py,37,esp-idf,i2c-spi,python
esphome/components/mcp2515/mcp2515.cpp,42,esp-idf,log,component-local
esphome/components/mcp2515/mcp2515.cpp,50,esp-idf,log,component-local
esphome/components/mcp2515/mcp2515.cpp,53,esp-idf,log,component-local
esphome/components/mcp2515/mcp2515.cpp,60,esp-idf,log,component-local
esphome/components/mcp2515/mcp2515.cpp,140,esp-idf,log,component-local
esphome/components/mcp2515/mcp2515.cpp,340,esp-idf,log,component-local
esphome/components/mcp2515/mcp2515.cpp,705,esp-idf,log,component-local
esphome/components/mcp3008/__init__.py,20,esp-idf,i2c-spi,python
esphome/components/mcp3204/__init__.py,20,esp-idf,i2c-spi,python
esphome/components/mcp3221/mcp3221_sensor.cpp,12,esp-idf,log,component-local
esphome/components/mcp4461/mcp4461.cpp,100,esp-idf,log,component-local
esphome/components/mcp4461/mcp4461.cpp,142,esp-idf,log,component-local
esphome/components/mcp4461/mcp4461.cpp,181,esp-idf,log,component-local
esphome/components/mcp4461/mcp4461.cpp,188,esp-idf,log,component-local
esphome/components/mcp4461/mcp4461.cpp,192,esp-idf,log,component-local
esphome/components/mcp4461/mcp4461.cpp,203,esp-idf,log,component-local
esphome/components/mcp4461/mcp4461.cpp,205,esp-idf,log,component-local
esphome/components/mcp4461/mcp4461.cpp,213,esp-idf,log,component-local
esphome/components/mcp4461/mcp4461.cpp,239,esp-idf,log,component-local
esphome/components/mcp4461/mcp4461.cpp,281,esp-idf,log,component-local
esphome/components/mcp4461/mcp4461.cpp,292,esp-idf,log,component-local
esphome/components/mcp4461/mcp4461.cpp,297,esp-idf,log,component-local
esphome/components/mcp4461/mcp4461.cpp,301,esp-idf,log,component-local
esphome/components/mcp4461/mcp4461.cpp,322,esp-idf,log,component-local
esphome/components/mcp4461/mcp4461.cpp,333,esp-idf,log,component-local
esphome/components/mcp4461/mcp4461.cpp,338,esp-idf,log,component-local
esphome/components/mcp4461/mcp4461.cpp,342,esp-idf,log,component-local
esphome/components/mcp4461/mcp4461.cpp,349,esp-idf,log,component-local
esphome/components/mcp4461/mcp4461.cpp,354,esp-idf,log,component-local
esphome/components/mcp4461/mcp4461.cpp,358,esp-idf,log,component-local
esphome/components/mcp4461/mcp4461.cpp,362,esp-idf,log,component-local
esphome/components/mcp4461/mcp4461.cpp,365,esp-idf,log,component-local
esphome/components/mcp4461/mcp4461.cpp,380,esp-idf,log,component-local
esphome/components/mcp4461/mcp4461.cpp,387,esp-idf,log,component-local
esphome/components/mcp4461/mcp4461.cpp,392,esp-idf,log,component-local
esphome/components/mcp4461/mcp4461.cpp,396,esp-idf,log,component-local
esphome/components/mcp4461/mcp4461.cpp,399,esp-idf,log,component-local
esphome/components/mcp4461/mcp4461.cpp,409,esp-idf,log,component-local
esphome/components/mcp4461/mcp4461.cpp,414,esp-idf,log,component-local
esphome/components/mcp4461/mcp4461.cpp,418,esp-idf,log,component-local
esphome/components/mcp4461/mcp4461.cpp,421,esp-idf,log,component-local
esphome/components/mcp4461/mcp4461.cpp,431,esp-idf,log,component-local
esphome/components/mcp4461/mcp4461.cpp,436,esp-idf,log,component-local
esphome/components/mcp4461/mcp4461.cpp,440,esp-idf,log,component-local
esphome/components/mcp4461/mcp4461.cpp,446,esp-idf,log,component-local
esphome/components/mcp4461/mcp4461.cpp,450,esp-idf,log,component-local
esphome/components/mcp4461/mcp4461.cpp,453,esp-idf,log,component-local
esphome/components/mcp4461/mcp4461.cpp,472,esp-idf,log,component-local
esphome/components/mcp4461/mcp4461.cpp,477,esp-idf,log,component-local
esphome/components/mcp4461/mcp4461.cpp,481,esp-idf,log,component-local
esphome/components/mcp4461/mcp4461.cpp,487,esp-idf,log,component-local
esphome/components/mcp4461/mcp4461.cpp,491,esp-idf,log,component-local
esphome/components/mcp4461/mcp4461.cpp,494,esp-idf,log,component-local
esphome/components/mcp4461/mcp4461.cpp,530,esp-idf,log,component-local
esphome/components/mcp4461/mcp4461.cpp,542,esp-idf,log,component-local
esphome/components/mcp4461/mcp4461.cpp,549,esp-idf,log,component-local
esphome/components/mcp4461/mcp4461.cpp,559,esp-idf,log,component-local
esphome/components/mcp4461/mcp4461.cpp,576,esp-idf,log,component-local
esphome/components/mcp4461/mcp4461.cpp,585,esp-idf,log,component-local
esphome/components/mcp4461/mcp4461.cpp,598,esp-idf,log,component-local
esphome/components/mcp4461/mcp4461.cpp,605,esp-idf,log,component-local
esphome/components/mcp4461/mcp4461.cpp,608,esp-idf,log,component-local
esphome/components/mcp4461/mcp4461.cpp,623,esp-idf,log,component-local
esphome/components/mcp4461/mcp4461.cpp,631,esp-idf,log,component-local
esphome/components/mcp4461/mcp4461.cpp,636,esp-idf,log,component-local
esphome/components/mcp4461/mcp4461.cpp,639,esp-idf,log,component-local
esphome/components/mcp4461/mcp4461.cpp,654,esp-idf,log,component-local
esphome/components/mcp4461/mcp4461.cpp,662,esp-idf,log,component-local
esphome/components/mcp4461/mcp4461.cpp,675,esp-idf,log,component-local
esphome/components/mcp4461/mcp4461.cpp,683,esp-idf,log,component-local
esphome/components/mcp4461/mcp4461.cpp,697,esp-idf,log,component-local
esphome/components/mcp4461/mcp4461.cpp,728,esp-idf,log,component-local
esphome/components/mcp4461/mcp4461.cpp,736,esp-idf,log,component-local
esphome/components/mcp4461/mcp4461.cpp,745,esp-idf,log,component-local
esphome/components/mcp4461/mcp4461.cpp,754,esp-idf,log,component-local
esphome/components/mcp4461/mcp4461.cpp,759,esp-idf,log,component-local
esphome/components/mcp4461/output/mcp4461_output.cpp,14,esp-idf,log,component-local
esphome/components/mcp4461/output/mcp4461_output.cpp,56,esp-idf,log,component-local
esphome/components/mcp4461/output/mcp4461_output.cpp,64,esp-idf,log,component-local
esphome/components/mcp4461/output/mcp4461_output.cpp,71,esp-idf,log,component-local
esphome/components/mcp4725/mcp4725.cpp,21,esp-idf,log,component-local
esphome/components/mcp4728/mcp4728.cpp,22,esp-idf,log,component-local
esphome/components/mcp4728/mcp4728.cpp,56,esp-idf,log,component-local
esphome/components/mcp9600/mcp9600.cpp,76,esp-idf,log,component-local
esphome/components/mcp9600/mcp9600.cpp,79,esp-idf,log,component-local
esphome/components/mcp9808/mcp9808.cpp,23,esp-idf,log,component-local
esphome/components/mcp9808/mcp9808.cpp,29,esp-idf,log,component-local
esphome/components/mcp9808/mcp9808.cpp,37,esp-idf,log,component-local
esphome/components/mcp9808/mcp9808.cpp,71,esp-idf,log,component-local
esphome/components/md5/md5.cpp,8,arduino,guard,component-local
esphome/components/md5/md5.cpp,17,arduino,guard,component-local
esphome/components/md5/md5.h,13,esp-idf,include,component-local
esphome/components/md5/md5.h,17,arduino,guard,component-local
esphome/components/mdns/mdns_component.cpp,264,esp-idf,log,component-local
esphome/components/mdns/mdns_component.cpp,266,esp-idf,log,component-local
esphome/components/mdns/mdns_component.cpp,269,esp-idf,log,component-local
esphome/components/mdns/mdns_component.h,126,arduino,ipaddress,component-local
esphome/components/mdns/mdns_component.h,127,arduino,ipaddress,component-local
esphome/components/mdns/mdns_esp32.cpp,19,esp-idf,err-type,component-local
esphome/components/mdns/mdns_esp32.cpp,20,esp-idf,err-type,component-local
esphome/components/mdns/mdns_esp32.cpp,21,esp-idf,log,component-local
esphome/components/mdns/mdns_esp32.cpp,44,esp-idf,err-type,component-local
esphome/components/mdns/mdns_esp32.cpp,45,esp-idf,log,component-local
esphome/components/mdns/mdns_esp8266.cpp,2,arduino,guard,component-local
esphome/components/mdns/mdns_esp8266.cpp,112,arduino,ipaddress,component-local
esphome/components/mdns/mdns_esp8266.cpp,113,arduino,ipaddress,component-local
esphome/components/mdns/mdns_rp2.cpp,13,esp-idf,iram-attr,component-local
esphome/components/mdns/mdns_rp2.cpp,14,esp-idf,iram-attr,component-local
esphome/components/mdns/mdns_rp2.cpp,16,esp-idf,iram-attr,component-local
esphome/components/mdns/mdns_rp2.cpp,71,arduino,ipaddress,component-local
esphome/components/mdns/mdns_rp2.cpp,78,arduino,ipaddress,component-local
esphome/components/mdns/mdns_rp2.cpp,79,arduino,ipaddress,component-local
esphome/components/media_player/media_player.cpp,99,esp-idf,log,component-local
esphome/components/media_player/media_player.cpp,105,esp-idf,log,component-local
esphome/components/media_player/media_player.cpp,112,esp-idf,log,component-local
esphome/components/media_player/media_player.cpp,116,esp-idf,log,component-local
esphome/components/media_player/media_player.cpp,119,esp-idf,log,component-local
esphome/components/media_player/media_player.cpp,122,esp-idf,log,component-local
esphome/components/media_player/media_player.cpp,125,esp-idf,log,component-local
esphome/components/media_player/media_player.cpp,180,esp-idf,log,component-local
esphome/components/mhz19/mhz19.cpp,56,esp-idf,log,component-local
esphome/components/mhz19/mhz19.cpp,63,esp-idf,log,component-local
esphome/components/mhz19/mhz19.cpp,69,esp-idf,log,component-local
esphome/components/mhz19/mhz19.cpp,76,esp-idf,log,component-local
esphome/components/mhz19/mhz19.cpp,86,esp-idf,log,component-local
esphome/components/mhz19/mhz19.cpp,94,esp-idf,log,component-local
esphome/components/mhz19/mhz19.cpp,99,esp-idf,log,component-local
esphome/components/mhz19/mhz19.cpp,104,esp-idf,log,component-local
esphome/components/mhz19/mhz19.cpp,121,esp-idf,log,component-local
esphome/components/mhz19/mhz19.cpp,124,esp-idf,log,component-local
esphome/components/micro_wake_word/micro_wake_word.cpp,115,esp-idf,log,component-local
esphome/components/micro_wake_word/micro_wake_word.cpp,120,freertos,queue,component-local
esphome/components/micro_wake_word/micro_wake_word.cpp,122,esp-idf,log,component-local
esphome/components/micro_wake_word/micro_wake_word.cpp,199,freertos,tick,component-local
esphome/components/micro_wake_word/micro_wake_word.cpp,214,freertos,tick,component-local
esphome/components/micro_wake_word/micro_wake_word.cpp,278,freertos,tick,component-local
esphome/components/micro_wake_word/micro_wake_word.cpp,299,esp-idf,log,component-local
esphome/components/micro_wake_word/micro_wake_word.cpp,309,esp-idf,log,component-local
esphome/components/micro_wake_word/micro_wake_word.cpp,317,esp-idf,log,component-local
esphome/components/micro_wake_word/micro_wake_word.cpp,323,esp-idf,log,component-local
esphome/components/micro_wake_word/micro_wake_word.cpp,331,esp-idf,log,component-local
esphome/components/micro_wake_word/micro_wake_word.cpp,345,esp-idf,log,component-local
esphome/components/micro_wake_word/micro_wake_word.cpp,358,freertos,queue,component-local
esphome/components/micro_wake_word/micro_wake_word.cpp,366,esp-idf,log,component-local
esphome/components/micro_wake_word/micro_wake_word.cpp,412,esp-idf,log,component-local
esphome/components/micro_wake_word/micro_wake_word.cpp,417,esp-idf,log,component-local
esphome/components/micro_wake_word/micro_wake_word.cpp,422,esp-idf,log,component-local
esphome/components/micro_wake_word/micro_wake_word.cpp,428,esp-idf,log,component-local
esphome/components/micro_wake_word/micro_wake_word.cpp,433,esp-idf,log,component-local
esphome/components/micro_wake_word/micro_wake_word.cpp,438,esp-idf,log,component-local
esphome/components/micro_wake_word/micro_wake_word.cpp,445,esp-idf,log,component-local
esphome/components/micro_wake_word/micro_wake_word.cpp,451,esp-idf,log,component-local
esphome/components/micro_wake_word/micro_wake_word.cpp,453,freertos,queue,component-local
esphome/components/micro_wake_word/micro_wake_word.cpp,487,freertos,queue,component-local
esphome/components/micro_wake_word/micro_wake_word.cpp,489,esp-idf,log,component-local
esphome/components/micro_wake_word/micro_wake_word.cpp,493,esp-idf,log,component-local
esphome/components/micro_wake_word/micro_wake_word.cpp,514,esp-idf,log,component-local
esphome/components/micro_wake_word/micro_wake_word.cpp,519,esp-idf,log,component-local
esphome/components/micro_wake_word/micro_wake_word.cpp,524,esp-idf,log,component-local
esphome/components/micro_wake_word/micro_wake_word.cpp,528,esp-idf,log,component-local
esphome/components/micro_wake_word/micro_wake_word.cpp,538,esp-idf,log,component-local
esphome/components/micro_wake_word/micro_wake_word.cpp,546,esp-idf,log,component-local
esphome/components/micro_wake_word/micro_wake_word.cpp,603,freertos,queue,component-local
esphome/components/micro_wake_word/micro_wake_word.cpp,612,freertos,queue,component-local
esphome/components/micro_wake_word/micro_wake_word.h,20,freertos,include,component-local
esphome/components/micro_wake_word/micro_wake_word.h,138,freertos,queue,component-local
esphome/components/micro_wake_word/model_data.cpp,21,esp-idf,log,component-local
esphome/components/micro_wake_word/model_data.cpp,29,esp-idf,log,component-local
esphome/components/micro_wake_word/model_data.cpp,41,esp-idf,log,component-local
esphome/components/micro_wake_word/model_data.cpp,69,esp-idf,log,component-local
esphome/components/micro_wake_word/model_data.cpp,75,esp-idf,log,component-local
esphome/components/micro_wake_word/model_data.cpp,84,esp-idf,log,component-local
esphome/components/micro_wake_word/model_data.cpp,90,esp-idf,log,component-local
esphome/components/micro_wake_word/streaming_model.cpp,30,esp-idf,log,component-local
esphome/components/micro_wake_word/streaming_model.cpp,39,esp-idf,log,component-local
esphome/components/micro_wake_word/streaming_model.cpp,48,esp-idf,log,component-local
esphome/components/micro_wake_word/streaming_model.cpp,56,esp-idf,log,component-local
esphome/components/micro_wake_word/streaming_model.cpp,59,esp-idf,log,component-local
esphome/components/micro_wake_word/streaming_model.cpp,67,esp-idf,log,component-local
esphome/components/micro_wake_word/streaming_model.cpp,77,esp-idf,log,component-local
esphome/components/micro_wake_word/streaming_model.cpp,86,esp-idf,log,component-local
esphome/components/micro_wake_word/streaming_model.cpp,91,esp-idf,log,component-local
esphome/components/micro_wake_word/streaming_model.cpp,98,esp-idf,log,component-local
esphome/components/micro_wake_word/streaming_model.cpp,103,esp-idf,log,component-local
esphome/components/micro_wake_word/streaming_model.cpp,230,esp-idf,log,component-local
esphome/components/micro_wake_word/streaming_model.cpp,295,esp-idf,log,component-local
esphome/components/micronova/micronova.cpp,48,esp-idf,log,component-local
esphome/components/micronova/micronova.cpp,64,esp-idf,log,component-local
esphome/components/micronova/micronova.cpp,83,esp-idf,log,component-local
esphome/components/micronova/micronova.cpp,113,esp-idf,log,component-local
esphome/components/micronova/micronova.cpp,124,esp-idf,log,component-local
esphome/components/micronova/micronova.cpp,127,esp-idf,log,component-local
esphome/components/micronova/micronova.cpp,137,esp-idf,log,component-local
esphome/components/micronova/micronova.cpp,148,esp-idf,log,component-local
esphome/components/micronova/micronova.cpp,152,esp-idf,log,component-local
esphome/components/micronova/micronova.cpp,169,esp-idf,log,component-local
esphome/components/micronova/micronova.cpp,173,esp-idf,log,component-local
esphome/components/micronova/micronova.cpp,192,esp-idf,log,component-local
esphome/components/micronova/micronova.cpp,195,esp-idf,log,component-local
esphome/components/micronova/micronova.cpp,202,esp-idf,log,component-local
esphome/components/micronova/micronova.cpp,205,esp-idf,log,component-local
esphome/components/micronova/switch/micronova_switch.cpp,20,esp-idf,log,component-local
esphome/components/micronova/switch/micronova_switch.cpp,30,esp-idf,log,component-local
esphome/components/micronova/switch/micronova_switch.cpp,37,esp-idf,log,component-local
esphome/components/mics_4514/mics_4514.cpp,49,esp-idf,log,component-local
esphome/components/mics_4514/mics_4514.cpp,62,esp-idf,log,component-local
esphome/components/midea/ac_adapter.cpp,1,arduino,guard,component-local
esphome/components/midea/ac_adapter.cpp,175,arduino,guard,component-local
esphome/components/midea/ac_adapter.h,3,arduino,guard,component-local
esphome/components/midea/ac_adapter.h,47,arduino,guard,component-local
esphome/components/midea/ac_automations.h,3,arduino,guard,component-local
esphome/components/midea/ac_automations.h,66,arduino,guard,component-local
esphome/components/midea/air_conditioner.cpp,1,arduino,guard,component-local
esphome/components/midea/air_conditioner.cpp,143,esp-idf,log,component-local
esphome/components/midea/air_conditioner.cpp,156,esp-idf,log,component-local
esphome/components/midea/air_conditioner.cpp,165,esp-idf,log,component-local
esphome/components/midea/air_conditioner.cpp,172,esp-idf,log,component-local
esphome/components/midea/air_conditioner.cpp,181,esp-idf,log,component-local
esphome/components/midea/air_conditioner.cpp,193,esp-idf,log,component-local
esphome/components/midea/air_conditioner.cpp,200,arduino,guard,component-local
esphome/components/midea/air_conditioner.h,3,arduino,guard,component-local
esphome/components/midea/air_conditioner.h,64,arduino,guard,component-local
esphome/components/midea/appliance_base.h,3,arduino,guard,component-local
esphome/components/midea/appliance_base.h,110,arduino,guard,component-local
esphome/components/midea/ir_transmitter.h,3,arduino,guard,component-local
esphome/components/midea/ir_transmitter.h,89,arduino,guard,component-local
esphome/components/midea_ir/midea_ir.cpp,173,esp-idf,log,component-local
esphome/components/mipi_dsi/mipi_dsi.cpp,12,freertos,semaphore,component-local
esphome/components/mipi_dsi/mipi_dsi.cpp,14,freertos,semaphore,component-local
esphome/components/mipi_dsi/mipi_dsi.cpp,18,esp-idf,err-type,component-local
esphome/components/mipi_dsi/mipi_dsi.cpp,19,esp-idf,log,component-local
esphome/components/mipi_dsi/mipi_dsi.cpp,42,esp-idf,err-type,component-local
esphome/components/mipi_dsi/mipi_dsi.cpp,52,esp-idf,err-type,component-local
esphome/components/mipi_dsi/mipi_dsi.cpp,95,esp-idf,err-type,component-local
esphome/components/mipi_dsi/mipi_dsi.cpp,101,esp-idf,err-type,component-local
esphome/components/mipi_dsi/mipi_dsi.cpp,119,esp-idf,err-type,component-local
esphome/components/mipi_dsi/mipi_dsi.cpp,133,esp-idf,log,component-local
esphome/components/mipi_dsi/mipi_dsi.cpp,155,esp-idf,err-type,component-local
esphome/components/mipi_dsi/mipi_dsi.cpp,164,freertos,semaphore,component-local
esphome/components/mipi_dsi/mipi_dsi.cpp,170,esp-idf,err-type,component-local
esphome/components/mipi_dsi/mipi_dsi.cpp,193,esp-idf,log,component-local
esphome/components/mipi_dsi/mipi_dsi.cpp,221,esp-idf,err-type,component-local
esphome/components/mipi_dsi/mipi_dsi.cpp,228,freertos,semaphore,component-local
esphome/components/mipi_dsi/mipi_dsi.cpp,234,esp-idf,err-type,component-local
esphome/components/mipi_dsi/mipi_dsi.cpp,237,freertos,semaphore,component-local
esphome/components/mipi_dsi/mipi_dsi.cpp,240,esp-idf,err-type,component-local
esphome/components/mipi_dsi/mipi_dsi.cpp,241,esp-idf,log,component-local
esphome/components/mipi_dsi/mipi_dsi.h,14,esp-idf,include,component-local
esphome/components/mipi_dsi/mipi_dsi.h,15,esp-idf,include,component-local
esphome/components/mipi_dsi/mipi_dsi.h,17,esp-idf,include,component-local
esphome/components/mipi_dsi/mipi_dsi.h,63,esp-idf,err-type,component-local
esphome/components/mipi_dsi/mipi_dsi.h,107,freertos,semaphore,component-local
esphome/components/mipi_rgb/mipi_rgb.cpp,7,esp-idf,include,component-local
esphome/components/mipi_rgb/mipi_rgb.cpp,8,esp-idf,include,component-local
esphome/components/mipi_rgb/mipi_rgb.cpp,88,esp-idf,log,component-local
esphome/components/mipi_rgb/mipi_rgb.cpp,101,esp-idf,log,component-local
esphome/components/mipi_rgb/mipi_rgb.cpp,168,esp-idf,err-type,component-local
esphome/components/mipi_rgb/mipi_rgb.cpp,169,esp-idf,err-type,component-local
esphome/components/mipi_rgb/mipi_rgb.cpp,171,esp-idf,err-type,component-local
esphome/components/mipi_rgb/mipi_rgb.cpp,173,esp-idf,err-type,component-local
esphome/components/mipi_rgb/mipi_rgb.cpp,174,esp-idf,log,component-local
esphome/components/mipi_rgb/mipi_rgb.cpp,197,esp-idf,log,component-local
esphome/components/mipi_rgb/mipi_rgb.cpp,226,esp-idf,err-type,component-local
esphome/components/mipi_rgb/mipi_rgb.cpp,236,esp-idf,err-type,component-local
esphome/components/mipi_rgb/mipi_rgb.cpp,241,esp-idf,err-type,component-local
esphome/components/mipi_rgb/mipi_rgb.cpp,242,esp-idf,log,component-local
esphome/components/mipi_rgb/mipi_rgb.h,6,esp-idf,include,component-local
esphome/components/mipi_spi/display.py,184,esp-idf,i2c-spi,python
esphome/components/mitsubishi/mitsubishi.cpp,173,esp-idf,log,component-local
esphome/components/mitsubishi/mitsubishi.cpp,211,esp-idf,log,component-local
esphome/components/mitsubishi/mitsubishi.cpp,227,esp-idf,log,component-local
esphome/components/mitsubishi/mitsubishi.cpp,254,esp-idf,log,component-local
esphome/components/mitsubishi/mitsubishi.cpp,293,esp-idf,log,component-local
esphome/components/mitsubishi/mitsubishi.cpp,303,esp-idf,log,component-local
esphome/components/mitsubishi/mitsubishi.cpp,314,esp-idf,log,component-local
esphome/components/mitsubishi/mitsubishi.cpp,398,esp-idf,log,component-local
esphome/components/mitsubishi_cn105/mitsubishi_cn105.cpp,92,esp-idf,log,component-local
esphome/components/mitsubishi_cn105/mitsubishi_cn105.cpp,97,esp-idf,log,component-local
esphome/components/mitsubishi_cn105/mitsubishi_cn105.cpp,294,esp-idf,log,component-local
esphome/components/mitsubishi_cn105/mitsubishi_cn105.cpp,298,esp-idf,log,component-local
esphome/components/mitsubishi_cn105/mitsubishi_cn105.cpp,320,esp-idf,log,component-local
esphome/components/mitsubishi_cn105/mitsubishi_cn105.cpp,329,esp-idf,log,component-local
esphome/components/mitsubishi_cn105/mitsubishi_cn105.cpp,335,esp-idf,log,component-local
esphome/components/mitsubishi_cn105/mitsubishi_cn105.cpp,341,esp-idf,log,component-local
esphome/components/mitsubishi_cn105/mitsubishi_cn105.cpp,347,esp-idf,log,component-local
esphome/components/mitsubishi_cn105/mitsubishi_cn105.cpp,399,esp-idf,log,component-local
esphome/components/mitsubishi_cn105/mitsubishi_cn105_climate.cpp,134,esp-idf,log,component-local
esphome/components/mitsubishi_cn105/mitsubishi_cn105_climate.cpp,144,esp-idf,log,component-local
esphome/components/mitsubishi_cn105/mitsubishi_cn105_component.cpp,33,esp-idf,log,component-local
esphome/components/mixer/speaker/mixer_speaker.cpp,64,esp-idf,log,component-local
esphome/components/mixer/speaker/mixer_speaker.cpp,143,esp-idf,err-type,component-local
esphome/components/mixer/speaker/mixer_speaker.cpp,144,esp-idf,err-type,component-local
esphome/components/mixer/speaker/mixer_speaker.cpp,154,esp-idf,err-type,component-local
esphome/components/mixer/speaker/mixer_speaker.cpp,157,esp-idf,err-type,component-local
esphome/components/mixer/speaker/mixer_speaker.cpp,160,esp-idf,err-type,component-local
esphome/components/mixer/speaker/mixer_speaker.cpp,163,esp-idf,err-type,component-local
esphome/components/mixer/speaker/mixer_speaker.cpp,229,freertos,task-delay,component-local
esphome/components/mixer/speaker/mixer_speaker.cpp,247,esp-idf,err-type,component-local
esphome/components/mixer/speaker/mixer_speaker.cpp,261,esp-idf,err-type,component-local
esphome/components/mixer/speaker/mixer_speaker.cpp,268,esp-idf,err-type,component-local
esphome/components/mixer/speaker/mixer_speaker.cpp,361,esp-idf,log,component-local
esphome/components/mixer/speaker/mixer_speaker.cpp,369,esp-idf,log,component-local
esphome/components/mixer/speaker/mixer_speaker.cpp,377,esp-idf,log,component-local
esphome/components/mixer/speaker/mixer_speaker.cpp,382,esp-idf,log,component-local
esphome/components/mixer/speaker/mixer_speaker.cpp,387,esp-idf,log,component-local
esphome/components/mixer/speaker/mixer_speaker.cpp,425,esp-idf,err-type,component-local
esphome/components/mixer/speaker/mixer_speaker.cpp,433,esp-idf,err-type,component-local
esphome/components/mixer/speaker/mixer_speaker.cpp,449,esp-idf,err-type,component-local
esphome/components/mixer/speaker/mixer_speaker.cpp,487,freertos,tick,component-local
esphome/components/mixer/speaker/mixer_speaker.h,16,freertos,include,component-local
esphome/components/mixer/speaker/mixer_speaker.h,95,esp-idf,err-type,component-local
esphome/components/mixer/speaker/mixer_speaker.h,134,esp-idf,err-type,component-local
esphome/components/mk2pvrouter/mk2pvrouter.cpp,27,esp-idf,log,component-local
esphome/components/mk2pvrouter/mk2pvrouter.cpp,52,esp-idf,log,component-local
esphome/components/mk2pvrouter/mk2pvrouter.cpp,60,esp-idf,log,component-local
esphome/components/mk2pvrouter/mk2pvrouter.cpp,73,esp-idf,log,component-local
esphome/components/mk2pvrouter/mk2pvrouter.cpp,80,esp-idf,log,component-local
esphome/components/mk2pvrouter/mk2pvrouter.cpp,100,esp-idf,log,component-local
esphome/components/mk2pvrouter/mk2pvrouter.cpp,141,esp-idf,log,component-local
esphome/components/mk2pvrouter/sensor/mk2pvrouter_sensor.cpp,13,esp-idf,log,component-local
esphome/components/mlx90393/sensor_mlx90393.cpp,36,esp-idf,log,component-local
esphome/components/mlx90393/sensor_mlx90393.cpp,41,esp-idf,log,component-local
esphome/components/mlx90393/sensor_mlx90393.cpp,87,esp-idf,log,component-local
esphome/components/mlx90393/sensor_mlx90393.cpp,125,esp-idf,log,component-local
esphome/components/mlx90393/sensor_mlx90393.cpp,140,esp-idf,log,component-local
esphome/components/mlx90393/sensor_mlx90393.cpp,155,esp-idf,log,component-local
esphome/components/mlx90393/sensor_mlx90393.cpp,224,esp-idf,log,component-local
esphome/components/mlx90393/sensor_mlx90393.cpp,232,esp-idf,log,component-local
esphome/components/mlx90393/sensor_mlx90393.cpp,235,esp-idf,log,component-local
esphome/components/mlx90393/sensor_mlx90393.cpp,251,esp-idf,log,component-local
esphome/components/mlx90393/sensor_mlx90393.cpp,258,esp-idf,log,component-local
esphome/components/mlx90393/sensor_mlx90393.cpp,262,esp-idf,log,component-local
esphome/components/mlx90614/mlx90614.cpp,31,esp-idf,log,component-local
esphome/components/mlx90614/mlx90614.cpp,66,esp-idf,log,component-local
esphome/components/mlx90614/mlx90614.cpp,94,esp-idf,log,component-local
esphome/components/mmc5603/mmc5603.cpp,82,esp-idf,log,component-local
esphome/components/mmc5603/mmc5603.cpp,84,esp-idf,log,component-local
esphome/components/mmc5603/mmc5603.cpp,149,esp-idf,log,component-local
esphome/components/mmc5983/mmc5983.cpp,35,esp-idf,log,component-local
esphome/components/mmc5983/mmc5983.cpp,43,esp-idf,log,component-local
esphome/components/mmc5983/mmc5983.cpp,74,esp-idf,log,component-local
esphome/components/mmc5983/mmc5983.cpp,79,esp-idf,log,component-local
esphome/components/mmc5983/mmc5983.cpp,89,esp-idf,log,component-local
esphome/components/mmc5983/mmc5983.cpp,96,esp-idf,log,component-local
esphome/components/mmc5983/mmc5983.cpp,103,esp-idf,log,component-local
esphome/components/mmc5983/mmc5983.cpp,110,esp-idf,log,component-local
esphome/components/mmc5983/mmc5983.cpp,121,esp-idf,log,component-local
esphome/components/mmc5983/mmc5983.cpp,128,esp-idf,log,component-local
esphome/components/modbus/modbus.cpp,96,esp-idf,log,component-local
esphome/components/modbus/modbus.cpp,185,esp-idf,log,component-local
esphome/components/modbus/modbus.cpp,215,esp-idf,log,component-local
esphome/components/modbus/modbus.cpp,221,esp-idf,log,component-local
esphome/components/modbus/modbus.cpp,275,esp-idf,log,component-local
esphome/components/modbus/modbus.cpp,306,esp-idf,log,component-local
esphome/components/modbus/modbus.cpp,338,esp-idf,log,component-local
esphome/components/modbus/modbus.cpp,348,esp-idf,log,component-local
esphome/components/modbus/modbus.cpp,363,esp-idf,log,component-local
esphome/components/modbus/modbus.cpp,377,esp-idf,log,component-local
esphome/components/modbus/modbus.cpp,381,esp-idf,log,component-local
esphome/components/modbus/modbus.cpp,388,esp-idf,log,component-local
esphome/components/modbus/modbus.cpp,392,esp-idf,log,component-local
esphome/components/modbus/modbus.cpp,394,esp-idf,log,component-local
esphome/components/modbus/modbus.cpp,413,esp-idf,log,component-local
esphome/components/modbus/modbus.cpp,447,esp-idf,log,component-local
esphome/components/modbus/modbus.cpp,465,esp-idf,log,component-local
esphome/components/modbus/modbus.cpp,476,esp-idf,log,component-local
esphome/components/modbus/modbus.cpp,491,esp-idf,log,component-local
esphome/components/modbus/modbus.cpp,543,esp-idf,log,component-local
esphome/components/modbus/modbus.cpp,558,esp-idf,log,component-local
esphome/components/modbus/modbus.cpp,574,esp-idf,log,component-local
esphome/components/modbus/modbus.cpp,582,esp-idf,log,component-local
esphome/components/modbus/modbus.cpp,593,esp-idf,log,component-local
esphome/components/modbus/modbus.cpp,612,esp-idf,log,component-local
esphome/components/modbus/modbus.cpp,731,esp-idf,log,component-local
esphome/components/modbus/modbus.cpp,766,esp-idf,log,component-local
esphome/components/modbus/modbus.cpp,810,esp-idf,log,component-local
esphome/components/modbus/modbus.cpp,829,esp-idf,log,component-local
esphome/components/modbus/modbus.cpp,840,esp-idf,log,component-local
esphome/components/modbus/modbus.cpp,883,esp-idf,log,component-local
esphome/components/modbus/modbus.cpp,900,esp-idf,log,component-local
esphome/components/modbus/modbus.cpp,1062,esp-idf,log,component-local
esphome/components/modbus/modbus.cpp,1067,esp-idf,log,component-local
esphome/components/modbus/modbus.cpp,1072,esp-idf,log,component-local
esphome/components/modbus/modbus.cpp,1078,esp-idf,log,component-local
esphome/components/modbus/modbus.cpp,1086,esp-idf,log,component-local
esphome/components/modbus/modbus.cpp,1102,esp-idf,log,component-local
esphome/components/modbus/modbus.cpp,1104,esp-idf,log,component-local
esphome/components/modbus/modbus.cpp,1113,esp-idf,log,component-local
esphome/components/modbus/modbus.cpp,1118,esp-idf,log,component-local
esphome/components/modbus/modbus.cpp,1122,esp-idf,log,component-local
esphome/components/modbus/modbus.cpp,1126,esp-idf,log,component-local
esphome/components/modbus/modbus.cpp,1138,esp-idf,log,component-local
esphome/components/modbus/modbus.cpp,1145,esp-idf,log,component-local
esphome/components/modbus/modbus.cpp,1174,esp-idf,log,component-local
esphome/components/modbus/modbus.cpp,1186,esp-idf,log,component-local
esphome/components/modbus/modbus.cpp,1203,esp-idf,log,component-local
esphome/components/modbus/modbus.cpp,1211,esp-idf,log,component-local
esphome/components/modbus/modbus.cpp,1221,esp-idf,log,component-local
esphome/components/modbus/modbus.cpp,1224,esp-idf,log,component-local
esphome/components/modbus/modbus.cpp,1272,esp-idf,log,component-local
esphome/components/modbus/modbus.cpp,1387,esp-idf,log,component-local
esphome/components/modbus/modbus.cpp,1390,esp-idf,log,component-local
esphome/components/modbus/modbus_helpers.cpp,211,esp-idf,log,component-local
esphome/components/modbus/modbus_helpers.cpp,221,esp-idf,log,component-local
esphome/components/modbus/modbus_helpers.cpp,232,esp-idf,log,component-local
esphome/components/modbus/modbus_helpers.cpp,302,esp-idf,log,component-local
esphome/components/modbus/modbus_helpers.cpp,372,esp-idf,log,component-local
esphome/components/modbus/modbus_helpers.cpp,376,esp-idf,log,component-local
esphome/components/modbus/modbus_helpers.cpp,384,esp-idf,log,component-local
esphome/components/modbus/modbus_helpers.cpp,391,esp-idf,log,component-local
esphome/components/modbus/modbus_helpers.cpp,399,esp-idf,log,component-local
esphome/components/modbus/modbus_helpers.cpp,405,esp-idf,log,component-local
esphome/components/modbus/modbus_helpers.cpp,418,esp-idf,log,component-local
esphome/components/modbus/modbus_helpers.cpp,432,esp-idf,log,component-local
esphome/components/modbus/modbus_helpers.cpp,438,esp-idf,log,component-local
esphome/components/modbus/modbus_helpers.cpp,442,esp-idf,log,component-local
esphome/components/modbus/modbus_helpers.cpp,451,esp-idf,log,component-local
esphome/components/modbus/modbus_helpers.cpp,456,esp-idf,log,component-local
esphome/components/modbus/modbus_helpers.cpp,464,esp-idf,log,component-local
esphome/components/modbus/modbus_helpers.cpp,470,esp-idf,log,component-local
esphome/components/modbus/modbus_helpers.cpp,483,esp-idf,log,component-local
esphome/components/modbus/modbus_helpers.cpp,504,esp-idf,log,component-local
esphome/components/modbus/modbus_helpers.cpp,508,esp-idf,log,component-local
esphome/components/modbus/modbus_helpers.cpp,587,esp-idf,log,component-local
esphome/components/modbus/modbus_helpers.cpp,591,esp-idf,log,component-local
esphome/components/modbus/modbus_helpers.cpp,595,esp-idf,log,component-local
esphome/components/modbus/modbus_helpers.cpp,600,esp-idf,log,component-local
esphome/components/modbus/modbus_helpers.cpp,625,esp-idf,log,component-local
esphome/components/modbus_controller/binary_sensor/modbus_binarysensor.cpp,30,esp-idf,log,component-local
esphome/components/modbus_controller/modbus_controller.cpp,18,esp-idf,log,component-local
esphome/components/modbus_controller/modbus_controller.cpp,53,esp-idf,log,component-local
esphome/components/modbus_controller/modbus_controller.cpp,83,esp-idf,log,component-local
esphome/components/modbus_controller/modbus_controller.cpp,85,esp-idf,log,component-local
esphome/components/modbus_controller/modbus_controller.cpp,111,esp-idf,log,component-local
esphome/components/modbus_controller/modbus_controller.cpp,206,esp-idf,log,component-local
esphome/components/modbus_controller/modbus_controller.cpp,218,esp-idf,log,component-local
esphome/components/modbus_controller/modbus_controller.cpp,263,esp-idf,log,component-local
esphome/components/modbus_controller/modbus_controller.cpp,272,esp-idf,log,component-local
esphome/components/modbus_controller/modbus_controller.cpp,291,esp-idf,log,component-local
esphome/components/modbus_controller/modbus_controller.cpp,324,esp-idf,log,component-local
esphome/components/modbus_controller/modbus_controller.cpp,330,esp-idf,log,component-local
esphome/components/modbus_controller/modbus_controller.cpp,334,esp-idf,log,component-local
esphome/components/modbus_controller/modbus_controller.cpp,346,esp-idf,log,component-local
esphome/components/modbus_controller/modbus_controller.cpp,376,esp-idf,log,component-local
esphome/components/modbus_controller/modbus_controller.cpp,404,esp-idf,log,component-local
esphome/components/modbus_controller/modbus_controller.cpp,417,esp-idf,log,component-local
esphome/components/modbus_controller/modbus_controller.cpp,434,esp-idf,log,component-local
esphome/components/modbus_controller/modbus_controller.cpp,468,esp-idf,log,component-local
esphome/components/modbus_controller/modbus_controller.cpp,499,esp-idf,log,component-local
esphome/components/modbus_controller/modbus_controller.cpp,509,esp-idf,log,component-local
esphome/components/modbus_controller/modbus_controller.cpp,514,esp-idf,log,component-local
esphome/components/modbus_controller/modbus_controller.cpp,559,esp-idf,log,component-local
esphome/components/modbus_controller/modbus_controller.cpp,562,esp-idf,log,component-local
esphome/components/modbus_controller/modbus_controller.cpp,649,esp-idf,log,component-local
esphome/components/modbus_controller/modbus_controller.cpp,666,esp-idf,log,component-local
esphome/components/modbus_controller/modbus_controller.cpp,698,esp-idf,log,component-local
esphome/components/modbus_controller/modbus_controller.cpp,706,esp-idf,log,component-local
esphome/components/modbus_controller/number/modbus_number.cpp,21,esp-idf,log,component-local
esphome/components/modbus_controller/number/modbus_number.cpp,25,esp-idf,log,component-local
esphome/components/modbus_controller/number/modbus_number.cpp,51,esp-idf,log,component-local
esphome/components/modbus_controller/number/modbus_number.cpp,61,esp-idf,log,component-local
esphome/components/modbus_controller/number/modbus_number.cpp,68,esp-idf,log,component-local
esphome/components/modbus_controller/number/modbus_number.cpp,71,esp-idf,log,component-local
esphome/components/modbus_controller/number/modbus_number.cpp,80,esp-idf,log,component-local
esphome/components/modbus_controller/number/modbus_number.cpp,84,esp-idf,log,component-local
esphome/components/modbus_controller/number/modbus_number.cpp,95,esp-idf,log,component-local
esphome/components/modbus_controller/output/modbus_output.cpp,35,esp-idf,log,component-local
esphome/components/modbus_controller/output/modbus_output.cpp,38,esp-idf,log,component-local
esphome/components/modbus_controller/output/modbus_output.cpp,49,esp-idf,log,component-local
esphome/components/modbus_controller/output/modbus_output.cpp,54,esp-idf,log,component-local
esphome/components/modbus_controller/output/modbus_output.cpp,60,esp-idf,log,component-local
esphome/components/modbus_controller/output/modbus_output.cpp,72,esp-idf,log,component-local
esphome/components/modbus_controller/output/modbus_output.cpp,106,esp-idf,log,component-local
esphome/components/modbus_controller/output/modbus_output.cpp,110,esp-idf,log,component-local
esphome/components/modbus_controller/output/modbus_output.cpp,115,esp-idf,log,component-local
esphome/components/modbus_controller/output/modbus_output.cpp,118,esp-idf,log,component-local
esphome/components/modbus_controller/output/modbus_output.cpp,121,esp-idf,log,component-local
esphome/components/modbus_controller/output/modbus_output.cpp,132,esp-idf,log,component-local
esphome/components/modbus_controller/select/modbus_select.cpp,14,esp-idf,log,component-local
esphome/components/modbus_controller/select/modbus_select.cpp,22,esp-idf,log,component-local
esphome/components/modbus_controller/select/modbus_select.cpp,31,esp-idf,log,component-local
esphome/components/modbus_controller/select/modbus_select.cpp,35,esp-idf,log,component-local
esphome/components/modbus_controller/select/modbus_select.cpp,47,esp-idf,log,component-local
esphome/components/modbus_controller/select/modbus_select.cpp,69,esp-idf,log,component-local
esphome/components/modbus_controller/select/modbus_select.cpp,73,esp-idf,log,component-local
esphome/components/modbus_controller/select/modbus_select.cpp,81,esp-idf,log,component-local
esphome/components/modbus_controller/select/modbus_select.cpp,89,esp-idf,log,component-local
esphome/components/modbus_controller/select/modbus_select.cpp,103,esp-idf,log,component-local
esphome/components/modbus_controller/sensor/modbus_sensor.cpp,20,esp-idf,log,component-local
esphome/components/modbus_controller/sensor/modbus_sensor.cpp,24,esp-idf,log,component-local
esphome/components/modbus_controller/switch/modbus_switch.cpp,52,esp-idf,log,component-local
esphome/components/modbus_controller/switch/modbus_switch.cpp,57,esp-idf,log,component-local
esphome/components/modbus_controller/switch/modbus_switch.cpp,82,esp-idf,log,component-local
esphome/components/modbus_controller/switch/modbus_switch.cpp,86,esp-idf,log,component-local
esphome/components/modbus_controller/switch/modbus_switch.cpp,93,esp-idf,log,component-local
esphome/components/modbus_controller/switch/modbus_switch.cpp,98,esp-idf,log,component-local
esphome/components/modbus_controller/switch/modbus_switch.cpp,101,esp-idf,log,component-local
esphome/components/modbus_controller/switch/modbus_switch.cpp,122,esp-idf,log,component-local
esphome/components/modbus_controller/text_sensor/modbus_textsensor.cpp,52,esp-idf,log,component-local
esphome/components/modbus_server/modbus_server.cpp,32,esp-idf,log,component-local
esphome/components/modbus_server/modbus_server.cpp,51,esp-idf,log,component-local
esphome/components/modbus_server/modbus_server.cpp,57,esp-idf,log,component-local
esphome/components/modbus_server/modbus_server.cpp,64,esp-idf,log,component-local
esphome/components/modbus_server/modbus_server.cpp,77,esp-idf,log,component-local
esphome/components/modbus_server/modbus_server.cpp,86,esp-idf,log,component-local
esphome/components/modbus_server/modbus_server.cpp,92,esp-idf,log,component-local
esphome/components/modbus_server/modbus_server.cpp,102,esp-idf,log,component-local
esphome/components/modbus_server/modbus_server.cpp,118,esp-idf,log,component-local
esphome/components/modbus_server/modbus_server.cpp,167,esp-idf,log,component-local
esphome/components/modbus_server/modbus_server.cpp,179,esp-idf,log,component-local
esphome/components/modbus_server/modbus_server.cpp,197,esp-idf,log,component-local
esphome/components/modbus_server/modbus_server.cpp,209,esp-idf,log,component-local
esphome/components/modbus_server/modbus_server.cpp,214,esp-idf,log,component-local
esphome/components/modbus_server/modbus_server.cpp,223,esp-idf,log,component-local
esphome/components/modbus_server/modbus_server.cpp,239,esp-idf,log,component-local
esphome/components/modbus_server/modbus_server.cpp,253,esp-idf,log,component-local
esphome/components/modbus_server/modbus_server.cpp,257,esp-idf,log,component-local
esphome/components/mopeka_ble/mopeka_ble.cpp,63,esp-idf,log,component-local
esphome/components/mopeka_ble/mopeka_ble.cpp,79,esp-idf,log,component-local
esphome/components/mopeka_pro_check/mopeka_pro_check.cpp,37,esp-idf,log,component-local
esphome/components/mopeka_pro_check/mopeka_pro_check.cpp,49,esp-idf,log,component-local
esphome/components/mopeka_pro_check/mopeka_pro_check.cpp,59,esp-idf,log,component-local
esphome/components/mopeka_pro_check/mopeka_pro_check.cpp,78,esp-idf,log,component-local
esphome/components/mopeka_pro_check/mopeka_pro_check.cpp,92,esp-idf,log,component-local
esphome/components/mopeka_std_check/mopeka_std_check.cpp,61,esp-idf,log,component-local
esphome/components/mopeka_std_check/mopeka_std_check.cpp,74,esp-idf,log,component-local
esphome/components/mopeka_std_check/mopeka_std_check.cpp,84,esp-idf,log,component-local
esphome/components/mopeka_std_check/mopeka_std_check.cpp,165,esp-idf,log,component-local
esphome/components/mopeka_std_check/mopeka_std_check.cpp,170,esp-idf,log,component-local
esphome/components/mopeka_std_check/mopeka_std_check.cpp,179,esp-idf,log,component-local
esphome/components/motion/motion_component.cpp,34,esp-idf,log,component-local
esphome/components/motion/motion_component.cpp,36,esp-idf,log,component-local
esphome/components/motion/motion_component.cpp,46,esp-idf,log,component-local
esphome/components/motion/motion_component.cpp,53,esp-idf,log,component-local
esphome/components/motion/motion_component.cpp,56,esp-idf,log,component-local
esphome/components/motion/motion_component.cpp,61,esp-idf,log,component-local
esphome/components/motion/motion_component.cpp,75,esp-idf,log,component-local
esphome/components/motion/motion_component.cpp,83,esp-idf,log,component-local
esphome/components/motion/motion_component.cpp,96,esp-idf,log,component-local
esphome/components/motion/motion_component.cpp,109,esp-idf,log,component-local
esphome/components/motion/motion_component.cpp,143,esp-idf,log,component-local
esphome/components/motion/motion_component.cpp,152,esp-idf,log,component-local
esphome/components/motion/motion_component.cpp,164,esp-idf,log,component-local
esphome/components/motion/motion_component.cpp,188,esp-idf,log,component-local
esphome/components/mpl3115a2/mpl3115a2.cpp,38,esp-idf,log,component-local
esphome/components/mpl3115a2/mpl3115a2.cpp,41,esp-idf,log,component-local
esphome/components/mpl3115a2/mpl3115a2.cpp,44,esp-idf,log,component-local
esphome/components/mpl3115a2/mpl3115a2.cpp,91,esp-idf,log,component-local
esphome/components/mpr121/mpr121.cpp,75,esp-idf,log,component-local
esphome/components/mpu6050/mpu6050.cpp,30,esp-idf,log,component-local
esphome/components/mpu6050/mpu6050.cpp,37,esp-idf,log,component-local
esphome/components/mpu6050/mpu6050.cpp,45,esp-idf,log,component-local
esphome/components/mpu6050/mpu6050.cpp,51,esp-idf,log,component-local
esphome/components/mpu6050/mpu6050.cpp,58,esp-idf,log,component-local
esphome/components/mpu6050/mpu6050.cpp,61,esp-idf,log,component-local
esphome/components/mpu6050/mpu6050.cpp,67,esp-idf,log,component-local
esphome/components/mpu6050/mpu6050.cpp,74,esp-idf,log,component-local
esphome/components/mpu6050/mpu6050.cpp,77,esp-idf,log,component-local
esphome/components/mpu6050/mpu6050.cpp,87,esp-idf,log,component-local
esphome/components/mpu6050/mpu6050.cpp,100,esp-idf,log,component-local
esphome/components/mpu6050/mpu6050.cpp,118,esp-idf,log,component-local
esphome/components/mpu6886/mpu6886.cpp,34,esp-idf,log,component-local
esphome/components/mpu6886/mpu6886.cpp,41,esp-idf,log,component-local
esphome/components/mpu6886/mpu6886.cpp,49,esp-idf,log,component-local
esphome/components/mpu6886/mpu6886.cpp,55,esp-idf,log,component-local
esphome/components/mpu6886/mpu6886.cpp,62,esp-idf,log,component-local
esphome/components/mpu6886/mpu6886.cpp,65,esp-idf,log,component-local
esphome/components/mpu6886/mpu6886.cpp,71,esp-idf,log,component-local
esphome/components/mpu6886/mpu6886.cpp,78,esp-idf,log,component-local
esphome/components/mpu6886/mpu6886.cpp,81,esp-idf,log,component-local
esphome/components/mpu6886/mpu6886.cpp,92,esp-idf,log,component-local
esphome/components/mpu6886/mpu6886.cpp,105,esp-idf,log,component-local
esphome/components/mpu6886/mpu6886.cpp,123,esp-idf,log,component-local
esphome/components/mqtt/mqtt_alarm_control_panel.cpp,62,esp-idf,log,component-local
esphome/components/mqtt/mqtt_alarm_control_panel.cpp,64,esp-idf,log,component-local
esphome/components/mqtt/mqtt_alarm_control_panel.cpp,73,esp-idf,log,component-local
esphome/components/mqtt/mqtt_backend.h,45,arduino,ipaddress,component-local
esphome/components/mqtt/mqtt_backend_esp32.cpp,64,freertos,task-create,component-local
esphome/components/mqtt/mqtt_backend_esp32.cpp,66,esp-idf,log,component-local
esphome/components/mqtt/mqtt_backend_esp32.cpp,77,esp-idf,log,component-local
esphome/components/mqtt/mqtt_backend_esp32.cpp,94,esp-idf,log,component-local
esphome/components/mqtt/mqtt_backend_esp32.cpp,111,esp-idf,log,component-local
esphome/components/mqtt/mqtt_backend_esp32.cpp,119,esp-idf,log,component-local
esphome/components/mqtt/mqtt_backend_esp32.cpp,122,esp-idf,log,component-local
esphome/components/mqtt/mqtt_backend_esp32.cpp,126,esp-idf,log,component-local
esphome/components/mqtt/mqtt_backend_esp32.cpp,130,freertos,task-notify,component-local
esphome/components/mqtt/mqtt_backend_esp32.cpp,135,esp-idf,log,component-local
esphome/components/mqtt/mqtt_backend_esp32.cpp,140,freertos,task-notify,component-local
esphome/components/mqtt/mqtt_backend_esp32.cpp,146,esp-idf,log,component-local
esphome/components/mqtt/mqtt_backend_esp32.cpp,151,esp-idf,log,component-local
esphome/components/mqtt/mqtt_backend_esp32.cpp,155,esp-idf,log,component-local
esphome/components/mqtt/mqtt_backend_esp32.cpp,166,esp-idf,log,component-local
esphome/components/mqtt/mqtt_backend_esp32.cpp,171,esp-idf,log,component-local
esphome/components/mqtt/mqtt_backend_esp32.cpp,173,esp-idf,log,component-local
esphome/components/mqtt/mqtt_backend_esp32.cpp,177,esp-idf,log,component-local
esphome/components/mqtt/mqtt_backend_esp32.cpp,179,esp-idf,log,component-local
esphome/components/mqtt/mqtt_backend_esp32.cpp,183,esp-idf,log,component-local
esphome/components/mqtt/mqtt_backend_esp32.cpp,216,freertos,task-notify,component-local
esphome/components/mqtt/mqtt_backend_esp32.cpp,237,esp-idf,log,component-local
esphome/components/mqtt/mqtt_backend_esp32.h,10,freertos,include,component-local
esphome/components/mqtt/mqtt_backend_esp32.h,11,freertos,include,component-local
esphome/components/mqtt/mqtt_backend_esp32.h,148,arduino,ipaddress,component-local
esphome/components/mqtt/mqtt_backend_esp32.h,264,freertos,handle-type,component-local
esphome/components/mqtt/mqtt_backend_esp8266.h,22,arduino,ipaddress,component-local
esphome/components/mqtt/mqtt_backend_libretiny.h,22,arduino,ipaddress,component-local
esphome/components/mqtt/mqtt_button.cpp,22,esp-idf,log,component-local
esphome/components/mqtt/mqtt_client.cpp,16,lwip,include,component-local
esphome/components/mqtt/mqtt_client.cpp,17,lwip,include,component-local
esphome/components/mqtt/mqtt_client.cpp,236,lwip,addr-type,component-local
esphome/components/mqtt/mqtt_client.cpp,241,lwip,dns,component-local
esphome/components/mqtt/mqtt_client.cpp,244,lwip,dns,component-local
esphome/components/mqtt/mqtt_client.cpp,252,arduino,ipaddress,component-local
esphome/components/mqtt/mqtt_client.cpp,258,esp-idf,log,component-local
esphome/components/mqtt/mqtt_client.cpp,264,esp-idf,log,component-local
esphome/components/mqtt/mqtt_client.cpp,278,esp-idf,log,component-local
esphome/components/mqtt/mqtt_client.cpp,290,esp-idf,log,component-local
esphome/components/mqtt/mqtt_client.cpp,294,lwip,addr-type,component-local
esphome/components/mqtt/mqtt_client.cpp,296,lwip,addr-type,component-local
esphome/components/mqtt/mqtt_client.cpp,302,arduino,ipaddress,component-local
esphome/components/mqtt/mqtt_client.cpp,311,esp-idf,log,component-local
esphome/components/mqtt/mqtt_client.cpp,352,esp-idf,log,component-local
esphome/components/mqtt/mqtt_client.cpp,373,esp-idf,log,component-local
esphome/components/mqtt/mqtt_client.cpp,396,esp-idf,log,component-local
esphome/components/mqtt/mqtt_client.cpp,423,esp-idf,log,component-local
esphome/components/mqtt/mqtt_client.cpp,438,esp-idf,log,component-local
esphome/components/mqtt/mqtt_client.cpp,441,esp-idf,log,component-local
esphome/components/mqtt/mqtt_client.cpp,498,esp-idf,log,component-local
esphome/components/mqtt/mqtt_client.cpp,501,esp-idf,log,component-local
esphome/components/mqtt/mqtt_client.cpp,552,esp-idf,log,component-local
esphome/components/mqtt/mqtt_client.cpp,555,esp-idf,log,component-local
esphome/components/mqtt/mqtt_client.cpp,570,esp-idf,log,component-local
esphome/components/mqtt/mqtt_client.cpp,579,esp-idf,log,component-local
esphome/components/mqtt/mqtt_client.h,23,lwip,include,component-local
esphome/components/mqtt/mqtt_client.h,278,lwip,addr-type,component-local
esphome/components/mqtt/mqtt_client.h,280,lwip,addr-type,component-local
esphome/components/mqtt/mqtt_client.h,326,arduino,ipaddress,component-local
esphome/components/mqtt/mqtt_climate.cpp,224,esp-idf,log,component-local
esphome/components/mqtt/mqtt_climate.cpp,235,esp-idf,log,component-local
esphome/components/mqtt/mqtt_climate.cpp,247,esp-idf,log,component-local
esphome/components/mqtt/mqtt_climate.cpp,261,esp-idf,log,component-local
esphome/components/mqtt/mqtt_component.cpp,189,esp-idf,log,component-local
esphome/components/mqtt/mqtt_component.cpp,193,esp-idf,log,component-local
esphome/components/mqtt/mqtt_cover.cpp,43,esp-idf,log,component-local
esphome/components/mqtt/mqtt_cover.cpp,55,esp-idf,log,component-local
esphome/components/mqtt/mqtt_fan.cpp,35,esp-idf,log,component-local
esphome/components/mqtt/mqtt_fan.cpp,39,esp-idf,log,component-local
esphome/components/mqtt/mqtt_fan.cpp,43,esp-idf,log,component-local
esphome/components/mqtt/mqtt_fan.cpp,48,esp-idf,log,component-local
esphome/components/mqtt/mqtt_fan.cpp,59,esp-idf,log,component-local
esphome/components/mqtt/mqtt_fan.cpp,63,esp-idf,log,component-local
esphome/components/mqtt/mqtt_fan.cpp,73,esp-idf,log,component-local
esphome/components/mqtt/mqtt_fan.cpp,86,esp-idf,log,component-local
esphome/components/mqtt/mqtt_fan.cpp,90,esp-idf,log,component-local
esphome/components/mqtt/mqtt_fan.cpp,97,esp-idf,log,component-local
esphome/components/mqtt/mqtt_fan.cpp,111,esp-idf,log,component-local
esphome/components/mqtt/mqtt_fan.cpp,114,esp-idf,log,component-local
esphome/components/mqtt/mqtt_fan.cpp,118,esp-idf,log,component-local
esphome/components/mqtt/mqtt_fan.cpp,171,esp-idf,log,component-local
esphome/components/mqtt/mqtt_lock.cpp,27,esp-idf,log,component-local
esphome/components/mqtt/mqtt_number.cpp,25,esp-idf,log,component-local
esphome/components/mqtt/mqtt_switch.cpp,31,esp-idf,log,component-local
esphome/components/mqtt/mqtt_update.cpp,22,esp-idf,log,component-local
esphome/components/mqtt/mqtt_valve.cpp,43,esp-idf,log,component-local
esphome/components/mqtt_subscribe/sensor/mqtt_subscribe_sensor.cpp,17,esp-idf,log,component-local
esphome/components/ms5611/ms5611.cpp,34,esp-idf,log,component-local
esphome/components/ms5611/ms5611.cpp,116,esp-idf,log,component-local
esphome/components/ms8607/ms8607.cpp,80,esp-idf,log,component-local
esphome/components/ms8607/ms8607.cpp,88,esp-idf,log,component-local
esphome/components/ms8607/ms8607.cpp,142,esp-idf,log,component-local
esphome/components/ms8607/ms8607.cpp,145,esp-idf,log,component-local
esphome/components/ms8607/ms8607.cpp,148,esp-idf,log,component-local
esphome/components/ms8607/ms8607.cpp,151,esp-idf,log,component-local
esphome/components/ms8607/ms8607.cpp,154,esp-idf,log,component-local
esphome/components/ms8607/ms8607.cpp,157,esp-idf,log,component-local
esphome/components/ms8607/ms8607.cpp,161,esp-idf,log,component-local
esphome/components/ms8607/ms8607.cpp,172,esp-idf,log,component-local
esphome/components/ms8607/ms8607.cpp,183,esp-idf,log,component-local
esphome/components/ms8607/ms8607.cpp,188,esp-idf,log,component-local
esphome/components/ms8607/ms8607.cpp,194,esp-idf,log,component-local
esphome/components/ms8607/ms8607.cpp,205,esp-idf,log,component-local
esphome/components/ms8607/ms8607.cpp,290,esp-idf,log,component-local
esphome/components/ms8607/ms8607.cpp,302,esp-idf,log,component-local
esphome/components/ms8607/ms8607.cpp,313,esp-idf,log,component-local
esphome/components/ms8607/ms8607.cpp,320,esp-idf,log,component-local
esphome/components/ms8607/ms8607.cpp,329,esp-idf,log,component-local
esphome/components/ms8607/ms8607.cpp,394,esp-idf,log,component-local
esphome/components/msa3xx/msa3xx.cpp,122,esp-idf,log,component-local
esphome/components/msa3xx/msa3xx.cpp,140,esp-idf,log,component-local
esphome/components/msa3xx/msa3xx.cpp,159,esp-idf,log,component-local
esphome/components/msa3xx/msa3xx.cpp,252,esp-idf,log,component-local
esphome/components/msa3xx/msa3xx.cpp,255,esp-idf,log,component-local
esphome/components/msa3xx/msa3xx.cpp,258,esp-idf,log,component-local
esphome/components/msa3xx/msa3xx.cpp,261,esp-idf,log,component-local
esphome/components/msa3xx/msa3xx.cpp,359,esp-idf,log,component-local
esphome/components/msa3xx/msa3xx.cpp,372,esp-idf,log,component-local
esphome/components/my9231/my9231.cpp,51,esp-idf,log,component-local
esphome/components/my9231/my9231.cpp,84,esp-idf,log,component-local
esphome/components/nau7802/nau7802.cpp,59,esp-idf,log,component-local
esphome/components/nau7802/nau7802.cpp,63,esp-idf,log,component-local
esphome/components/nau7802/nau7802.cpp,75,esp-idf,log,component-local
esphome/components/nau7802/nau7802.cpp,128,esp-idf,log,component-local
esphome/components/nau7802/nau7802.cpp,243,esp-idf,log,component-local
esphome/components/nau7802/nau7802.cpp,279,esp-idf,log,component-local
esphome/components/nau7802/nau7802.cpp,291,esp-idf,log,component-local
esphome/components/nau7802/nau7802.cpp,294,esp-idf,log,component-local
esphome/components/nau7802/nau7802.cpp,300,esp-idf,log,component-local
esphome/components/nau7802/nau7802.cpp,310,esp-idf,log,component-local
esphome/components/neopixelbus/neopixelbus_light.h,3,arduino,guard,component-local
esphome/components/neopixelbus/neopixelbus_light.h,144,arduino,guard,component-local
esphome/components/network/__init__.py,67,esp-idf,wifi,python
esphome/components/network/__init__.py,90,arduino,ipaddress,python
esphome/components/network/__init__.py,108,arduino,ipaddress,python
esphome/components/network/__init__.py,111,arduino,ipaddress,python
esphome/components/network/__init__.py,112,arduino,ipaddress,python
esphome/components/network/__init__.py,119,arduino,ipaddress,python
esphome/components/network/__init__.py,122,arduino,ipaddress,python
esphome/components/network/__init__.py,134,arduino,ipaddress,python
esphome/components/network/__init__.py,135,arduino,ipaddress,python
esphome/components/network/__init__.py,138,arduino,ipaddress,python
esphome/components/network/ip_address.h,13,lwip,include,component-local
esphome/components/network/ip_address.h,15,arduino,guard,component-local
esphome/components/network/ip_address.h,16,arduino,include,component-local
esphome/components/network/ip_address.h,17,arduino,ipaddress,component-local
esphome/components/network/ip_address.h,23,lwip,addr-type,component-local
esphome/components/network/ip_address.h,24,lwip,addr-type,component-local
esphome/components/network/ip_address.h,25,lwip,addr-type,component-local
esphome/components/network/ip_address.h,33,lwip,addr-type,component-local
esphome/components/network/ip_address.h,48,lwip,addr-type,component-local
esphome/components/network/ip_address.h,49,lwip,addr-type,component-local
esphome/components/network/ip_address.h,58,lwip,addr-type,component-local
esphome/components/network/ip_address.h,59,lwip,addr-type,component-local
esphome/components/network/ip_address.h,66,arduino,guard,component-local
esphome/components/network/ip_address.h,71,esp-idf,include,component-local
esphome/components/network/ip_address.h,87,arduino,ipaddress,component-local
esphome/components/network/ip_address.h,90,arduino,ipaddress,component-local
esphome/components/network/ip_address.h,91,arduino,ipaddress,component-local
esphome/components/network/ip_address.h,92,arduino,ipaddress,component-local
esphome/components/network/ip_address.h,93,arduino,ipaddress,component-local
esphome/components/network/ip_address.h,106,arduino,ipaddress,component-local
esphome/components/network/ip_address.h,107,arduino,ipaddress,component-local
esphome/components/network/ip_address.h,111,arduino,ipaddress,component-local
esphome/components/network/ip_address.h,112,arduino,ipaddress,component-local
esphome/components/network/ip_address.h,118,arduino,ipaddress,component-local
esphome/components/network/ip_address.h,122,arduino,ipaddress,component-local
esphome/components/network/ip_address.h,123,arduino,ipaddress,component-local
esphome/components/network/ip_address.h,123,lwip,addr-type,component-local
esphome/components/network/ip_address.h,124,arduino,ipaddress,component-local
esphome/components/network/ip_address.h,124,lwip,addr-type,component-local
esphome/components/network/ip_address.h,129,arduino,ipaddress,component-local
esphome/components/network/ip_address.h,129,lwip,addr-type,component-local
esphome/components/network/ip_address.h,134,lwip,addr-type,component-local
esphome/components/network/ip_address.h,168,arduino,ipaddress,component-local
esphome/components/network/ip_address.h,177,arduino,ipaddress,component-local
esphome/components/network/ip_address.h,178,arduino,ipaddress,component-local
esphome/components/network/ip_address.h,185,arduino,ipaddress,component-local
esphome/components/network/ip_address.h,186,arduino,ipaddress,component-local
esphome/components/network/ip_address.h,189,arduino,ipaddress,component-local
esphome/components/network/ip_address.h,190,arduino,ipaddress,component-local
esphome/components/network/ip_address.h,190,lwip,addr-type,component-local
esphome/components/network/ip_address.h,200,arduino,ipaddress,component-local
esphome/components/network/ip_address.h,201,arduino,ipaddress,component-local
esphome/components/network/ip_address.h,204,arduino,ipaddress,component-local
esphome/components/network/ip_address.h,204,lwip,addr-type,component-local
esphome/components/network/ip_address.h,205,arduino,ipaddress,component-local
esphome/components/network/ip_address.h,206,arduino,ipaddress,component-local
esphome/components/network/ip_address.h,207,arduino,ipaddress,component-local
esphome/components/network/ip_address.h,207,lwip,addr-type,component-local
esphome/components/network/ip_address.h,208,lwip,addr-type,component-local
esphome/components/network/ip_address.h,213,arduino,guard,component-local
esphome/components/network/ip_address.h,214,arduino,ipaddress,component-local
esphome/components/network/ip_address.h,217,arduino,ipaddress,component-local
esphome/components/network/ip_address.h,217,lwip,addr-type,component-local
esphome/components/network/ip_address.h,218,lwip,addr-type,component-local
esphome/components/network/ip_address.h,225,arduino,ipaddress,component-local
esphome/components/network/ip_address.h,230,arduino,ipaddress,component-local
esphome/components/network/ip_address.h,236,arduino,ipaddress,component-local
esphome/components/network/ip_address.h,263,lwip,addr-type,component-local
esphome/components/network/ip_address.h,265,lwip,addr-type,component-local
esphome/components/network/ip_address.h,268,arduino,guard,component-local
esphome/components/network/ip_address.h,269,arduino,ipaddress,component-local
esphome/components/network/ip_address.h,283,arduino,ipaddress,component-local
esphome/components/network/ip_address.h,284,arduino,ipaddress,component-local
esphome/components/network/ip_address.h,285,arduino,ipaddress,component-local
esphome/components/network/ip_address.h,298,lwip,addr-type,component-local
esphome/components/network/ip_address.h,301,arduino,ipaddress,component-local
esphome/components/network/network_component.cpp,6,esp-idf,include,component-local
esphome/components/network/network_component.cpp,7,esp-idf,include,component-local
esphome/components/network/network_component.cpp,8,esp-idf,include,component-local
esphome/components/network/network_component.cpp,9,lwip,include,component-local
esphome/components/network/network_component.cpp,14,esp-idf,include,component-local
esphome/components/network/network_component.cpp,15,lwip,include,component-local
esphome/components/network/network_component.cpp,30,esp-idf,err-type,component-local
esphome/components/network/network_component.cpp,31,esp-idf,wifi,component-local
esphome/components/network/network_component.cpp,32,esp-idf,err-type,component-local
esphome/components/network/network_component.cpp,33,esp-idf,log,component-local
esphome/components/network/network_component.cpp,40,esp-idf,err-type,component-local
esphome/components/network/network_component.cpp,41,esp-idf,log,component-local
esphome/components/network/network_component.cpp,112,esp-idf,wifi,component-local
esphome/components/network/network_component.cpp,117,esp-idf,err-type,component-local
esphome/components/network/network_component.cpp,117,esp-idf,wifi,component-local
esphome/components/network/network_component.cpp,118,esp-idf,err-type,component-local
esphome/components/network/network_component.cpp,119,esp-idf,log,component-local
esphome/components/network/network_component.cpp,128,esp-idf,log,component-local
esphome/components/network/network_component.cpp,128,esp-idf,wifi,component-local
esphome/components/nextion/binary_sensor/nextion_binarysensor.cpp,18,esp-idf,log,component-local
esphome/components/nextion/binary_sensor/nextion_binarysensor.cpp,63,esp-idf,log,component-local
esphome/components/nextion/nextion.cpp,42,esp-idf,log,component-local
esphome/components/nextion/nextion.cpp,47,esp-idf,log,component-local
esphome/components/nextion/nextion.cpp,71,esp-idf,log,component-local
esphome/components/nextion/nextion.cpp,99,esp-idf,log,component-local
esphome/components/nextion/nextion.cpp,104,esp-idf,log,component-local
esphome/components/nextion/nextion.cpp,106,esp-idf,log,component-local
esphome/components/nextion/nextion.cpp,110,esp-idf,log,component-local
esphome/components/nextion/nextion.cpp,116,esp-idf,log,component-local
esphome/components/nextion/nextion.cpp,119,esp-idf,log,component-local
esphome/components/nextion/nextion.cpp,155,esp-idf,log,component-local
esphome/components/nextion/nextion.cpp,157,esp-idf,log,component-local
esphome/components/nextion/nextion.cpp,295,esp-idf,log,component-local
esphome/components/nextion/nextion.cpp,305,esp-idf,log,component-local
esphome/components/nextion/nextion.cpp,306,esp-idf,log,component-local
esphome/components/nextion/nextion.cpp,313,esp-idf,log,component-local
esphome/components/nextion/nextion.cpp,315,esp-idf,log,component-local
esphome/components/nextion/nextion.cpp,319,esp-idf,log,component-local
esphome/components/nextion/nextion.cpp,366,esp-idf,log,component-local
esphome/components/nextion/nextion.cpp,394,esp-idf,log,component-local
esphome/components/nextion/nextion.cpp,416,esp-idf,log,component-local
esphome/components/nextion/nextion.cpp,423,esp-idf,log,component-local
esphome/components/nextion/nextion.cpp,429,esp-idf,log,component-local
esphome/components/nextion/nextion.cpp,469,esp-idf,log,component-local
esphome/components/nextion/nextion.cpp,477,esp-idf,log,component-local
esphome/components/nextion/nextion.cpp,481,esp-idf,log,component-local
esphome/components/nextion/nextion.cpp,485,esp-idf,log,component-local
esphome/components/nextion/nextion.cpp,495,esp-idf,log,component-local
esphome/components/nextion/nextion.cpp,502,esp-idf,log,component-local
esphome/components/nextion/nextion.cpp,513,esp-idf,log,component-local
esphome/components/nextion/nextion.cpp,517,esp-idf,log,component-local
esphome/components/nextion/nextion.cpp,521,esp-idf,log,component-local
esphome/components/nextion/nextion.cpp,525,esp-idf,log,component-local
esphome/components/nextion/nextion.cpp,529,esp-idf,log,component-local
esphome/components/nextion/nextion.cpp,532,esp-idf,log,component-local
esphome/components/nextion/nextion.cpp,535,esp-idf,log,component-local
esphome/components/nextion/nextion.cpp,540,esp-idf,log,component-local
esphome/components/nextion/nextion.cpp,544,esp-idf,log,component-local
esphome/components/nextion/nextion.cpp,546,esp-idf,log,component-local
esphome/components/nextion/nextion.cpp,551,esp-idf,log,component-local
esphome/components/nextion/nextion.cpp,555,esp-idf,log,component-local
esphome/components/nextion/nextion.cpp,559,esp-idf,log,component-local
esphome/components/nextion/nextion.cpp,563,esp-idf,log,component-local
esphome/components/nextion/nextion.cpp,567,esp-idf,log,component-local
esphome/components/nextion/nextion.cpp,570,esp-idf,log,component-local
esphome/components/nextion/nextion.cpp,574,esp-idf,log,component-local
esphome/components/nextion/nextion.cpp,577,esp-idf,log,component-local
esphome/components/nextion/nextion.cpp,581,esp-idf,log,component-local
esphome/components/nextion/nextion.cpp,586,esp-idf,log,component-local
esphome/components/nextion/nextion.cpp,591,esp-idf,log,component-local
esphome/components/nextion/nextion.cpp,598,esp-idf,log,component-local
esphome/components/nextion/nextion.cpp,609,esp-idf,log,component-local
esphome/components/nextion/nextion.cpp,614,esp-idf,log,component-local
esphome/components/nextion/nextion.cpp,624,esp-idf,log,component-local
esphome/components/nextion/nextion.cpp,625,esp-idf,log,component-local
esphome/components/nextion/nextion.cpp,632,esp-idf,log,component-local
esphome/components/nextion/nextion.cpp,643,esp-idf,log,component-local
esphome/components/nextion/nextion.cpp,649,esp-idf,log,component-local
esphome/components/nextion/nextion.cpp,656,esp-idf,log,component-local
esphome/components/nextion/nextion.cpp,658,esp-idf,log,component-local
esphome/components/nextion/nextion.cpp,676,esp-idf,log,component-local
esphome/components/nextion/nextion.cpp,681,esp-idf,log,component-local
esphome/components/nextion/nextion.cpp,689,esp-idf,log,component-local
esphome/components/nextion/nextion.cpp,698,esp-idf,log,component-local
esphome/components/nextion/nextion.cpp,701,esp-idf,log,component-local
esphome/components/nextion/nextion.cpp,728,esp-idf,log,component-local
esphome/components/nextion/nextion.cpp,747,esp-idf,log,component-local
esphome/components/nextion/nextion.cpp,748,esp-idf,log,component-local
esphome/components/nextion/nextion.cpp,755,esp-idf,log,component-local
esphome/components/nextion/nextion.cpp,777,esp-idf,log,component-local
esphome/components/nextion/nextion.cpp,778,esp-idf,log,component-local
esphome/components/nextion/nextion.cpp,788,esp-idf,log,component-local
esphome/components/nextion/nextion.cpp,814,esp-idf,log,component-local
esphome/components/nextion/nextion.cpp,815,esp-idf,log,component-local
esphome/components/nextion/nextion.cpp,825,esp-idf,log,component-local
esphome/components/nextion/nextion.cpp,853,esp-idf,log,component-local
esphome/components/nextion/nextion.cpp,854,esp-idf,log,component-local
esphome/components/nextion/nextion.cpp,861,esp-idf,log,component-local
esphome/components/nextion/nextion.cpp,883,esp-idf,log,component-local
esphome/components/nextion/nextion.cpp,890,esp-idf,log,component-local
esphome/components/nextion/nextion.cpp,896,esp-idf,log,component-local
esphome/components/nextion/nextion.cpp,901,esp-idf,log,component-local
esphome/components/nextion/nextion.cpp,908,esp-idf,log,component-local
esphome/components/nextion/nextion.cpp,920,esp-idf,log,component-local
esphome/components/nextion/nextion.cpp,945,esp-idf,log,component-local
esphome/components/nextion/nextion.cpp,976,esp-idf,log,component-local
esphome/components/nextion/nextion.cpp,982,esp-idf,log,component-local
esphome/components/nextion/nextion.cpp,993,esp-idf,log,component-local
esphome/components/nextion/nextion.cpp,1095,esp-idf,log,component-local
esphome/components/nextion/nextion.cpp,1103,esp-idf,log,component-local
esphome/components/nextion/nextion.cpp,1111,esp-idf,log,component-local
esphome/components/nextion/nextion.cpp,1122,esp-idf,log,component-local
esphome/components/nextion/nextion.cpp,1158,esp-idf,log,component-local
esphome/components/nextion/nextion.cpp,1166,esp-idf,log,component-local
esphome/components/nextion/nextion.cpp,1173,esp-idf,log,component-local
esphome/components/nextion/nextion.cpp,1198,esp-idf,log,component-local
esphome/components/nextion/nextion.cpp,1223,esp-idf,log,component-local
esphome/components/nextion/nextion.cpp,1303,esp-idf,log,component-local
esphome/components/nextion/nextion.cpp,1312,esp-idf,log,component-local
esphome/components/nextion/nextion.cpp,1320,esp-idf,log,component-local
esphome/components/nextion/nextion.cpp,1355,esp-idf,log,component-local
esphome/components/nextion/nextion.cpp,1364,esp-idf,log,component-local
esphome/components/nextion/nextion.h,22,esp-idf,include,component-local
esphome/components/nextion/nextion_base.h,14,esp-idf,log,component-local
esphome/components/nextion/nextion_base.h,16,esp-idf,log,component-local
esphome/components/nextion/nextion_base.h,19,esp-idf,log,component-local
esphome/components/nextion/nextion_commands.cpp,41,esp-idf,log,component-local
esphome/components/nextion/nextion_commands.cpp,180,esp-idf,log,component-local
esphome/components/nextion/nextion_upload.cpp,13,esp-idf,log,component-local
esphome/components/nextion/nextion_upload.cpp,20,esp-idf,log,component-local
esphome/components/nextion/nextion_upload.cpp,27,esp-idf,log,component-local
esphome/components/nextion/nextion_upload_arduino.cpp,31,esp-idf,log,component-local
esphome/components/nextion/nextion_upload_arduino.cpp,33,esp-idf,log,component-local
esphome/components/nextion/nextion_upload_arduino.cpp,35,esp-idf,log,component-local
esphome/components/nextion/nextion_upload_arduino.cpp,41,esp-idf,log,component-local
esphome/components/nextion/nextion_upload_arduino.cpp,45,esp-idf,log,component-local
esphome/components/nextion/nextion_upload_arduino.cpp,53,esp-idf,log,component-local
esphome/components/nextion/nextion_upload_arduino.cpp,62,esp-idf,log,component-local
esphome/components/nextion/nextion_upload_arduino.cpp,79,esp-idf,log,component-local
esphome/components/nextion/nextion_upload_arduino.cpp,85,esp-idf,log,component-local
esphome/components/nextion/nextion_upload_arduino.cpp,111,esp-idf,log,component-local
esphome/components/nextion/nextion_upload_arduino.cpp,120,esp-idf,log,component-local
esphome/components/nextion/nextion_upload_arduino.cpp,124,esp-idf,log,component-local
esphome/components/nextion/nextion_upload_arduino.cpp,131,esp-idf,log,component-local
esphome/components/nextion/nextion_upload_arduino.cpp,139,esp-idf,log,component-local
esphome/components/nextion/nextion_upload_arduino.cpp,151,esp-idf,log,component-local
esphome/components/nextion/nextion_upload_arduino.cpp,162,esp-idf,log,component-local
esphome/components/nextion/nextion_upload_arduino.cpp,165,esp-idf,log,component-local
esphome/components/nextion/nextion_upload_arduino.cpp,177,esp-idf,log,component-local
esphome/components/nextion/nextion_upload_arduino.cpp,180,esp-idf,log,component-local
esphome/components/nextion/nextion_upload_arduino.cpp,185,esp-idf,log,component-local
esphome/components/nextion/nextion_upload_arduino.cpp,192,esp-idf,log,component-local
esphome/components/nextion/nextion_upload_arduino.cpp,194,esp-idf,log,component-local
esphome/components/nextion/nextion_upload_arduino.cpp,204,esp-idf,log,component-local
esphome/components/nextion/nextion_upload_arduino.cpp,207,esp-idf,log,component-local
esphome/components/nextion/nextion_upload_arduino.cpp,217,esp-idf,log,component-local
esphome/components/nextion/nextion_upload_arduino.cpp,220,esp-idf,log,component-local
esphome/components/nextion/nextion_upload_arduino.cpp,225,esp-idf,log,component-local
esphome/components/nextion/nextion_upload_arduino.cpp,234,esp-idf,log,component-local
esphome/components/nextion/nextion_upload_arduino.cpp,244,esp-idf,log,component-local
esphome/components/nextion/nextion_upload_arduino.cpp,252,esp-idf,log,component-local
esphome/components/nextion/nextion_upload_arduino.cpp,254,esp-idf,log,component-local
esphome/components/nextion/nextion_upload_arduino.cpp,255,esp-idf,log,component-local
esphome/components/nextion/nextion_upload_arduino.cpp,257,esp-idf,log,component-local
esphome/components/nextion/nextion_upload_arduino.cpp,260,esp-idf,log,component-local
esphome/components/nextion/nextion_upload_arduino.cpp,264,esp-idf,log,component-local
esphome/components/nextion/nextion_upload_arduino.cpp,267,esp-idf,log,component-local
esphome/components/nextion/nextion_upload_arduino.cpp,272,esp-idf,log,component-local
esphome/components/nextion/nextion_upload_arduino.cpp,282,esp-idf,log,component-local
esphome/components/nextion/nextion_upload_arduino.cpp,286,esp-idf,log,component-local
esphome/components/nextion/nextion_upload_arduino.cpp,290,esp-idf,log,component-local
esphome/components/nextion/nextion_upload_arduino.cpp,298,esp-idf,log,component-local
esphome/components/nextion/nextion_upload_arduino.cpp,303,esp-idf,log,component-local
esphome/components/nextion/nextion_upload_arduino.cpp,306,esp-idf,log,component-local
esphome/components/nextion/nextion_upload_arduino.cpp,309,esp-idf,log,component-local
esphome/components/nextion/nextion_upload_arduino.cpp,311,esp-idf,log,component-local
esphome/components/nextion/nextion_upload_arduino.cpp,312,esp-idf,log,component-local
esphome/components/nextion/nextion_upload_arduino.cpp,314,esp-idf,log,component-local
esphome/components/nextion/nextion_upload_arduino.cpp,318,esp-idf,log,component-local
esphome/components/nextion/nextion_upload_arduino.cpp,327,esp-idf,log,component-local
esphome/components/nextion/nextion_upload_arduino.cpp,333,esp-idf,log,component-local
esphome/components/nextion/nextion_upload_arduino.cpp,334,esp-idf,log,component-local
esphome/components/nextion/nextion_upload_arduino.cpp,336,esp-idf,log,component-local
esphome/components/nextion/nextion_upload_arduino.cpp,340,esp-idf,log,component-local
esphome/components/nextion/nextion_upload_arduino.cpp,343,esp-idf,log,component-local
esphome/components/nextion/nextion_upload_arduino.cpp,345,esp-idf,log,component-local
esphome/components/nextion/nextion_upload_arduino.cpp,347,esp-idf,log,component-local
esphome/components/nextion/nextion_upload_esp32.cpp,6,esp-idf,include,component-local
esphome/components/nextion/nextion_upload_esp32.cpp,7,esp-idf,include,component-local
esphome/components/nextion/nextion_upload_esp32.cpp,34,esp-idf,log,component-local
esphome/components/nextion/nextion_upload_esp32.cpp,36,esp-idf,log,component-local
esphome/components/nextion/nextion_upload_esp32.cpp,38,esp-idf,log,component-local
esphome/components/nextion/nextion_upload_esp32.cpp,44,esp-idf,log,component-local
esphome/components/nextion/nextion_upload_esp32.cpp,46,esp-idf,log,component-local
esphome/components/nextion/nextion_upload_esp32.cpp,49,esp-idf,err-type,component-local
esphome/components/nextion/nextion_upload_esp32.cpp,53,esp-idf,err-type,component-local
esphome/components/nextion/nextion_upload_esp32.cpp,54,esp-idf,log,component-local
esphome/components/nextion/nextion_upload_esp32.cpp,56,esp-idf,log,component-local
esphome/components/nextion/nextion_upload_esp32.cpp,68,esp-idf,log,component-local
esphome/components/nextion/nextion_upload_esp32.cpp,72,esp-idf,log,component-local
esphome/components/nextion/nextion_upload_esp32.cpp,75,esp-idf,err-type,component-local
esphome/components/nextion/nextion_upload_esp32.cpp,78,esp-idf,log,component-local
esphome/components/nextion/nextion_upload_esp32.cpp,81,esp-idf,err-type,component-local
esphome/components/nextion/nextion_upload_esp32.cpp,87,esp-idf,log,component-local
esphome/components/nextion/nextion_upload_esp32.cpp,88,esp-idf,err-type,component-local
esphome/components/nextion/nextion_upload_esp32.cpp,91,esp-idf,log,component-local
esphome/components/nextion/nextion_upload_esp32.cpp,96,freertos,task-delay,component-local
esphome/components/nextion/nextion_upload_esp32.cpp,96,freertos,tick,component-local
esphome/components/nextion/nextion_upload_esp32.cpp,100,esp-idf,log,component-local
esphome/components/nextion/nextion_upload_esp32.cpp,108,esp-idf,log,component-local
esphome/components/nextion/nextion_upload_esp32.cpp,117,esp-idf,log,component-local
esphome/components/nextion/nextion_upload_esp32.cpp,132,freertos,task-delay,component-local
esphome/components/nextion/nextion_upload_esp32.cpp,132,freertos,tick,component-local
esphome/components/nextion/nextion_upload_esp32.cpp,138,esp-idf,log,component-local
esphome/components/nextion/nextion_upload_esp32.cpp,144,esp-idf,log,component-local
esphome/components/nextion/nextion_upload_esp32.cpp,165,freertos,task-delay,component-local
esphome/components/nextion/nextion_upload_esp32.cpp,165,freertos,tick,component-local
esphome/components/nextion/nextion_upload_esp32.cpp,170,esp-idf,log,component-local
esphome/components/nextion/nextion_upload_esp32.cpp,180,esp-idf,log,component-local
esphome/components/nextion/nextion_upload_esp32.cpp,181,esp-idf,heap-caps,component-local
esphome/components/nextion/nextion_upload_esp32.cpp,182,esp-idf,heap-caps,component-local
esphome/components/nextion/nextion_upload_esp32.cpp,184,esp-idf,log,component-local
esphome/components/nextion/nextion_upload_esp32.cpp,189,esp-idf,log,component-local
esphome/components/nextion/nextion_upload_esp32.cpp,196,esp-idf,log,component-local
esphome/components/nextion/nextion_upload_esp32.cpp,204,esp-idf,log,component-local
esphome/components/nextion/nextion_upload_esp32.cpp,219,esp-idf,log,component-local
esphome/components/nextion/nextion_upload_esp32.cpp,230,esp-idf,log,component-local
esphome/components/nextion/nextion_upload_esp32.cpp,233,esp-idf,log,component-local
esphome/components/nextion/nextion_upload_esp32.cpp,245,esp-idf,log,component-local
esphome/components/nextion/nextion_upload_esp32.cpp,248,esp-idf,log,component-local
esphome/components/nextion/nextion_upload_esp32.cpp,253,esp-idf,log,component-local
esphome/components/nextion/nextion_upload_esp32.cpp,263,esp-idf,log,component-local
esphome/components/nextion/nextion_upload_esp32.cpp,265,esp-idf,log,component-local
esphome/components/nextion/nextion_upload_esp32.cpp,275,esp-idf,log,component-local
esphome/components/nextion/nextion_upload_esp32.cpp,278,esp-idf,log,component-local
esphome/components/nextion/nextion_upload_esp32.cpp,290,esp-idf,log,component-local
esphome/components/nextion/nextion_upload_esp32.cpp,294,esp-idf,err-type,component-local
esphome/components/nextion/nextion_upload_esp32.cpp,295,esp-idf,err-type,component-local
esphome/components/nextion/nextion_upload_esp32.cpp,296,esp-idf,log,component-local
esphome/components/nextion/nextion_upload_esp32.cpp,302,esp-idf,log,component-local
esphome/components/nextion/nextion_upload_esp32.cpp,304,esp-idf,err-type,component-local
esphome/components/nextion/nextion_upload_esp32.cpp,305,esp-idf,log,component-local
esphome/components/nextion/nextion_upload_esp32.cpp,311,esp-idf,log,component-local
esphome/components/nextion/nextion_upload_esp32.cpp,314,esp-idf,log,component-local
esphome/components/nextion/nextion_upload_esp32.cpp,320,esp-idf,log,component-local
esphome/components/nextion/nextion_upload_esp32.cpp,322,esp-idf,log,component-local
esphome/components/nextion/nextion_upload_esp32.cpp,323,esp-idf,log,component-local
esphome/components/nextion/nextion_upload_esp32.cpp,326,esp-idf,log,component-local
esphome/components/nextion/nextion_upload_esp32.cpp,329,esp-idf,log,component-local
esphome/components/nextion/nextion_upload_esp32.cpp,333,esp-idf,log,component-local
esphome/components/nextion/nextion_upload_esp32.cpp,336,esp-idf,log,component-local
esphome/components/nextion/nextion_upload_esp32.cpp,340,freertos,task-delay,component-local
esphome/components/nextion/nextion_upload_esp32.cpp,340,freertos,tick,component-local
esphome/components/nextion/nextion_upload_esp32.cpp,341,esp-idf,log,component-local
esphome/components/nextion/nextion_upload_esp32.cpp,351,esp-idf,log,component-local
esphome/components/nextion/nextion_upload_esp32.cpp,353,freertos,task-delay,component-local
esphome/components/nextion/nextion_upload_esp32.cpp,353,freertos,tick,component-local
esphome/components/nextion/nextion_upload_esp32.cpp,354,esp-idf,log,component-local
esphome/components/nextion/nextion_upload_esp32.cpp,356,esp-idf,log,component-local
esphome/components/nextion/nextion_upload_esp32.cpp,360,esp-idf,log,component-local
esphome/components/nextion/nextion_upload_esp32.cpp,366,esp-idf,log,component-local
esphome/components/nextion/nextion_upload_esp32.cpp,371,esp-idf,log,component-local
esphome/components/nextion/nextion_upload_esp32.cpp,374,esp-idf,log,component-local
esphome/components/nextion/nextion_upload_esp32.cpp,377,esp-idf,log,component-local
esphome/components/nextion/nextion_upload_esp32.cpp,379,esp-idf,log,component-local
esphome/components/nextion/nextion_upload_esp32.cpp,380,esp-idf,log,component-local
esphome/components/nextion/nextion_upload_esp32.cpp,383,esp-idf,log,component-local
esphome/components/nextion/nextion_upload_esp32.cpp,387,esp-idf,log,component-local
esphome/components/nextion/nextion_upload_esp32.cpp,388,esp-idf,err-type,component-local
esphome/components/nextion/nextion_upload_esp32.cpp,389,esp-idf,err-type,component-local
esphome/components/nextion/nextion_upload_esp32.cpp,390,esp-idf,log,component-local
esphome/components/nextion/nextion_upload_esp32.cpp,394,esp-idf,log,component-local
esphome/components/nextion/nextion_upload_esp32.cpp,403,esp-idf,log,component-local
esphome/components/nextion/nextion_upload_esp32.cpp,409,esp-idf,log,component-local
esphome/components/nextion/nextion_upload_esp32.cpp,410,esp-idf,log,component-local
esphome/components/nextion/nextion_upload_esp32.cpp,413,esp-idf,log,component-local
esphome/components/nextion/nextion_upload_esp32.cpp,417,esp-idf,log,component-local
esphome/components/nextion/nextion_upload_esp32.cpp,420,esp-idf,log,component-local
esphome/components/nextion/nextion_upload_esp32.cpp,423,esp-idf,log,component-local
esphome/components/nextion/sensor/nextion_sensor.cpp,20,esp-idf,log,component-local
esphome/components/nextion/sensor/nextion_sensor.cpp,98,esp-idf,log,component-local
esphome/components/nextion/sensor/nextion_sensor.cpp,109,esp-idf,log,component-local
esphome/components/nextion/switch/nextion_switch.cpp,15,esp-idf,log,component-local
esphome/components/nextion/switch/nextion_switch.cpp,45,esp-idf,log,component-local
esphome/components/nextion/text_sensor/nextion_textsensor.cpp,14,esp-idf,log,component-local
esphome/components/nextion/text_sensor/nextion_textsensor.cpp,45,esp-idf,log,component-local
esphome/components/nfc/ndef_message.cpp,9,esp-idf,log,component-local
esphome/components/nfc/ndef_message.cpp,14,esp-idf,log,component-local
esphome/components/nfc/ndef_message.cpp,32,esp-idf,log,component-local
esphome/components/nfc/ndef_message.cpp,43,esp-idf,log,component-local
esphome/components/nfc/ndef_message.cpp,62,esp-idf,log,component-local
esphome/components/nfc/ndef_message.cpp,87,esp-idf,log,component-local
esphome/components/nfc/ndef_message.cpp,97,esp-idf,log,component-local
esphome/components/nfc/ndef_record_text.cpp,10,esp-idf,log,component-local
esphome/components/nfc/ndef_record_text.cpp,17,esp-idf,log,component-local
esphome/components/nfc/ndef_record_uri.cpp,9,esp-idf,log,component-local
esphome/components/nfc/nfc.cpp,41,esp-idf,log,component-local
esphome/components/nfc/nfc.cpp,46,esp-idf,log,component-local
esphome/components/nfc/nfc.cpp,57,esp-idf,log,component-local
esphome/components/nfc/nfc_helpers.cpp,41,esp-idf,log,component-local
esphome/components/noblex/noblex.cpp,107,esp-idf,log,component-local
esphome/components/noblex/noblex.cpp,110,esp-idf,log,component-local
esphome/components/noblex/noblex.cpp,150,esp-idf,log,component-local
esphome/components/noblex/noblex.cpp,167,esp-idf,log,component-local
esphome/components/noblex/noblex.cpp,188,esp-idf,log,component-local
esphome/components/noblex/noblex.cpp,201,esp-idf,log,component-local
esphome/components/noblex/noblex.cpp,205,esp-idf,log,component-local
esphome/components/noblex/noblex.cpp,217,esp-idf,log,component-local
esphome/components/noblex/noblex.cpp,221,esp-idf,log,component-local
esphome/components/noblex/noblex.cpp,235,esp-idf,log,component-local
esphome/components/noblex/noblex.cpp,240,esp-idf,log,component-local
esphome/components/noblex/noblex.cpp,266,esp-idf,log,component-local
esphome/components/noblex/noblex.cpp,271,esp-idf,log,component-local
esphome/components/noblex/noblex.cpp,290,esp-idf,log,component-local
esphome/components/noblex/noblex.cpp,293,esp-idf,log,component-local
esphome/components/noise/noise_handshake.cpp,135,esp-idf,log,component-local
esphome/components/npi19/npi19.cpp,86,esp-idf,log,component-local
esphome/components/npi19/npi19.cpp,93,esp-idf,log,component-local
esphome/components/nrf52/dfu.cpp,9,esp-idf,include,component-local
esphome/components/nrf52/uicr.cpp,5,esp-idf,include,component-local
esphome/components/ntc/ntc.cpp,24,esp-idf,log,component-local
esphome/components/number/number.cpp,25,esp-idf,log,component-local
esphome/components/number/number_call.cpp,11,esp-idf,log,component-local
esphome/components/number/number_call.cpp,16,esp-idf,log,component-local
esphome/components/number/number_call.cpp,64,esp-idf,log,component-local
esphome/components/number/number_call.cpp,83,esp-idf,log,component-local
esphome/components/number/number_call.cpp,93,esp-idf,log,component-local
esphome/components/number/number_call.cpp,113,esp-idf,log,component-local
esphome/components/one_wire/one_wire.cpp,34,esp-idf,log,component-local
esphome/components/one_wire/one_wire.cpp,42,esp-idf,log,component-local
esphome/components/one_wire/one_wire.cpp,46,esp-idf,log,component-local
esphome/components/one_wire/one_wire_bus.cpp,22,esp-idf,log,component-local
esphome/components/one_wire/one_wire_bus.cpp,27,esp-idf,iram-attr,component-local
esphome/components/one_wire/one_wire_bus.cpp,53,esp-idf,log,component-local
esphome/components/one_wire/one_wire_bus.cpp,86,esp-idf,log,component-local
esphome/components/online_image/download_buffer.cpp,14,esp-idf,log,component-local
esphome/components/online_image/download_buffer.cpp,21,esp-idf,log,component-local
esphome/components/online_image/download_buffer.cpp,50,esp-idf,log,component-local
esphome/components/online_image/online_image.cpp,28,esp-idf,log,component-local
esphome/components/online_image/online_image.cpp,32,esp-idf,log,component-local
esphome/components/online_image/online_image.cpp,36,esp-idf,log,component-local
esphome/components/online_image/online_image.cpp,44,esp-idf,log,component-local
esphome/components/online_image/online_image.cpp,49,esp-idf,log,component-local
esphome/components/online_image/online_image.cpp,54,esp-idf,log,component-local
esphome/components/online_image/online_image.cpp,80,esp-idf,log,component-local
esphome/components/online_image/online_image.cpp,89,esp-idf,log,component-local
esphome/components/online_image/online_image.cpp,95,esp-idf,log,component-local
esphome/components/online_image/online_image.cpp,101,esp-idf,log,component-local
esphome/components/online_image/online_image.cpp,103,esp-idf,log,component-local
esphome/components/online_image/online_image.cpp,108,esp-idf,log,component-local
esphome/components/online_image/online_image.cpp,114,esp-idf,log,component-local
esphome/components/online_image/online_image.cpp,116,esp-idf,log,component-local
esphome/components/online_image/online_image.cpp,118,esp-idf,log,component-local
esphome/components/online_image/online_image.cpp,125,esp-idf,log,component-local
esphome/components/online_image/online_image.cpp,129,esp-idf,log,component-local
esphome/components/online_image/online_image.cpp,140,esp-idf,log,component-local
esphome/components/online_image/online_image.cpp,153,esp-idf,log,component-local
esphome/components/online_image/online_image.cpp,167,esp-idf,log,component-local
esphome/components/online_image/online_image.cpp,193,esp-idf,log,component-local
esphome/components/online_image/online_image.cpp,203,esp-idf,log,component-local
esphome/components/online_image/online_image.cpp,214,esp-idf,log,component-local
esphome/components/online_image/online_image.cpp,221,esp-idf,log,component-local
esphome/components/opentherm/hub.cpp,124,esp-idf,log,component-local
esphome/components/opentherm/hub.cpp,132,esp-idf,log,component-local
esphome/components/opentherm/hub.cpp,149,esp-idf,log,component-local
esphome/components/opentherm/hub.cpp,248,esp-idf,log,component-local
esphome/components/opentherm/hub.cpp,268,esp-idf,log,component-local
esphome/components/opentherm/hub.cpp,277,esp-idf,log,component-local
esphome/components/opentherm/hub.cpp,292,esp-idf,log,component-local
esphome/components/opentherm/hub.cpp,301,esp-idf,log,component-local
esphome/components/opentherm/hub.cpp,312,esp-idf,log,component-local
esphome/components/opentherm/hub.cpp,321,esp-idf,log,component-local
esphome/components/opentherm/hub.cpp,341,esp-idf,log,component-local
esphome/components/opentherm/hub.cpp,352,esp-idf,log,component-local
esphome/components/opentherm/hub.cpp,373,esp-idf,log,component-local
esphome/components/opentherm/hub.cpp,380,esp-idf,log,component-local
esphome/components/opentherm/opentherm.cpp,12,esp-idf,include,component-local
esphome/components/opentherm/opentherm.cpp,15,arduino,include,component-local
esphome/components/opentherm/opentherm.cpp,120,esp-idf,iram-attr,component-local
esphome/components/opentherm/opentherm.cpp,131,esp-idf,iram-attr,component-local
esphome/components/opentherm/opentherm.cpp,134,esp-idf,iram-attr,component-local
esphome/components/opentherm/opentherm.cpp,217,esp-idf,iram-attr,component-local
esphome/components/opentherm/opentherm.cpp,220,esp-idf,iram-attr,component-local
esphome/components/opentherm/opentherm.cpp,225,esp-idf,iram-attr,component-local
esphome/components/opentherm/opentherm.cpp,233,esp-idf,iram-attr,component-local
esphome/components/opentherm/opentherm.cpp,251,esp-idf,err-type,component-local
esphome/components/opentherm/opentherm.cpp,252,esp-idf,err-type,component-local
esphome/components/opentherm/opentherm.cpp,253,esp-idf,log,component-local
esphome/components/opentherm/opentherm.cpp,261,esp-idf,err-type,component-local
esphome/components/opentherm/opentherm.cpp,262,esp-idf,log,component-local
esphome/components/opentherm/opentherm.cpp,269,esp-idf,err-type,component-local
esphome/components/opentherm/opentherm.cpp,270,esp-idf,log,component-local
esphome/components/opentherm/opentherm.cpp,279,esp-idf,iram-attr,component-local
esphome/components/opentherm/opentherm.cpp,281,esp-idf,err-type,component-local
esphome/components/opentherm/opentherm.cpp,286,esp-idf,err-type,component-local
esphome/components/opentherm/opentherm.cpp,291,esp-idf,err-type,component-local
esphome/components/opentherm/opentherm.cpp,297,esp-idf,err-type,component-local
esphome/components/opentherm/opentherm.cpp,301,esp-idf,log,component-local
esphome/components/opentherm/opentherm.cpp,304,esp-idf,err-type,component-local
esphome/components/opentherm/opentherm.cpp,309,esp-idf,iram-attr,component-local
esphome/components/opentherm/opentherm.cpp,315,esp-idf,iram-attr,component-local
esphome/components/opentherm/opentherm.cpp,320,esp-idf,iram-attr,component-local
esphome/components/opentherm/opentherm.cpp,323,esp-idf,err-type,component-local
esphome/components/opentherm/opentherm.cpp,327,esp-idf,err-type,component-local
esphome/components/opentherm/opentherm.cpp,332,esp-idf,err-type,component-local
esphome/components/opentherm/opentherm.cpp,341,esp-idf,iram-attr,component-local
esphome/components/opentherm/opentherm.cpp,349,esp-idf,iram-attr,component-local
esphome/components/opentherm/opentherm.cpp,356,esp-idf,iram-attr,component-local
esphome/components/opentherm/opentherm.cpp,368,esp-idf,iram-attr,component-local
esphome/components/opentherm/opentherm.cpp,534,esp-idf,log,component-local
esphome/components/opentherm/opentherm.cpp,536,esp-idf,log,component-local
esphome/components/opentherm/opentherm.cpp,541,esp-idf,log,component-local
esphome/components/opentherm/opentherm.h,16,esp-idf,include,component-local
esphome/components/opentherm/opentherm.h,381,esp-idf,err-type,component-local
esphome/components/opentherm/output/opentherm_output.cpp,9,esp-idf,log,component-local
esphome/components/opentherm/output/opentherm_output.cpp,19,esp-idf,log,component-local
esphome/components/opentherm/switch/opentherm_switch.cpp,13,esp-idf,log,component-local
esphome/components/opentherm/switch/opentherm_switch.cpp,15,esp-idf,log,component-local
esphome/components/openthread/automation.cpp,13,esp-idf,log,component-local
esphome/components/openthread/automation.cpp,23,esp-idf,log,component-local
esphome/components/openthread/automation.cpp,31,esp-idf,log,component-local
esphome/components/openthread/openthread.cpp,88,esp-idf,log,component-local
esphome/components/openthread/openthread.cpp,96,esp-idf,log,component-local
esphome/components/openthread/openthread.cpp,98,esp-idf,log,component-local
esphome/components/openthread/openthread.cpp,101,esp-idf,log,component-local
esphome/components/openthread/openthread.cpp,107,esp-idf,log,component-local
esphome/components/openthread/openthread.cpp,116,esp-idf,log,component-local
esphome/components/openthread/openthread.cpp,119,esp-idf,log,component-local
esphome/components/openthread/openthread.cpp,137,esp-idf,log,component-local
esphome/components/openthread/openthread.cpp,145,esp-idf,log,component-local
esphome/components/openthread/openthread.cpp,151,esp-idf,log,component-local
esphome/components/openthread/openthread.cpp,157,esp-idf,log,component-local
esphome/components/openthread/openthread.cpp,161,esp-idf,log,component-local
esphome/components/openthread/openthread.cpp,169,esp-idf,log,component-local
esphome/components/openthread/openthread.cpp,177,esp-idf,log,component-local
esphome/components/openthread/openthread.cpp,215,esp-idf,log,component-local
esphome/components/openthread/openthread.cpp,217,esp-idf,log,component-local
esphome/components/openthread/openthread.cpp,221,esp-idf,log,component-local
esphome/components/openthread/openthread.cpp,238,esp-idf,log,component-local
esphome/components/openthread/openthread.cpp,243,esp-idf,log,component-local
esphome/components/openthread/openthread.cpp,248,esp-idf,log,component-local
esphome/components/openthread/openthread.cpp,251,esp-idf,log,component-local
esphome/components/openthread/openthread.cpp,255,esp-idf,log,component-local
esphome/components/openthread/openthread.cpp,258,esp-idf,log,component-local
esphome/components/openthread/openthread.cpp,266,esp-idf,log,component-local
esphome/components/openthread/openthread.cpp,274,esp-idf,log,component-local
esphome/components/openthread/openthread.cpp,281,esp-idf,log,component-local
esphome/components/openthread/openthread.cpp,284,esp-idf,log,component-local
esphome/components/openthread/openthread.cpp,296,esp-idf,log,component-local
esphome/components/openthread/openthread.cpp,298,esp-idf,log,component-local
esphome/components/openthread/openthread.cpp,306,esp-idf,log,component-local
esphome/components/openthread/openthread.cpp,310,esp-idf,log,component-local
esphome/components/openthread/openthread_esp.cpp,6,esp-idf,include,component-local
esphome/components/openthread/openthread_esp.cpp,7,esp-idf,include,component-local
esphome/components/openthread/openthread_esp.cpp,8,esp-idf,include,component-local
esphome/components/openthread/openthread_esp.cpp,10,esp-idf,include,component-local
esphome/components/openthread/openthread_esp.cpp,15,esp-idf,include,component-local
esphome/components/openthread/openthread_esp.cpp,16,esp-idf,include,component-local
esphome/components/openthread/openthread_esp.cpp,17,esp-idf,include,component-local
esphome/components/openthread/openthread_esp.cpp,18,esp-idf,include,component-local
esphome/components/openthread/openthread_esp.cpp,19,esp-idf,include,component-local
esphome/components/openthread/openthread_esp.cpp,20,esp-idf,include,component-local
esphome/components/openthread/openthread_esp.cpp,21,esp-idf,include,component-local
esphome/components/openthread/openthread_esp.cpp,22,freertos,include,component-local
esphome/components/openthread/openthread_esp.cpp,23,freertos,include,component-local
esphome/components/openthread/openthread_esp.cpp,24,esp-idf,include,component-local
esphome/components/openthread/openthread_esp.cpp,39,esp-idf,nvs,component-local
esphome/components/openthread/openthread_esp.cpp,42,freertos,task-create,component-local
esphome/components/openthread/openthread_esp.cpp,52,esp-idf,wifi,component-local
esphome/components/openthread/openthread_esp.cpp,54,esp-idf,wifi,component-local
esphome/components/openthread/openthread_esp.cpp,106,esp-idf,wifi,component-local
esphome/components/openthread/openthread_esp.cpp,112,esp-idf,log,component-local
esphome/components/openthread/openthread_esp.cpp,118,esp-idf,log,component-local
esphome/components/openthread/openthread_esp.cpp,126,esp-idf,log,component-local
esphome/components/openthread/openthread_esp.cpp,136,esp-idf,log,component-local
esphome/components/openthread/openthread_esp.cpp,145,esp-idf,log,component-local
esphome/components/openthread/openthread_esp.cpp,159,esp-idf,log,component-local
esphome/components/openthread/openthread_esp.cpp,168,esp-idf,wifi,component-local
esphome/components/openthread/openthread_esp.cpp,181,esp-idf,wifi,component-local
esphome/components/openthread/openthread_esp.cpp,182,esp-idf,wifi,component-local
esphome/components/openthread/openthread_esp.cpp,186,arduino,ipaddress,component-local
esphome/components/openthread/openthread_esp.cpp,208,esp-idf,log,component-local
esphome/components/openthread/openthread_esp.cpp,212,esp-idf,watchdog,component-local
esphome/components/openthread/openthread_esp.cpp,215,esp-idf,watchdog,component-local
esphome/components/openthread/openthread_zephyr.cpp,21,esp-idf,log,component-local
esphome/components/openthread/openthread_zephyr.cpp,24,esp-idf,log,component-local
esphome/components/openthread/openthread_zephyr.cpp,30,esp-idf,log,component-local
esphome/components/openthread/openthread_zephyr.cpp,47,esp-idf,log,component-local
esphome/components/openthread/openthread_zephyr.cpp,55,esp-idf,log,component-local
esphome/components/openthread/openthread_zephyr.cpp,62,esp-idf,log,component-local
esphome/components/openthread/openthread_zephyr.cpp,69,esp-idf,log,component-local
esphome/components/openthread/openthread_zephyr.cpp,79,esp-idf,log,component-local
esphome/components/openthread/openthread_zephyr.cpp,106,arduino,ipaddress,component-local
esphome/components/openthread_info/openthread_info_text_sensor.cpp,10,arduino,ipaddress,component-local
esphome/components/opt3001/opt3001.cpp,36,esp-idf,log,component-local
esphome/components/opt3001/opt3001.cpp,44,esp-idf,log,component-local
esphome/components/opt3001/opt3001.cpp,50,esp-idf,log,component-local
esphome/components/opt3001/opt3001.cpp,68,esp-idf,log,component-local
esphome/components/opt3001/opt3001.cpp,75,esp-idf,log,component-local
esphome/components/opt3001/opt3001.cpp,88,esp-idf,log,component-local
esphome/components/opt3001/opt3001.cpp,112,esp-idf,log,component-local
esphome/components/ota/ota_backend_arduino_libretiny.cpp,34,esp-idf,log,component-local
esphome/components/ota/ota_backend_arduino_libretiny.cpp,51,esp-idf,log,component-local
esphome/components/ota/ota_backend_arduino_libretiny.cpp,64,esp-idf,log,component-local
esphome/components/ota/ota_backend_arduino_rp2.cpp,1,arduino,guard,component-local
esphome/components/ota/ota_backend_arduino_rp2.cpp,40,esp-idf,log,component-local
esphome/components/ota/ota_backend_arduino_rp2.cpp,57,esp-idf,log,component-local
esphome/components/ota/ota_backend_arduino_rp2.cpp,70,esp-idf,log,component-local
esphome/components/ota/ota_backend_arduino_rp2.cpp,82,arduino,guard,component-local
esphome/components/ota/ota_backend_arduino_rp2.h,2,arduino,guard,component-local
esphome/components/ota/ota_backend_arduino_rp2.h,28,arduino,guard,component-local
esphome/components/ota/ota_backend_esp8266.cpp,125,esp-idf,log,component-local
esphome/components/ota/ota_backend_esp8266.cpp,167,esp-idf,log,component-local
esphome/components/ota/ota_backend_esp8266.cpp,177,esp-idf,log,component-local
esphome/components/ota/ota_backend_esp8266.cpp,266,esp-idf,log,component-local
esphome/components/ota/ota_backend_esp8266.cpp,276,esp-idf,log,component-local
esphome/components/ota/ota_backend_esp8266.cpp,300,esp-idf,log,component-local
esphome/components/ota/ota_backend_esp8266.cpp,320,esp-idf,log,component-local
esphome/components/ota/ota_backend_esp8266.cpp,334,esp-idf,log,component-local
esphome/components/ota/ota_backend_esp8266.cpp,345,esp-idf,log,component-local
esphome/components/ota/ota_backend_esp_idf.cpp,9,esp-idf,include,component-local
esphome/components/ota/ota_backend_esp_idf.cpp,13,esp-idf,include,component-local
esphome/components/ota/ota_backend_esp_idf.cpp,28,esp-idf,log,component-local
esphome/components/ota/ota_backend_esp_idf.cpp,70,esp-idf,err-type,component-local
esphome/components/ota/ota_backend_esp_idf.cpp,82,esp-idf,err-type,component-local
esphome/components/ota/ota_backend_esp_idf.cpp,90,esp-idf,err-type,component-local
esphome/components/ota/ota_backend_esp_idf.cpp,91,esp-idf,log,component-local
esphome/components/ota/ota_backend_esp_idf.cpp,94,esp-idf,err-type,component-local
esphome/components/ota/ota_backend_esp_idf.cpp,96,esp-idf,err-type,component-local
esphome/components/ota/ota_backend_esp_idf.cpp,123,esp-idf,log,component-local
esphome/components/ota/ota_backend_esp_idf.cpp,146,esp-idf,err-type,component-local
esphome/components/ota/ota_backend_esp_idf.cpp,148,esp-idf,err-type,component-local
esphome/components/ota/ota_backend_esp_idf.cpp,149,esp-idf,log,component-local
esphome/components/ota/ota_backend_esp_idf.cpp,150,esp-idf,err-type,component-local
esphome/components/ota/ota_backend_esp_idf.cpp,152,esp-idf,err-type,component-local
esphome/components/ota/ota_backend_esp_idf.cpp,155,esp-idf,err-type,component-local
esphome/components/ota/ota_backend_esp_idf.cpp,176,esp-idf,err-type,component-local
esphome/components/ota/ota_backend_esp_idf.cpp,177,esp-idf,err-type,component-local
esphome/components/ota/ota_backend_esp_idf.cpp,178,esp-idf,log,component-local
esphome/components/ota/ota_backend_esp_idf.cpp,179,esp-idf,err-type,component-local
esphome/components/ota/ota_backend_esp_idf.cpp,205,esp-idf,err-type,component-local
esphome/components/ota/ota_backend_esp_idf.cpp,207,esp-idf,err-type,component-local
esphome/components/ota/ota_backend_esp_idf.cpp,208,esp-idf,log,component-local
esphome/components/ota/ota_backend_esp_idf.cpp,215,esp-idf,err-type,component-local
esphome/components/ota/ota_backend_esp_idf.cpp,232,esp-idf,err-type,component-local
esphome/components/ota/ota_backend_esp_idf.cpp,233,esp-idf,err-type,component-local
esphome/components/ota/ota_backend_esp_idf.cpp,236,esp-idf,log,component-local
esphome/components/ota/ota_backend_esp_idf.cpp,238,esp-idf,log,component-local
esphome/components/ota/ota_backend_esp_idf.cpp,244,esp-idf,err-type,component-local
esphome/components/ota/ota_backend_esp_idf.cpp,248,esp-idf,err-type,component-local
esphome/components/ota/ota_backend_esp_idf.cpp,250,esp-idf,log,component-local
esphome/components/ota/ota_backend_esp_idf.cpp,256,esp-idf,err-type,component-local
esphome/components/ota/ota_backend_esp_idf.h,8,esp-idf,include,component-local
esphome/components/ota/ota_backend_esp_idf.h,9,esp-idf,include,component-local
esphome/components/ota/ota_backend_esp_idf.h,57,esp-idf,err-type,component-local
esphome/components/ota/ota_backend_host.cpp,85,esp-idf,log,component-local
esphome/components/ota/ota_backend_host.cpp,91,esp-idf,log,component-local
esphome/components/ota/ota_backend_host.cpp,95,esp-idf,log,component-local
esphome/components/ota/ota_backend_host.cpp,99,esp-idf,log,component-local
esphome/components/ota/ota_backend_host.cpp,103,esp-idf,log,component-local
esphome/components/ota/ota_backend_host.cpp,107,esp-idf,log,component-local
esphome/components/ota/ota_backend_host.cpp,111,esp-idf,log,component-local
esphome/components/ota/ota_backend_host.cpp,163,esp-idf,log,component-local
esphome/components/ota/ota_backend_host.cpp,169,esp-idf,log,component-local
esphome/components/ota/ota_backend_host.cpp,173,esp-idf,log,component-local
esphome/components/ota/ota_backend_host.cpp,177,esp-idf,log,component-local
esphome/components/ota/ota_backend_host.cpp,193,esp-idf,log,component-local
esphome/components/ota/ota_backend_host.cpp,207,esp-idf,log,component-local
esphome/components/ota/ota_backend_host.cpp,213,esp-idf,log,component-local
esphome/components/ota/ota_backend_host.cpp,224,esp-idf,log,component-local
esphome/components/ota/ota_backend_host.cpp,233,esp-idf,log,component-local
esphome/components/ota/ota_backend_host.cpp,247,esp-idf,log,component-local
esphome/components/ota/ota_backend_host.cpp,258,esp-idf,log,component-local
esphome/components/ota/ota_backend_host.cpp,274,esp-idf,log,component-local
esphome/components/ota/ota_backend_host.cpp,279,esp-idf,log,component-local
esphome/components/ota/ota_backend_host.cpp,287,esp-idf,log,component-local
esphome/components/ota/ota_backend_host.cpp,294,esp-idf,log,component-local
esphome/components/ota/ota_backend_host.cpp,306,esp-idf,log,component-local
esphome/components/ota/ota_backend_host.cpp,310,esp-idf,log,component-local
esphome/components/ota/ota_backend_host.cpp,320,esp-idf,log,component-local
esphome/components/ota/ota_bootloader_esp_idf.cpp,10,esp-idf,include,component-local
esphome/components/ota/ota_bootloader_esp_idf.cpp,11,esp-idf,include,component-local
esphome/components/ota/ota_bootloader_esp_idf.cpp,19,esp-idf,err-type,component-local
esphome/components/ota/ota_bootloader_esp_idf.cpp,22,esp-idf,err-type,component-local
esphome/components/ota/ota_bootloader_esp_idf.cpp,23,esp-idf,log,component-local
esphome/components/ota/ota_bootloader_esp_idf.cpp,34,esp-idf,err-type,component-local
esphome/components/ota/ota_bootloader_esp_idf.cpp,35,esp-idf,log,component-local
esphome/components/ota/ota_bootloader_esp_idf.cpp,47,esp-idf,log,component-local
esphome/components/ota/ota_bootloader_esp_idf.cpp,69,esp-idf,log,component-local
esphome/components/ota/ota_bootloader_esp_idf.cpp,76,esp-idf,err-type,component-local
esphome/components/ota/ota_bootloader_esp_idf.cpp,77,esp-idf,err-type,component-local
esphome/components/ota/ota_bootloader_esp_idf.cpp,78,esp-idf,log,component-local
esphome/components/ota/ota_bootloader_esp_idf.cpp,82,esp-idf,err-type,component-local
esphome/components/ota/ota_bootloader_esp_idf.cpp,88,esp-idf,err-type,component-local
esphome/components/ota/ota_bootloader_esp_idf.cpp,91,esp-idf,log,component-local
esphome/components/ota/ota_bootloader_esp_idf.cpp,102,esp-idf,err-type,component-local
esphome/components/ota/ota_bootloader_esp_idf.cpp,103,esp-idf,err-type,component-local
esphome/components/ota/ota_bootloader_esp_idf.cpp,113,esp-idf,log,component-local
esphome/components/ota/ota_bootloader_esp_idf.cpp,119,esp-idf,err-type,component-local
esphome/components/ota/ota_bootloader_esp_idf.cpp,121,esp-idf,err-type,component-local
esphome/components/ota/ota_bootloader_esp_idf.cpp,122,esp-idf,log,component-local
esphome/components/ota/ota_bootloader_esp_idf.cpp,126,esp-idf,log,component-local
esphome/components/ota/ota_bootloader_esp_idf.cpp,130,esp-idf,err-type,component-local
esphome/components/ota/ota_bootloader_esp_idf.cpp,131,esp-idf,err-type,component-local
esphome/components/ota/ota_bootloader_esp_idf.cpp,132,esp-idf,log,component-local
esphome/components/ota/ota_bootloader_esp_idf.cpp,136,esp-idf,log,component-local
esphome/components/ota/ota_bootloader_esp_idf.cpp,139,esp-idf,err-type,component-local
esphome/components/ota/ota_bootloader_esp_idf.cpp,142,esp-idf,err-type,component-local
esphome/components/ota/ota_bootloader_esp_idf.cpp,143,esp-idf,log,component-local
esphome/components/ota/ota_partitions_esp_idf.cpp,10,esp-idf,include,component-local
esphome/components/ota/ota_partitions_esp_idf.cpp,11,esp-idf,include,component-local
esphome/components/ota/ota_partitions_esp_idf.cpp,12,esp-idf,include,component-local
esphome/components/ota/ota_partitions_esp_idf.cpp,55,esp-idf,err-type,component-local
esphome/components/ota/ota_partitions_esp_idf.cpp,56,esp-idf,err-type,component-local
esphome/components/ota/ota_partitions_esp_idf.cpp,57,esp-idf,log,component-local
esphome/components/ota/ota_partitions_esp_idf.cpp,71,esp-idf,log,component-local
esphome/components/ota/ota_partitions_esp_idf.cpp,120,esp-idf,log,component-local
esphome/components/ota/ota_partitions_esp_idf.cpp,129,esp-idf,log,component-local
esphome/components/ota/ota_partitions_esp_idf.cpp,134,esp-idf,log,component-local
esphome/components/ota/ota_partitions_esp_idf.cpp,138,esp-idf,log,component-local
esphome/components/ota/ota_partitions_esp_idf.cpp,142,esp-idf,log,component-local
esphome/components/ota/ota_partitions_esp_idf.cpp,146,esp-idf,log,component-local
esphome/components/ota/ota_partitions_esp_idf.cpp,151,esp-idf,log,component-local
esphome/components/ota/ota_partitions_esp_idf.cpp,170,esp-idf,log,component-local
esphome/components/ota/ota_partitions_esp_idf.cpp,180,esp-idf,log,component-local
esphome/components/ota/ota_partitions_esp_idf.cpp,192,esp-idf,log,component-local
esphome/components/ota/ota_partitions_esp_idf.cpp,201,esp-idf,err-type,component-local
esphome/components/ota/ota_partitions_esp_idf.cpp,210,esp-idf,log,component-local
esphome/components/ota/ota_partitions_esp_idf.cpp,213,esp-idf,log,component-local
esphome/components/ota/ota_partitions_esp_idf.cpp,216,esp-idf,err-type,component-local
esphome/components/ota/ota_partitions_esp_idf.cpp,217,esp-idf,log,component-local
esphome/components/ota/ota_partitions_esp_idf.cpp,228,esp-idf,nvs,component-local
esphome/components/ota/ota_partitions_esp_idf.cpp,232,esp-idf,err-type,component-local
esphome/components/ota/ota_partitions_esp_idf.cpp,235,esp-idf,log,component-local
esphome/components/ota/ota_partitions_esp_idf.cpp,239,esp-idf,err-type,component-local
esphome/components/ota/ota_partitions_esp_idf.cpp,242,esp-idf,log,component-local
esphome/components/ota/ota_partitions_esp_idf.cpp,247,esp-idf,err-type,component-local
esphome/components/ota/ota_partitions_esp_idf.cpp,248,esp-idf,log,component-local
esphome/components/ota/ota_partitions_esp_idf.cpp,261,esp-idf,log,component-local
esphome/components/ota/ota_partitions_esp_idf.cpp,264,esp-idf,log,component-local
esphome/components/ota/ota_partitions_esp_idf.cpp,266,esp-idf,err-type,component-local
esphome/components/ota/ota_partitions_esp_idf.cpp,267,esp-idf,log,component-local
esphome/components/ota/ota_partitions_esp_idf.cpp,274,esp-idf,err-type,component-local
esphome/components/ota/ota_partitions_esp_idf.cpp,277,esp-idf,err-type,component-local
esphome/components/ota/ota_partitions_esp_idf.cpp,278,esp-idf,log,component-local
esphome/components/ota/ota_partitions_esp_idf.cpp,287,esp-idf,err-type,component-local
esphome/components/ota/ota_partitions_esp_idf.cpp,288,esp-idf,log,component-local
esphome/components/ota/ota_partitions_esp_idf.cpp,293,esp-idf,err-type,component-local
esphome/components/ota/ota_partitions_esp_idf.cpp,294,esp-idf,log,component-local
esphome/components/ota/ota_partitions_esp_idf.cpp,327,esp-idf,err-type,component-local
esphome/components/ota/ota_signature_esp_idf.cpp,13,esp-idf,include,component-local
esphome/components/ota/ota_signature_esp_idf.cpp,14,esp-idf,include,component-local
esphome/components/ota/ota_signature_esp_idf.cpp,15,esp-idf,include,component-local
esphome/components/ota/ota_signature_esp_idf.cpp,17,esp-idf,include,component-local
esphome/components/ota/ota_signature_esp_idf.cpp,98,esp-idf,err-type,component-local
esphome/components/ota/ota_signature_esp_idf.cpp,125,esp-idf,err-type,component-local
esphome/components/ota/ota_signature_esp_idf.cpp,252,esp-idf,err-type,component-local
esphome/components/packet_transport/packet_transport.cpp,219,esp-idf,log,component-local
esphome/components/packet_transport/packet_transport.cpp,342,esp-idf,log,component-local
esphome/components/packet_transport/packet_transport.cpp,350,esp-idf,log,component-local
esphome/components/packet_transport/packet_transport.cpp,374,esp-idf,log,component-local
esphome/components/packet_transport/packet_transport.cpp,389,esp-idf,log,component-local
esphome/components/packet_transport/packet_transport.cpp,397,esp-idf,log,component-local
esphome/components/packet_transport/packet_transport.cpp,403,esp-idf,log,component-local
esphome/components/packet_transport/packet_transport.cpp,407,esp-idf,log,component-local
esphome/components/packet_transport/packet_transport.cpp,413,esp-idf,log,component-local
esphome/components/packet_transport/packet_transport.cpp,428,esp-idf,log,component-local
esphome/components/packet_transport/packet_transport.cpp,432,esp-idf,log,component-local
esphome/components/packet_transport/packet_transport.cpp,437,esp-idf,log,component-local
esphome/components/packet_transport/packet_transport.cpp,447,esp-idf,log,component-local
esphome/components/packet_transport/packet_transport.cpp,451,esp-idf,log,component-local
esphome/components/packet_transport/packet_transport.cpp,461,esp-idf,log,component-local
esphome/components/packet_transport/packet_transport.cpp,471,esp-idf,log,component-local
esphome/components/packet_transport/packet_transport.cpp,475,esp-idf,log,component-local
esphome/components/packet_transport/packet_transport.cpp,487,esp-idf,log,component-local
esphome/components/packet_transport/packet_transport.cpp,495,esp-idf,log,component-local
esphome/components/packet_transport/packet_transport.cpp,506,esp-idf,log,component-local
esphome/components/packet_transport/packet_transport.cpp,508,esp-idf,log,component-local
esphome/components/packet_transport/packet_transport.cpp,513,esp-idf,log,component-local
esphome/components/packet_transport/packet_transport.cpp,518,esp-idf,log,component-local
esphome/components/packet_transport/packet_transport.cpp,528,esp-idf,log,component-local
esphome/components/packet_transport/packet_transport.cpp,537,esp-idf,log,component-local
esphome/components/packet_transport/packet_transport.cpp,539,esp-idf,log,component-local
esphome/components/packet_transport/packet_transport.cpp,613,esp-idf,log,component-local
esphome/components/pca6416a/pca6416a.cpp,29,esp-idf,log,component-local
esphome/components/pca6416a/pca6416a.cpp,49,esp-idf,log,component-local
esphome/components/pca6416a/pca6416a.cpp,60,esp-idf,iram-attr,component-local
esphome/components/pca6416a/pca6416a.cpp,81,esp-idf,log,component-local
esphome/components/pca6416a/pca6416a.cpp,127,esp-idf,log,component-local
esphome/components/pca6416a/pca6416a.cpp,139,esp-idf,log,component-local
esphome/components/pca6416a/pca6416a.cpp,146,esp-idf,log,component-local
esphome/components/pca6416a/pca6416a.cpp,156,esp-idf,log,component-local
esphome/components/pca6416a/pca6416a.cpp,163,esp-idf,log,component-local
esphome/components/pca6416a/pca6416a.h,29,esp-idf,iram-attr,component-local
esphome/components/pca9554/pca9554.cpp,18,esp-idf,log,component-local
esphome/components/pca9554/pca9554.cpp,34,esp-idf,log,component-local
esphome/components/pca9554/pca9554.cpp,48,esp-idf,iram-attr,component-local
esphome/components/pca9554/pca9554.cpp,68,esp-idf,log,component-local
esphome/components/pca9554/pca9554.cpp,111,esp-idf,log,component-local
esphome/components/pca9554/pca9554.cpp,118,esp-idf,log,component-local
esphome/components/pca9554/pca9554.cpp,136,esp-idf,log,component-local
esphome/components/pca9554/pca9554.h,30,esp-idf,iram-attr,component-local
esphome/components/pca9685/pca9685_output.cpp,24,esp-idf,log,component-local
esphome/components/pca9685/pca9685_output.cpp,61,esp-idf,log,component-local
esphome/components/pca9685/pca9685_output.cpp,92,esp-idf,log,component-local
esphome/components/pca9685/pca9685_output.cpp,112,esp-idf,log,component-local
esphome/components/pcd8544/display.py,35,esp-idf,i2c-spi,python
esphome/components/pcf85063/pcf85063.cpp,23,esp-idf,log,component-local
esphome/components/pcf85063/pcf85063.cpp,33,esp-idf,log,component-local
esphome/components/pcf85063/pcf85063.cpp,47,esp-idf,log,component-local
esphome/components/pcf85063/pcf85063.cpp,56,esp-idf,log,component-local
esphome/components/pcf85063/pcf85063.cpp,79,esp-idf,log,component-local
esphome/components/pcf85063/pcf85063.cpp,82,esp-idf,log,component-local
esphome/components/pcf85063/pcf85063.cpp,92,esp-idf,log,component-local
esphome/components/pcf85063/pcf85063.cpp,95,esp-idf,log,component-local
esphome/components/pcf8563/pcf8563.cpp,23,esp-idf,log,component-local
esphome/components/pcf8563/pcf8563.cpp,33,esp-idf,log,component-local
esphome/components/pcf8563/pcf8563.cpp,47,esp-idf,log,component-local
esphome/components/pcf8563/pcf8563.cpp,56,esp-idf,log,component-local
esphome/components/pcf8563/pcf8563.cpp,79,esp-idf,log,component-local
esphome/components/pcf8563/pcf8563.cpp,82,esp-idf,log,component-local
esphome/components/pcf8563/pcf8563.cpp,92,esp-idf,log,component-local
esphome/components/pcf8563/pcf8563.cpp,95,esp-idf,log,component-local
esphome/components/pcf8574/pcf8574.cpp,10,esp-idf,log,component-local
esphome/components/pcf8574/pcf8574.cpp,29,esp-idf,iram-attr,component-local
esphome/components/pcf8574/pcf8574.cpp,48,esp-idf,log,component-local
esphome/components/pcf8574/pcf8574.h,32,esp-idf,iram-attr,component-local
esphome/components/pcm5122/pcm5122.cpp,21,esp-idf,log,component-local
esphome/components/pcm5122/pcm5122.cpp,35,esp-idf,log,component-local
esphome/components/pcm5122/pcm5122.cpp,72,esp-idf,log,component-local
esphome/components/pcm5122/pcm5122.cpp,78,esp-idf,log,component-local
esphome/components/pcm5122/pcm5122.cpp,161,esp-idf,log,component-local
esphome/components/pcm5122/pcm5122.cpp,177,esp-idf,log,component-local
esphome/components/pcm5122/pcm5122.cpp,181,esp-idf,log,component-local
esphome/components/pcm5122/pcm5122.cpp,190,esp-idf,log,component-local
esphome/components/pcm5122/pcm5122.cpp,199,esp-idf,log,component-local
esphome/components/pcm5122/pcm5122.cpp,229,esp-idf,log,component-local
esphome/components/pcm5122/pcm5122_gpio.cpp,15,esp-idf,log,component-local
esphome/components/pcm5122/pcm5122_gpio.cpp,20,esp-idf,log,component-local
esphome/components/pcm5122/pcm5122_gpio.cpp,30,esp-idf,log,component-local
esphome/components/pi4ioe5v6408/pi4ioe5v6408.cpp,26,esp-idf,log,component-local
esphome/components/pi4ioe5v6408/pi4ioe5v6408.cpp,31,esp-idf,log,component-local
esphome/components/pi4ioe5v6408/pi4ioe5v6408.cpp,49,esp-idf,iram-attr,component-local
esphome/components/pi4ioe5v6408/pi4ioe5v6408.cpp,55,esp-idf,log,component-local
esphome/components/pi4ioe5v6408/pi4ioe5v6408.cpp,116,esp-idf,log,component-local
esphome/components/pi4ioe5v6408/pi4ioe5v6408.cpp,151,esp-idf,log,component-local
esphome/components/pi4ioe5v6408/pi4ioe5v6408.cpp,180,esp-idf,log,component-local
esphome/components/pi4ioe5v6408/pi4ioe5v6408.h,27,esp-idf,iram-attr,component-local
esphome/components/pid/pid_autotuner.cpp,77,esp-idf,log,component-local
esphome/components/pid/pid_autotuner.cpp,91,esp-idf,log,component-local
esphome/components/pid/pid_autotuner.cpp,121,esp-idf,log,component-local
esphome/components/pid/pid_autotuner.cpp,137,esp-idf,log,component-local
esphome/components/pid/pid_autotuner.cpp,143,esp-idf,log,component-local
esphome/components/pid/pid_autotuner.cpp,148,esp-idf,log,component-local
esphome/components/pid/pid_autotuner.cpp,156,esp-idf,log,component-local
esphome/components/pid/pid_autotuner.cpp,160,esp-idf,log,component-local
esphome/components/pid/pid_autotuner.cpp,171,esp-idf,log,component-local
esphome/components/pid/pid_autotuner.cpp,178,esp-idf,log,component-local
esphome/components/pid/pid_autotuner.cpp,184,esp-idf,log,component-local
esphome/components/pid/pid_autotuner.cpp,188,esp-idf,log,component-local
esphome/components/pid/pid_autotuner.cpp,213,esp-idf,log,component-local
esphome/components/pid/pid_climate.cpp,168,esp-idf,log,component-local
esphome/components/pid/pid_climate.cpp,181,esp-idf,log,component-local
esphome/components/pipsolar/output/pipsolar_output.cpp,14,esp-idf,log,component-local
esphome/components/pipsolar/output/pipsolar_output.cpp,17,esp-idf,log,component-local
esphome/components/pipsolar/pipsolar.cpp,46,esp-idf,log,component-local
esphome/components/pipsolar/pipsolar.cpp,48,esp-idf,log,component-local
esphome/components/pipsolar/pipsolar.cpp,61,esp-idf,log,component-local
esphome/components/pipsolar/pipsolar.cpp,70,esp-idf,log,component-local
esphome/components/pipsolar/pipsolar.cpp,81,esp-idf,log,component-local
esphome/components/pipsolar/pipsolar.cpp,115,esp-idf,log,component-local
esphome/components/pipsolar/pipsolar.cpp,146,esp-idf,log,component-local
esphome/components/pipsolar/pipsolar.cpp,156,esp-idf,log,component-local
esphome/components/pipsolar/pipsolar.cpp,177,esp-idf,log,component-local
esphome/components/pipsolar/pipsolar.cpp,183,esp-idf,log,component-local
esphome/components/pipsolar/pipsolar.cpp,196,esp-idf,log,component-local
esphome/components/pipsolar/pipsolar.cpp,214,esp-idf,log,component-local
esphome/components/pipsolar/pipsolar.cpp,245,esp-idf,log,component-local
esphome/components/pipsolar/pipsolar.cpp,259,esp-idf,log,component-local
esphome/components/pipsolar/pipsolar.cpp,263,esp-idf,log,component-local
esphome/components/pixoo/display.py,27,esp-idf,i2c-spi,python
esphome/components/pm1006/pm1006.cpp,22,esp-idf,log,component-local
esphome/components/pm1006/pm1006.cpp,36,esp-idf,log,component-local
esphome/components/pm1006/pm1006.cpp,75,esp-idf,log,component-local
esphome/components/pm1006/pm1006.cpp,87,esp-idf,log,component-local
esphome/components/pm2005/pm2005.cpp,56,esp-idf,log,component-local
esphome/components/pm2005/pm2005.cpp,64,esp-idf,log,component-local
esphome/components/pm2005/pm2005.cpp,74,esp-idf,log,component-local
esphome/components/pm2005/pm2005.cpp,87,esp-idf,log,component-local
esphome/components/pm2005/pm2005.cpp,111,esp-idf,log,component-local
esphome/components/pmsa003i/pmsa003i.cpp,52,esp-idf,log,component-local
esphome/components/pmsa003i/pmsa003i.cpp,84,esp-idf,log,component-local
esphome/components/pmsa003i/pmsa003i.cpp,97,esp-idf,log,component-local
esphome/components/pmsa003i/pmsa003i.cpp,104,esp-idf,log,component-local
esphome/components/pmsa003i/pmsa003i.cpp,116,esp-idf,log,component-local
esphome/components/pmsx003/pmsx003.cpp,136,esp-idf,log,component-local
esphome/components/pmsx003/pmsx003.cpp,149,esp-idf,log,component-local
esphome/components/pmsx003/pmsx003.cpp,169,esp-idf,log,component-local
esphome/components/pmsx003/pmsx003.cpp,236,esp-idf,log,component-local
esphome/components/pmsx003/pmsx003.cpp,267,esp-idf,log,component-local
esphome/components/pmsx003/pmsx003.cpp,277,esp-idf,log,component-local
esphome/components/pmsx003/pmsx003.cpp,293,esp-idf,log,component-local
esphome/components/pmsx003/pmsx003.cpp,306,esp-idf,log,component-local
esphome/components/pmsx003/pmsx003.cpp,320,esp-idf,log,component-local
esphome/components/pmwcs3/pmwcs3.cpp,28,esp-idf,log,component-local
esphome/components/pmwcs3/pmwcs3.cpp,39,esp-idf,log,component-local
esphome/components/pmwcs3/pmwcs3.cpp,42,esp-idf,log,component-local
esphome/components/pmwcs3/pmwcs3.cpp,47,esp-idf,log,component-local
esphome/components/pmwcs3/pmwcs3.cpp,50,esp-idf,log,component-local
esphome/components/pmwcs3/pmwcs3.cpp,59,esp-idf,log,component-local
esphome/components/pn532/pn532.cpp,19,esp-idf,log,component-local
esphome/components/pn532/pn532.cpp,21,esp-idf,log,component-local
esphome/components/pn532/pn532.cpp,29,esp-idf,log,component-local
esphome/components/pn532/pn532.cpp,33,esp-idf,log,component-local
esphome/components/pn532/pn532.cpp,41,esp-idf,log,component-local
esphome/components/pn532/pn532.cpp,68,esp-idf,log,component-local
esphome/components/pn532/pn532.cpp,70,esp-idf,log,component-local
esphome/components/pn532/pn532.cpp,83,esp-idf,log,component-local
esphome/components/pn532/pn532.cpp,85,esp-idf,log,component-local
esphome/components/pn532/pn532.cpp,90,esp-idf,log,component-local
esphome/components/pn532/pn532.cpp,94,esp-idf,log,component-local
esphome/components/pn532/pn532.cpp,97,esp-idf,log,component-local
esphome/components/pn532/pn532.cpp,114,esp-idf,log,component-local
esphome/components/pn532/pn532.cpp,197,esp-idf,log,component-local
esphome/components/pn532/pn532.cpp,201,esp-idf,log,component-local
esphome/components/pn532/pn532.cpp,203,esp-idf,log,component-local
esphome/components/pn532/pn532.cpp,208,esp-idf,log,component-local
esphome/components/pn532/pn532.cpp,210,esp-idf,log,component-local
esphome/components/pn532/pn532.cpp,212,esp-idf,log,component-local
esphome/components/pn532/pn532.cpp,214,esp-idf,log,component-local
esphome/components/pn532/pn532.cpp,216,esp-idf,log,component-local
esphome/components/pn532/pn532.cpp,218,esp-idf,log,component-local
esphome/components/pn532/pn532.cpp,221,esp-idf,log,component-local
esphome/components/pn532/pn532.cpp,222,esp-idf,log,component-local
esphome/components/pn532/pn532.cpp,224,esp-idf,log,component-local
esphome/components/pn532/pn532.cpp,226,esp-idf,log,component-local
esphome/components/pn532/pn532.cpp,228,esp-idf,log,component-local
esphome/components/pn532/pn532.cpp,230,esp-idf,log,component-local
esphome/components/pn532/pn532.cpp,281,esp-idf,log,component-local
esphome/components/pn532/pn532.cpp,292,esp-idf,log,component-local
esphome/components/pn532/pn532.cpp,297,esp-idf,log,component-local
esphome/components/pn532/pn532.cpp,302,esp-idf,log,component-local
esphome/components/pn532/pn532.cpp,328,esp-idf,log,component-local
esphome/components/pn532/pn532.cpp,350,esp-idf,log,component-local
esphome/components/pn532/pn532.cpp,362,esp-idf,log,component-local
esphome/components/pn532/pn532.cpp,365,esp-idf,log,component-local
esphome/components/pn532/pn532.cpp,368,esp-idf,log,component-local
esphome/components/pn532/pn532.cpp,377,esp-idf,log,component-local
esphome/components/pn532/pn532.cpp,381,esp-idf,log,component-local
esphome/components/pn532/pn532.cpp,385,esp-idf,log,component-local
esphome/components/pn532/pn532.cpp,390,esp-idf,log,component-local
esphome/components/pn532/pn532.cpp,400,esp-idf,log,component-local
esphome/components/pn532/pn532.cpp,411,esp-idf,log,component-local
esphome/components/pn532/pn532.cpp,422,esp-idf,log,component-local
esphome/components/pn532/pn532.cpp,432,esp-idf,log,component-local
esphome/components/pn532/pn532.cpp,435,esp-idf,log,component-local
esphome/components/pn532/pn532_mifare_classic.cpp,23,esp-idf,log,component-local
esphome/components/pn532/pn532_mifare_classic.cpp,27,esp-idf,log,component-local
esphome/components/pn532/pn532_mifare_classic.cpp,38,esp-idf,log,component-local
esphome/components/pn532/pn532_mifare_classic.cpp,45,esp-idf,log,component-local
esphome/components/pn532/pn532_mifare_classic.cpp,95,esp-idf,log,component-local
esphome/components/pn532/pn532_mifare_classic.cpp,101,esp-idf,log,component-local
esphome/components/pn532/pn532_mifare_classic.cpp,122,esp-idf,log,component-local
esphome/components/pn532/pn532_mifare_classic.cpp,127,esp-idf,log,component-local
esphome/components/pn532/pn532_mifare_classic.cpp,131,esp-idf,log,component-local
esphome/components/pn532/pn532_mifare_classic.cpp,135,esp-idf,log,component-local
esphome/components/pn532/pn532_mifare_classic.cpp,158,esp-idf,log,component-local
esphome/components/pn532/pn532_mifare_classic.cpp,168,esp-idf,log,component-local
esphome/components/pn532/pn532_mifare_classic.cpp,176,esp-idf,log,component-local
esphome/components/pn532/pn532_mifare_classic.cpp,180,esp-idf,log,component-local
esphome/components/pn532/pn532_mifare_classic.cpp,184,esp-idf,log,component-local
esphome/components/pn532/pn532_mifare_classic.cpp,187,esp-idf,log,component-local
esphome/components/pn532/pn532_mifare_classic.cpp,190,esp-idf,log,component-local
esphome/components/pn532/pn532_mifare_classic.cpp,205,esp-idf,log,component-local
esphome/components/pn532/pn532_mifare_classic.cpp,211,esp-idf,log,component-local
esphome/components/pn532/pn532_mifare_ultralight.cpp,20,esp-idf,log,component-local
esphome/components/pn532/pn532_mifare_ultralight.cpp,27,esp-idf,log,component-local
esphome/components/pn532/pn532_mifare_ultralight.cpp,39,esp-idf,log,component-local
esphome/components/pn532/pn532_mifare_ultralight.cpp,91,esp-idf,log,component-local
esphome/components/pn532/pn532_mifare_ultralight.cpp,126,esp-idf,log,component-local
esphome/components/pn532/pn532_mifare_ultralight.cpp,178,esp-idf,log,component-local
esphome/components/pn532/pn532_mifare_ultralight.cpp,184,esp-idf,log,component-local
esphome/components/pn532_i2c/pn532_i2c.cpp,39,esp-idf,log,component-local
esphome/components/pn532_i2c/pn532_i2c.cpp,45,esp-idf,log,component-local
esphome/components/pn532_i2c/pn532_i2c.cpp,47,esp-idf,log,component-local
esphome/components/pn532_i2c/pn532_i2c.cpp,53,esp-idf,log,component-local
esphome/components/pn532_i2c/pn532_i2c.cpp,62,esp-idf,log,component-local
esphome/components/pn532_i2c/pn532_i2c.cpp,76,esp-idf,log,component-local
esphome/components/pn532_i2c/pn532_i2c.cpp,81,esp-idf,log,component-local
esphome/components/pn532_i2c/pn532_i2c.cpp,99,esp-idf,log,component-local
esphome/components/pn532_i2c/pn532_i2c.cpp,107,esp-idf,log,component-local
esphome/components/pn532_spi/__init__.py,20,esp-idf,i2c-spi,python
esphome/components/pn532_spi/pn532_spi.cpp,41,esp-idf,log,component-local
esphome/components/pn532_spi/pn532_spi.cpp,58,esp-idf,log,component-local
esphome/components/pn532_spi/pn532_spi.cpp,67,esp-idf,log,component-local
esphome/components/pn532_spi/pn532_spi.cpp,72,esp-idf,log,component-local
esphome/components/pn532_spi/pn532_spi.cpp,88,esp-idf,log,component-local
esphome/components/pn532_spi/pn532_spi.cpp,92,esp-idf,log,component-local
esphome/components/pn532_spi/pn532_spi.cpp,102,esp-idf,log,component-local
esphome/components/pn532_spi/pn532_spi.cpp,110,esp-idf,log,component-local
esphome/components/pn532_spi/pn532_spi.cpp,118,esp-idf,log,component-local
esphome/components/pn532_spi/pn532_spi.cpp,124,esp-idf,log,component-local
esphome/components/pn532_spi/pn532_spi.cpp,134,esp-idf,log,component-local
esphome/components/pn532_spi/pn532_spi.cpp,139,esp-idf,log,component-local
esphome/components/pn7150/pn7150.cpp,34,esp-idf,log,component-local
esphome/components/pn7150/pn7150.cpp,56,esp-idf,log,component-local
esphome/components/pn7150/pn7150.cpp,68,esp-idf,log,component-local
esphome/components/pn7150/pn7150.cpp,73,esp-idf,log,component-local
esphome/components/pn7150/pn7150.cpp,80,esp-idf,log,component-local
esphome/components/pn7150/pn7150.cpp,88,esp-idf,log,component-local
esphome/components/pn7150/pn7150.cpp,96,esp-idf,log,component-local
esphome/components/pn7150/pn7150.cpp,101,esp-idf,log,component-local
esphome/components/pn7150/pn7150.cpp,106,esp-idf,log,component-local
esphome/components/pn7150/pn7150.cpp,111,esp-idf,log,component-local
esphome/components/pn7150/pn7150.cpp,116,esp-idf,log,component-local
esphome/components/pn7150/pn7150.cpp,121,esp-idf,log,component-local
esphome/components/pn7150/pn7150.cpp,126,esp-idf,log,component-local
esphome/components/pn7150/pn7150.cpp,147,esp-idf,log,component-local
esphome/components/pn7150/pn7150.cpp,169,esp-idf,log,component-local
esphome/components/pn7150/pn7150.cpp,175,esp-idf,log,component-local
esphome/components/pn7150/pn7150.cpp,183,esp-idf,log,component-local
esphome/components/pn7150/pn7150.cpp,194,esp-idf,log,component-local
esphome/components/pn7150/pn7150.cpp,198,esp-idf,log,component-local
esphome/components/pn7150/pn7150.cpp,206,esp-idf,log,component-local
esphome/components/pn7150/pn7150.cpp,227,esp-idf,log,component-local
esphome/components/pn7150/pn7150.cpp,233,esp-idf,log,component-local
esphome/components/pn7150/pn7150.cpp,241,esp-idf,log,component-local
esphome/components/pn7150/pn7150.cpp,245,esp-idf,log,component-local
esphome/components/pn7150/pn7150.cpp,257,esp-idf,log,component-local
esphome/components/pn7150/pn7150.cpp,263,esp-idf,log,component-local
esphome/components/pn7150/pn7150.cpp,273,esp-idf,log,component-local
esphome/components/pn7150/pn7150.cpp,290,esp-idf,log,component-local
esphome/components/pn7150/pn7150.cpp,298,esp-idf,log,component-local
esphome/components/pn7150/pn7150.cpp,321,esp-idf,log,component-local
esphome/components/pn7150/pn7150.cpp,341,esp-idf,log,component-local
esphome/components/pn7150/pn7150.cpp,357,esp-idf,log,component-local
esphome/components/pn7150/pn7150.cpp,370,esp-idf,log,component-local
esphome/components/pn7150/pn7150.cpp,409,esp-idf,log,component-local
esphome/components/pn7150/pn7150.cpp,433,esp-idf,log,component-local
esphome/components/pn7150/pn7150.cpp,453,esp-idf,log,component-local
esphome/components/pn7150/pn7150.cpp,464,esp-idf,log,component-local
esphome/components/pn7150/pn7150.cpp,468,esp-idf,log,component-local
esphome/components/pn7150/pn7150.cpp,473,esp-idf,log,component-local
esphome/components/pn7150/pn7150.cpp,489,esp-idf,log,component-local
esphome/components/pn7150/pn7150.cpp,505,esp-idf,log,component-local
esphome/components/pn7150/pn7150.cpp,521,esp-idf,log,component-local
esphome/components/pn7150/pn7150.cpp,532,esp-idf,log,component-local
esphome/components/pn7150/pn7150.cpp,580,esp-idf,log,component-local
esphome/components/pn7150/pn7150.cpp,589,esp-idf,log,component-local
esphome/components/pn7150/pn7150.cpp,599,esp-idf,log,component-local
esphome/components/pn7150/pn7150.cpp,609,esp-idf,log,component-local
esphome/components/pn7150/pn7150.cpp,620,esp-idf,log,component-local
esphome/components/pn7150/pn7150.cpp,630,esp-idf,log,component-local
esphome/components/pn7150/pn7150.cpp,652,esp-idf,log,component-local
esphome/components/pn7150/pn7150.cpp,702,esp-idf,log,component-local
esphome/components/pn7150/pn7150.cpp,706,esp-idf,log,component-local
esphome/components/pn7150/pn7150.cpp,739,esp-idf,log,component-local
esphome/components/pn7150/pn7150.cpp,744,esp-idf,log,component-local
esphome/components/pn7150/pn7150.cpp,747,esp-idf,log,component-local
esphome/components/pn7150/pn7150.cpp,752,esp-idf,log,component-local
esphome/components/pn7150/pn7150.cpp,765,esp-idf,log,component-local
esphome/components/pn7150/pn7150.cpp,769,esp-idf,log,component-local
esphome/components/pn7150/pn7150.cpp,775,esp-idf,log,component-local
esphome/components/pn7150/pn7150.cpp,779,esp-idf,log,component-local
esphome/components/pn7150/pn7150.cpp,785,esp-idf,log,component-local
esphome/components/pn7150/pn7150.cpp,792,esp-idf,log,component-local
esphome/components/pn7150/pn7150.cpp,802,esp-idf,log,component-local
esphome/components/pn7150/pn7150.cpp,829,esp-idf,log,component-local
esphome/components/pn7150/pn7150.cpp,848,esp-idf,log,component-local
esphome/components/pn7150/pn7150.cpp,850,esp-idf,log,component-local
esphome/components/pn7150/pn7150.cpp,852,esp-idf,log,component-local
esphome/components/pn7150/pn7150.cpp,856,esp-idf,log,component-local
esphome/components/pn7150/pn7150.cpp,858,esp-idf,log,component-local
esphome/components/pn7150/pn7150.cpp,860,esp-idf,log,component-local
esphome/components/pn7150/pn7150.cpp,865,esp-idf,log,component-local
esphome/components/pn7150/pn7150.cpp,868,esp-idf,log,component-local
esphome/components/pn7150/pn7150.cpp,870,esp-idf,log,component-local
esphome/components/pn7150/pn7150.cpp,873,esp-idf,log,component-local
esphome/components/pn7150/pn7150.cpp,875,esp-idf,log,component-local
esphome/components/pn7150/pn7150.cpp,886,esp-idf,log,component-local
esphome/components/pn7150/pn7150.cpp,889,esp-idf,log,component-local
esphome/components/pn7150/pn7150.cpp,893,esp-idf,log,component-local
esphome/components/pn7150/pn7150.cpp,895,esp-idf,log,component-local
esphome/components/pn7150/pn7150.cpp,898,esp-idf,log,component-local
esphome/components/pn7150/pn7150.cpp,927,esp-idf,log,component-local
esphome/components/pn7150/pn7150.cpp,995,esp-idf,log,component-local
esphome/components/pn7150/pn7150.cpp,1001,esp-idf,log,component-local
esphome/components/pn7150/pn7150.cpp,1070,esp-idf,log,component-local
esphome/components/pn7150/pn7150.cpp,1087,esp-idf,log,component-local
esphome/components/pn7150/pn7150.cpp,1101,esp-idf,log,component-local
esphome/components/pn7150/pn7150.cpp,1107,esp-idf,log,component-local
esphome/components/pn7150/pn7150.cpp,1109,esp-idf,log,component-local
esphome/components/pn7150/pn7150.cpp,1121,esp-idf,log,component-local
esphome/components/pn7150/pn7150.cpp,1126,esp-idf,log,component-local
esphome/components/pn7150/pn7150.cpp,1133,esp-idf,log,component-local
esphome/components/pn7150/pn7150.cpp,1140,esp-idf,log,component-local
esphome/components/pn7150/pn7150.cpp,1158,esp-idf,log,component-local
esphome/components/pn7150/pn7150_mifare_classic.cpp,17,esp-idf,log,component-local
esphome/components/pn7150/pn7150_mifare_classic.cpp,27,esp-idf,log,component-local
esphome/components/pn7150/pn7150_mifare_classic.cpp,38,esp-idf,log,component-local
esphome/components/pn7150/pn7150_mifare_classic.cpp,44,esp-idf,log,component-local
esphome/components/pn7150/pn7150_mifare_classic.cpp,76,esp-idf,log,component-local
esphome/components/pn7150/pn7150_mifare_classic.cpp,82,esp-idf,log,component-local
esphome/components/pn7150/pn7150_mifare_classic.cpp,83,esp-idf,log,component-local
esphome/components/pn7150/pn7150_mifare_classic.cpp,118,esp-idf,log,component-local
esphome/components/pn7150/pn7150_mifare_classic.cpp,123,esp-idf,log,component-local
esphome/components/pn7150/pn7150_mifare_classic.cpp,128,esp-idf,log,component-local
esphome/components/pn7150/pn7150_mifare_classic.cpp,155,esp-idf,log,component-local
esphome/components/pn7150/pn7150_mifare_classic.cpp,160,esp-idf,log,component-local
esphome/components/pn7150/pn7150_mifare_classic.cpp,164,esp-idf,log,component-local
esphome/components/pn7150/pn7150_mifare_classic.cpp,168,esp-idf,log,component-local
esphome/components/pn7150/pn7150_mifare_classic.cpp,191,esp-idf,log,component-local
esphome/components/pn7150/pn7150_mifare_classic.cpp,204,esp-idf,log,component-local
esphome/components/pn7150/pn7150_mifare_classic.cpp,215,esp-idf,log,component-local
esphome/components/pn7150/pn7150_mifare_classic.cpp,220,esp-idf,log,component-local
esphome/components/pn7150/pn7150_mifare_classic.cpp,225,esp-idf,log,component-local
esphome/components/pn7150/pn7150_mifare_classic.cpp,229,esp-idf,log,component-local
esphome/components/pn7150/pn7150_mifare_classic.cpp,233,esp-idf,log,component-local
esphome/components/pn7150/pn7150_mifare_classic.cpp,247,esp-idf,log,component-local
esphome/components/pn7150/pn7150_mifare_classic.cpp,256,esp-idf,log,component-local
esphome/components/pn7150/pn7150_mifare_classic.cpp,262,esp-idf,log,component-local
esphome/components/pn7150/pn7150_mifare_classic.cpp,263,esp-idf,log,component-local
esphome/components/pn7150/pn7150_mifare_classic.cpp,320,esp-idf,log,component-local
esphome/components/pn7150/pn7150_mifare_ultralight.cpp,21,esp-idf,log,component-local
esphome/components/pn7150/pn7150_mifare_ultralight.cpp,28,esp-idf,log,component-local
esphome/components/pn7150/pn7150_mifare_ultralight.cpp,41,esp-idf,log,component-local
esphome/components/pn7150/pn7150_mifare_ultralight.cpp,62,esp-idf,log,component-local
esphome/components/pn7150/pn7150_mifare_ultralight.cpp,92,esp-idf,log,component-local
esphome/components/pn7150/pn7150_mifare_ultralight.cpp,127,esp-idf,log,component-local
esphome/components/pn7150/pn7150_mifare_ultralight.cpp,179,esp-idf,log,component-local
esphome/components/pn7150_i2c/pn7150_i2c.cpp,11,esp-idf,log,component-local
esphome/components/pn7150_i2c/pn7150_i2c.cpp,29,esp-idf,log,component-local
esphome/components/pn7160/pn7160.cpp,46,esp-idf,log,component-local
esphome/components/pn7160/pn7160.cpp,68,esp-idf,log,component-local
esphome/components/pn7160/pn7160.cpp,80,esp-idf,log,component-local
esphome/components/pn7160/pn7160.cpp,85,esp-idf,log,component-local
esphome/components/pn7160/pn7160.cpp,92,esp-idf,log,component-local
esphome/components/pn7160/pn7160.cpp,100,esp-idf,log,component-local
esphome/components/pn7160/pn7160.cpp,108,esp-idf,log,component-local
esphome/components/pn7160/pn7160.cpp,113,esp-idf,log,component-local
esphome/components/pn7160/pn7160.cpp,118,esp-idf,log,component-local
esphome/components/pn7160/pn7160.cpp,123,esp-idf,log,component-local
esphome/components/pn7160/pn7160.cpp,128,esp-idf,log,component-local
esphome/components/pn7160/pn7160.cpp,133,esp-idf,log,component-local
esphome/components/pn7160/pn7160.cpp,138,esp-idf,log,component-local
esphome/components/pn7160/pn7160.cpp,159,esp-idf,log,component-local
esphome/components/pn7160/pn7160.cpp,181,esp-idf,log,component-local
esphome/components/pn7160/pn7160.cpp,187,esp-idf,log,component-local
esphome/components/pn7160/pn7160.cpp,195,esp-idf,log,component-local
esphome/components/pn7160/pn7160.cpp,206,esp-idf,log,component-local
esphome/components/pn7160/pn7160.cpp,210,esp-idf,log,component-local
esphome/components/pn7160/pn7160.cpp,218,esp-idf,log,component-local
esphome/components/pn7160/pn7160.cpp,244,esp-idf,log,component-local
esphome/components/pn7160/pn7160.cpp,250,esp-idf,log,component-local
esphome/components/pn7160/pn7160.cpp,255,esp-idf,log,component-local
esphome/components/pn7160/pn7160.cpp,263,esp-idf,log,component-local
esphome/components/pn7160/pn7160.cpp,267,esp-idf,log,component-local
esphome/components/pn7160/pn7160.cpp,272,esp-idf,log,component-local
esphome/components/pn7160/pn7160.cpp,282,esp-idf,log,component-local
esphome/components/pn7160/pn7160.cpp,288,esp-idf,log,component-local
esphome/components/pn7160/pn7160.cpp,299,esp-idf,log,component-local
esphome/components/pn7160/pn7160.cpp,317,esp-idf,log,component-local
esphome/components/pn7160/pn7160.cpp,325,esp-idf,log,component-local
esphome/components/pn7160/pn7160.cpp,348,esp-idf,log,component-local
esphome/components/pn7160/pn7160.cpp,368,esp-idf,log,component-local
esphome/components/pn7160/pn7160.cpp,384,esp-idf,log,component-local
esphome/components/pn7160/pn7160.cpp,397,esp-idf,log,component-local
esphome/components/pn7160/pn7160.cpp,436,esp-idf,log,component-local
esphome/components/pn7160/pn7160.cpp,460,esp-idf,log,component-local
esphome/components/pn7160/pn7160.cpp,480,esp-idf,log,component-local
esphome/components/pn7160/pn7160.cpp,491,esp-idf,log,component-local
esphome/components/pn7160/pn7160.cpp,495,esp-idf,log,component-local
esphome/components/pn7160/pn7160.cpp,500,esp-idf,log,component-local
esphome/components/pn7160/pn7160.cpp,516,esp-idf,log,component-local
esphome/components/pn7160/pn7160.cpp,532,esp-idf,log,component-local
esphome/components/pn7160/pn7160.cpp,548,esp-idf,log,component-local
esphome/components/pn7160/pn7160.cpp,559,esp-idf,log,component-local
esphome/components/pn7160/pn7160.cpp,607,esp-idf,log,component-local
esphome/components/pn7160/pn7160.cpp,616,esp-idf,log,component-local
esphome/components/pn7160/pn7160.cpp,626,esp-idf,log,component-local
esphome/components/pn7160/pn7160.cpp,636,esp-idf,log,component-local
esphome/components/pn7160/pn7160.cpp,647,esp-idf,log,component-local
esphome/components/pn7160/pn7160.cpp,657,esp-idf,log,component-local
esphome/components/pn7160/pn7160.cpp,679,esp-idf,log,component-local
esphome/components/pn7160/pn7160.cpp,728,esp-idf,log,component-local
esphome/components/pn7160/pn7160.cpp,732,esp-idf,log,component-local
esphome/components/pn7160/pn7160.cpp,765,esp-idf,log,component-local
esphome/components/pn7160/pn7160.cpp,770,esp-idf,log,component-local
esphome/components/pn7160/pn7160.cpp,773,esp-idf,log,component-local
esphome/components/pn7160/pn7160.cpp,778,esp-idf,log,component-local
esphome/components/pn7160/pn7160.cpp,791,esp-idf,log,component-local
esphome/components/pn7160/pn7160.cpp,795,esp-idf,log,component-local
esphome/components/pn7160/pn7160.cpp,801,esp-idf,log,component-local
esphome/components/pn7160/pn7160.cpp,805,esp-idf,log,component-local
esphome/components/pn7160/pn7160.cpp,811,esp-idf,log,component-local
esphome/components/pn7160/pn7160.cpp,818,esp-idf,log,component-local
esphome/components/pn7160/pn7160.cpp,828,esp-idf,log,component-local
esphome/components/pn7160/pn7160.cpp,855,esp-idf,log,component-local
esphome/components/pn7160/pn7160.cpp,874,esp-idf,log,component-local
esphome/components/pn7160/pn7160.cpp,876,esp-idf,log,component-local
esphome/components/pn7160/pn7160.cpp,878,esp-idf,log,component-local
esphome/components/pn7160/pn7160.cpp,882,esp-idf,log,component-local
esphome/components/pn7160/pn7160.cpp,884,esp-idf,log,component-local
esphome/components/pn7160/pn7160.cpp,886,esp-idf,log,component-local
esphome/components/pn7160/pn7160.cpp,891,esp-idf,log,component-local
esphome/components/pn7160/pn7160.cpp,894,esp-idf,log,component-local
esphome/components/pn7160/pn7160.cpp,896,esp-idf,log,component-local
esphome/components/pn7160/pn7160.cpp,899,esp-idf,log,component-local
esphome/components/pn7160/pn7160.cpp,901,esp-idf,log,component-local
esphome/components/pn7160/pn7160.cpp,912,esp-idf,log,component-local
esphome/components/pn7160/pn7160.cpp,915,esp-idf,log,component-local
esphome/components/pn7160/pn7160.cpp,919,esp-idf,log,component-local
esphome/components/pn7160/pn7160.cpp,921,esp-idf,log,component-local
esphome/components/pn7160/pn7160.cpp,924,esp-idf,log,component-local
esphome/components/pn7160/pn7160.cpp,953,esp-idf,log,component-local
esphome/components/pn7160/pn7160.cpp,1021,esp-idf,log,component-local
esphome/components/pn7160/pn7160.cpp,1027,esp-idf,log,component-local
esphome/components/pn7160/pn7160.cpp,1096,esp-idf,log,component-local
esphome/components/pn7160/pn7160.cpp,1113,esp-idf,log,component-local
esphome/components/pn7160/pn7160.cpp,1127,esp-idf,log,component-local
esphome/components/pn7160/pn7160.cpp,1133,esp-idf,log,component-local
esphome/components/pn7160/pn7160.cpp,1135,esp-idf,log,component-local
esphome/components/pn7160/pn7160.cpp,1147,esp-idf,log,component-local
esphome/components/pn7160/pn7160.cpp,1152,esp-idf,log,component-local
esphome/components/pn7160/pn7160.cpp,1159,esp-idf,log,component-local
esphome/components/pn7160/pn7160.cpp,1166,esp-idf,log,component-local
esphome/components/pn7160/pn7160.cpp,1184,esp-idf,log,component-local
esphome/components/pn7160/pn7160_mifare_classic.cpp,17,esp-idf,log,component-local
esphome/components/pn7160/pn7160_mifare_classic.cpp,27,esp-idf,log,component-local
esphome/components/pn7160/pn7160_mifare_classic.cpp,38,esp-idf,log,component-local
esphome/components/pn7160/pn7160_mifare_classic.cpp,44,esp-idf,log,component-local
esphome/components/pn7160/pn7160_mifare_classic.cpp,76,esp-idf,log,component-local
esphome/components/pn7160/pn7160_mifare_classic.cpp,82,esp-idf,log,component-local
esphome/components/pn7160/pn7160_mifare_classic.cpp,83,esp-idf,log,component-local
esphome/components/pn7160/pn7160_mifare_classic.cpp,118,esp-idf,log,component-local
esphome/components/pn7160/pn7160_mifare_classic.cpp,123,esp-idf,log,component-local
esphome/components/pn7160/pn7160_mifare_classic.cpp,128,esp-idf,log,component-local
esphome/components/pn7160/pn7160_mifare_classic.cpp,155,esp-idf,log,component-local
esphome/components/pn7160/pn7160_mifare_classic.cpp,160,esp-idf,log,component-local
esphome/components/pn7160/pn7160_mifare_classic.cpp,164,esp-idf,log,component-local
esphome/components/pn7160/pn7160_mifare_classic.cpp,168,esp-idf,log,component-local
esphome/components/pn7160/pn7160_mifare_classic.cpp,191,esp-idf,log,component-local
esphome/components/pn7160/pn7160_mifare_classic.cpp,204,esp-idf,log,component-local
esphome/components/pn7160/pn7160_mifare_classic.cpp,215,esp-idf,log,component-local
esphome/components/pn7160/pn7160_mifare_classic.cpp,220,esp-idf,log,component-local
esphome/components/pn7160/pn7160_mifare_classic.cpp,225,esp-idf,log,component-local
esphome/components/pn7160/pn7160_mifare_classic.cpp,229,esp-idf,log,component-local
esphome/components/pn7160/pn7160_mifare_classic.cpp,233,esp-idf,log,component-local
esphome/components/pn7160/pn7160_mifare_classic.cpp,247,esp-idf,log,component-local
esphome/components/pn7160/pn7160_mifare_classic.cpp,256,esp-idf,log,component-local
esphome/components/pn7160/pn7160_mifare_classic.cpp,262,esp-idf,log,component-local
esphome/components/pn7160/pn7160_mifare_classic.cpp,263,esp-idf,log,component-local
esphome/components/pn7160/pn7160_mifare_classic.cpp,320,esp-idf,log,component-local
esphome/components/pn7160/pn7160_mifare_ultralight.cpp,21,esp-idf,log,component-local
esphome/components/pn7160/pn7160_mifare_ultralight.cpp,28,esp-idf,log,component-local
esphome/components/pn7160/pn7160_mifare_ultralight.cpp,41,esp-idf,log,component-local
esphome/components/pn7160/pn7160_mifare_ultralight.cpp,62,esp-idf,log,component-local
esphome/components/pn7160/pn7160_mifare_ultralight.cpp,92,esp-idf,log,component-local
esphome/components/pn7160/pn7160_mifare_ultralight.cpp,127,esp-idf,log,component-local
esphome/components/pn7160/pn7160_mifare_ultralight.cpp,179,esp-idf,log,component-local
esphome/components/pn7160_i2c/pn7160_i2c.cpp,11,esp-idf,log,component-local
esphome/components/pn7160_i2c/pn7160_i2c.cpp,29,esp-idf,log,component-local
esphome/components/pn7160_spi/__init__.py,20,esp-idf,i2c-spi,python
esphome/components/pn7160_spi/pn7160_spi.cpp,16,esp-idf,log,component-local
esphome/components/pn7160_spi/pn7160_spi.cpp,33,esp-idf,log,component-local
esphome/components/power_supply/power_supply.cpp,35,esp-idf,log,component-local
esphome/components/power_supply/power_supply.cpp,44,esp-idf,log,component-local
esphome/components/power_supply/power_supply.cpp,50,esp-idf,log,component-local
esphome/components/provisioning/provisioning.cpp,33,esp-idf,log,component-local
esphome/components/provisioning/provisioning.cpp,76,esp-idf,log,component-local
esphome/components/psram/psram.cpp,4,esp-idf,include,component-local
esphome/components/psram/psram.cpp,5,esp-idf,include,component-local
esphome/components/psram/psram.cpp,9,esp-idf,include,component-local
esphome/components/pulse_counter/pulse_counter_sensor.cpp,5,esp-idf,include,component-local
esphome/components/pulse_counter/pulse_counter_sensor.cpp,6,esp-idf,include,component-local
esphome/components/pulse_counter/pulse_counter_sensor.cpp,7,esp-idf,include,component-local
esphome/components/pulse_counter/pulse_counter_sensor.cpp,25,esp-idf,iram-attr,component-local
esphome/components/pulse_counter/pulse_counter_sensor.cpp,72,esp-idf,err-type,component-local
esphome/components/pulse_counter/pulse_counter_sensor.cpp,73,esp-idf,err-type,component-local
esphome/components/pulse_counter/pulse_counter_sensor.cpp,74,esp-idf,log,component-local
esphome/components/pulse_counter/pulse_counter_sensor.cpp,83,esp-idf,err-type,component-local
esphome/components/pulse_counter/pulse_counter_sensor.cpp,84,esp-idf,log,component-local
esphome/components/pulse_counter/pulse_counter_sensor.cpp,114,esp-idf,err-type,component-local
esphome/components/pulse_counter/pulse_counter_sensor.cpp,115,esp-idf,log,component-local
esphome/components/pulse_counter/pulse_counter_sensor.cpp,125,esp-idf,err-type,component-local
esphome/components/pulse_counter/pulse_counter_sensor.cpp,126,esp-idf,log,component-local
esphome/components/pulse_counter/pulse_counter_sensor.cpp,132,esp-idf,err-type,component-local
esphome/components/pulse_counter/pulse_counter_sensor.cpp,133,esp-idf,log,component-local
esphome/components/pulse_counter/pulse_counter_sensor.cpp,137,esp-idf,err-type,component-local
esphome/components/pulse_counter/pulse_counter_sensor.cpp,138,esp-idf,log,component-local
esphome/components/pulse_counter/pulse_counter_sensor.cpp,143,esp-idf,err-type,component-local
esphome/components/pulse_counter/pulse_counter_sensor.cpp,144,esp-idf,log,component-local
esphome/components/pulse_counter/pulse_counter_sensor.cpp,148,esp-idf,err-type,component-local
esphome/components/pulse_counter/pulse_counter_sensor.cpp,149,esp-idf,log,component-local
esphome/components/pulse_counter/pulse_counter_sensor.cpp,153,esp-idf,err-type,component-local
esphome/components/pulse_counter/pulse_counter_sensor.cpp,154,esp-idf,log,component-local
esphome/components/pulse_counter/pulse_counter_sensor.cpp,200,esp-idf,log,component-local
esphome/components/pulse_counter/pulse_counter_sensor.cpp,206,esp-idf,log,component-local
esphome/components/pulse_counter/pulse_counter_sensor.h,10,esp-idf,include,component-local
esphome/components/pulse_counter/pulse_counter_sensor.h,12,esp-idf,include,component-local
esphome/components/pulse_meter/pulse_meter_sensor.cpp,101,esp-idf,log,component-local
esphome/components/pulse_meter/pulse_meter_sensor.cpp,119,esp-idf,log,component-local
esphome/components/pulse_meter/pulse_meter_sensor.cpp,142,esp-idf,iram-attr,component-local
esphome/components/pulse_meter/pulse_meter_sensor.cpp,160,esp-idf,iram-attr,component-local
esphome/components/pulse_width/pulse_width.cpp,8,esp-idf,iram-attr,component-local
esphome/components/pvvx_mithermometer/display/pvvx_display.cpp,35,esp-idf,log,component-local
esphome/components/pvvx_mithermometer/display/pvvx_display.cpp,40,esp-idf,log,component-local
esphome/components/pvvx_mithermometer/display/pvvx_display.cpp,48,esp-idf,log,component-local
esphome/components/pvvx_mithermometer/display/pvvx_display.cpp,73,esp-idf,log,component-local
esphome/components/pvvx_mithermometer/display/pvvx_display.cpp,77,esp-idf,log,component-local
esphome/components/pvvx_mithermometer/display/pvvx_display.cpp,96,esp-idf,log,component-local
esphome/components/pvvx_mithermometer/display/pvvx_display.cpp,101,esp-idf,log,component-local
esphome/components/pvvx_mithermometer/display/pvvx_display.cpp,105,esp-idf,log,component-local
esphome/components/pvvx_mithermometer/display/pvvx_display.cpp,108,esp-idf,log,component-local
esphome/components/pvvx_mithermometer/display/pvvx_display.cpp,133,esp-idf,log,component-local
esphome/components/pvvx_mithermometer/display/pvvx_display.cpp,140,esp-idf,log,component-local
esphome/components/pvvx_mithermometer/display/pvvx_display.cpp,142,esp-idf,log,component-local
esphome/components/pvvx_mithermometer/display/pvvx_display.cpp,166,esp-idf,log,component-local
esphome/components/pvvx_mithermometer/display/pvvx_display.cpp,170,esp-idf,log,component-local
esphome/components/pvvx_mithermometer/display/pvvx_display.cpp,175,esp-idf,log,component-local
esphome/components/pvvx_mithermometer/display/pvvx_display.cpp,180,esp-idf,log,component-local
esphome/components/pvvx_mithermometer/display/pvvx_display.h,14,esp-idf,include,component-local
esphome/components/pvvx_mithermometer/pvvx_mithermometer.cpp,122,esp-idf,log,component-local
esphome/components/pvvx_mithermometer/pvvx_mithermometer.cpp,125,esp-idf,log,component-local
esphome/components/pvvx_mithermometer/pvvx_mithermometer.cpp,128,esp-idf,log,component-local
esphome/components/pvvx_mithermometer/pvvx_mithermometer.cpp,131,esp-idf,log,component-local
esphome/components/pvvx_mithermometer/pvvx_mithermometer.cpp,134,esp-idf,log,component-local
esphome/components/pylontech/pylontech.cpp,13,esp-idf,log,component-local
esphome/components/pylontech/pylontech.cpp,22,esp-idf,log,component-local
esphome/components/pylontech/pylontech.cpp,38,esp-idf,log,component-local
esphome/components/pylontech/pylontech.cpp,79,esp-idf,log,component-local
esphome/components/pylontech/pylontech.cpp,91,esp-idf,log,component-local
esphome/components/pylontech/pylontech.cpp,139,esp-idf,log,component-local
esphome/components/pylontech/pylontech.cpp,144,esp-idf,log,component-local
esphome/components/pylontech/pylontech.cpp,183,esp-idf,log,component-local
esphome/components/pylontech/pylontech.cpp,193,esp-idf,log,component-local
esphome/components/pzem004t/pzem004t.cpp,42,esp-idf,log,component-local
esphome/components/pzem004t/pzem004t.cpp,56,esp-idf,log,component-local
esphome/components/pzem004t/pzem004t.cpp,65,esp-idf,log,component-local
esphome/components/pzem004t/pzem004t.cpp,73,esp-idf,log,component-local
esphome/components/pzem004t/pzem004t.cpp,82,esp-idf,log,component-local
esphome/components/pzemac/pzemac.cpp,57,esp-idf,log,component-local
esphome/components/pzemac/pzemac.cpp,59,esp-idf,log,component-local
esphome/components/pzemdc/pzemdc.cpp,53,esp-idf,log,component-local
esphome/components/pzemdc/pzemdc.cpp,55,esp-idf,log,component-local
esphome/components/qmc5883l/qmc5883l.cpp,27,esp-idf,iram-attr,component-local
esphome/components/qmc5883l/qmc5883l.cpp,85,esp-idf,log,component-local
esphome/components/qmc5883l/qmc5883l.cpp,192,esp-idf,log,component-local
esphome/components/qmc5883l/qmc5883l.h,47,esp-idf,iram-attr,component-local
esphome/components/qmi8658/qmi8658.cpp,30,esp-idf,log,component-local
esphome/components/qmi8658/qmi8658.cpp,35,esp-idf,log,component-local
esphome/components/qmi8658/qmi8658.cpp,85,esp-idf,log,component-local
esphome/components/qmi8658/qmi8658.cpp,105,esp-idf,log,component-local
esphome/components/qmi8658/qmi8658.cpp,114,esp-idf,log,component-local
esphome/components/qmi8658/qmi8658.cpp,123,esp-idf,log,component-local
esphome/components/qmp6988/qmp6988.cpp,92,esp-idf,log,component-local
esphome/components/qmp6988/qmp6988.cpp,95,esp-idf,log,component-local
esphome/components/qmp6988/qmp6988.cpp,106,esp-idf,log,component-local
esphome/components/qmp6988/qmp6988.cpp,131,esp-idf,log,component-local
esphome/components/qmp6988/qmp6988.cpp,155,esp-idf,log,component-local
esphome/components/qmp6988/qmp6988.cpp,220,esp-idf,log,component-local
esphome/components/qmp6988/qmp6988.cpp,230,esp-idf,log,component-local
esphome/components/qmp6988/qmp6988.cpp,244,esp-idf,log,component-local
esphome/components/qmp6988/qmp6988.cpp,292,esp-idf,log,component-local
esphome/components/qmp6988/qmp6988.cpp,348,esp-idf,log,component-local
esphome/components/qr_code/qr_code.cpp,28,esp-idf,log,component-local
esphome/components/qr_code/qr_code.cpp,42,esp-idf,log,component-local
esphome/components/qr_code/qr_code.cpp,47,esp-idf,log,component-local
esphome/components/qspi_dbi/display.py,117,esp-idf,i2c-spi,python
esphome/components/qspi_dbi/qspi_dbi.cpp,183,esp-idf,log,component-local
esphome/components/qspi_dbi/qspi_dbi.cpp,194,esp-idf,log,component-local
esphome/components/qspi_dbi/qspi_dbi.cpp,200,esp-idf,log,component-local
esphome/components/qspi_dbi/qspi_dbi.cpp,205,esp-idf,log,component-local
esphome/components/qspi_dbi/qspi_dbi.h,12,esp-idf,include,component-local
esphome/components/qwiic_pir/qwiic_pir.cpp,12,esp-idf,log,component-local
esphome/components/qwiic_pir/qwiic_pir.cpp,19,esp-idf,log,component-local
esphome/components/qwiic_pir/qwiic_pir.cpp,26,esp-idf,log,component-local
esphome/components/qwiic_pir/qwiic_pir.cpp,36,esp-idf,log,component-local
esphome/components/qwiic_pir/qwiic_pir.cpp,49,esp-idf,log,component-local
esphome/components/qwiic_pir/qwiic_pir.cpp,111,esp-idf,log,component-local
esphome/components/qwiic_pir/qwiic_pir.cpp,114,esp-idf,log,component-local
esphome/components/qwiic_pir/qwiic_pir.cpp,117,esp-idf,log,component-local
esphome/components/qwiic_pir/qwiic_pir.cpp,128,esp-idf,log,component-local
esphome/components/radon_eye_ble/radon_eye_listener.cpp,13,esp-idf,log,component-local
esphome/components/radon_eye_rd200/radon_eye_rd200.cpp,33,esp-idf,log,component-local
esphome/components/radon_eye_rd200/radon_eye_rd200.cpp,39,esp-idf,log,component-local
esphome/components/radon_eye_rd200/radon_eye_rd200.cpp,55,esp-idf,log,component-local
esphome/components/radon_eye_rd200/radon_eye_rd200.cpp,65,esp-idf,log,component-local
esphome/components/radon_eye_rd200/radon_eye_rd200.cpp,75,esp-idf,log,component-local
esphome/components/radon_eye_rd200/radon_eye_rd200.cpp,81,esp-idf,err-type,component-local
esphome/components/radon_eye_rd200/radon_eye_rd200.cpp,84,esp-idf,log,component-local
esphome/components/radon_eye_rd200/radon_eye_rd200.cpp,91,esp-idf,log,component-local
esphome/components/radon_eye_rd200/radon_eye_rd200.cpp,94,esp-idf,log,component-local
esphome/components/radon_eye_rd200/radon_eye_rd200.cpp,96,esp-idf,err-type,component-local
esphome/components/radon_eye_rd200/radon_eye_rd200.cpp,100,esp-idf,log,component-local
esphome/components/radon_eye_rd200/radon_eye_rd200.cpp,107,esp-idf,log,component-local
esphome/components/radon_eye_rd200/radon_eye_rd200.cpp,109,esp-idf,log,component-local
esphome/components/radon_eye_rd200/radon_eye_rd200.cpp,122,esp-idf,log,component-local
esphome/components/radon_eye_rd200/radon_eye_rd200.cpp,129,esp-idf,log,component-local
esphome/components/radon_eye_rd200/radon_eye_rd200.cpp,137,esp-idf,log,component-local
esphome/components/radon_eye_rd200/radon_eye_rd200.cpp,165,esp-idf,log,component-local
esphome/components/radon_eye_rd200/radon_eye_rd200.cpp,175,esp-idf,log,component-local
esphome/components/radon_eye_rd200/radon_eye_rd200.cpp,178,esp-idf,log,component-local
esphome/components/radon_eye_rd200/radon_eye_rd200.cpp,183,esp-idf,log,component-local
esphome/components/radon_eye_rd200/radon_eye_rd200.cpp,198,esp-idf,log,component-local
esphome/components/radon_eye_rd200/radon_eye_rd200.cpp,201,esp-idf,log,component-local
esphome/components/radon_eye_rd200/radon_eye_rd200.h,5,esp-idf,include,component-local
esphome/components/rc522/rc522.cpp,28,esp-idf,log,component-local
esphome/components/rc522/rc522.cpp,51,esp-idf,log,component-local
esphome/components/rc522/rc522.cpp,83,esp-idf,log,component-local
esphome/components/rc522/rc522.cpp,104,esp-idf,log,component-local
esphome/components/rc522/rc522.cpp,131,esp-idf,log,component-local
esphome/components/rc522/rc522.cpp,139,esp-idf,log,component-local
esphome/components/rc522/rc522.cpp,142,esp-idf,log,component-local
esphome/components/rc522/rc522.cpp,145,esp-idf,log,component-local
esphome/components/rc522/rc522.cpp,157,esp-idf,log,component-local
esphome/components/rc522/rc522.cpp,169,esp-idf,log,component-local
esphome/components/rc522/rc522.cpp,195,esp-idf,log,component-local
esphome/components/rc522/rc522.cpp,198,esp-idf,log,component-local
esphome/components/rc522/rc522.cpp,245,esp-idf,log,component-local
esphome/components/rc522/rc522.cpp,253,esp-idf,log,component-local
esphome/components/rc522/rc522.cpp,281,esp-idf,log,component-local
esphome/components/rc522/rc522.cpp,289,esp-idf,log,component-local
esphome/components/rc522/rc522.cpp,296,esp-idf,log,component-local
esphome/components/rc522/rc522.cpp,352,esp-idf,log,component-local
esphome/components/rc522/rc522.cpp,387,esp-idf,log,component-local
esphome/components/rc522/rc522.cpp,417,esp-idf,log,component-local
esphome/components/rc522/rc522.cpp,423,esp-idf,log,component-local
esphome/components/rc522/rc522.cpp,429,esp-idf,log,component-local
esphome/components/rc522/rc522.cpp,474,esp-idf,log,component-local
esphome/components/rc522_spi/__init__.py,20,esp-idf,i2c-spi,python
esphome/components/rd03d/rd03d.cpp,124,esp-idf,log,component-local
esphome/components/rd03d/rd03d.cpp,268,esp-idf,log,component-local
esphome/components/rdm6300/rdm6300.cpp,17,esp-idf,log,component-local
esphome/components/rdm6300/rdm6300.cpp,39,esp-idf,log,component-local
esphome/components/rdm6300/rdm6300.cpp,47,esp-idf,log,component-local
esphome/components/rdm6300/rdm6300.cpp,62,esp-idf,log,component-local
esphome/components/remote_base/abbwelcome_protocol.cpp,54,esp-idf,log,component-local
esphome/components/remote_base/abbwelcome_protocol.cpp,98,esp-idf,log,component-local
esphome/components/remote_base/abbwelcome_protocol.cpp,112,esp-idf,log,component-local
esphome/components/remote_base/abbwelcome_protocol.cpp,115,esp-idf,log,component-local
esphome/components/remote_base/abbwelcome_protocol.cpp,122,esp-idf,log,component-local
esphome/components/remote_base/aeha_protocol.cpp,97,esp-idf,log,component-local
esphome/components/remote_base/beo4_protocol.cpp,85,esp-idf,log,component-local
esphome/components/remote_base/beo4_protocol.cpp,148,esp-idf,log,component-local
esphome/components/remote_base/brennenstuhl_protocol.cpp,141,esp-idf,log,component-local
esphome/components/remote_base/byronsx_protocol.cpp,55,esp-idf,log,component-local
esphome/components/remote_base/byronsx_protocol.cpp,61,esp-idf,log,component-local
esphome/components/remote_base/byronsx_protocol.cpp,114,esp-idf,log,component-local
esphome/components/remote_base/byronsx_protocol.cpp,122,esp-idf,log,component-local
esphome/components/remote_base/byronsx_protocol.cpp,134,esp-idf,log,component-local
esphome/components/remote_base/canalsat_protocol.cpp,98,esp-idf,log,component-local
esphome/components/remote_base/canalsat_protocol.cpp,101,esp-idf,log,component-local
esphome/components/remote_base/coolix_protocol.cpp,103,esp-idf,log,component-local
esphome/components/remote_base/coolix_protocol.cpp,105,esp-idf,log,component-local
esphome/components/remote_base/coolix_protocol.cpp,107,esp-idf,log,component-local
esphome/components/remote_base/dish_protocol.cpp,89,esp-idf,log,component-local
esphome/components/remote_base/dooya_protocol.cpp,114,esp-idf,log,component-local
esphome/components/remote_base/drayton_protocol.cpp,111,esp-idf,log,component-local
esphome/components/remote_base/drayton_protocol.cpp,119,esp-idf,log,component-local
esphome/components/remote_base/drayton_protocol.cpp,169,esp-idf,log,component-local
esphome/components/remote_base/drayton_protocol.cpp,186,esp-idf,log,component-local
esphome/components/remote_base/drayton_protocol.cpp,221,esp-idf,log,component-local
esphome/components/remote_base/drayton_protocol.cpp,234,esp-idf,log,component-local
esphome/components/remote_base/dyson_protocol.cpp,66,esp-idf,log,component-local
esphome/components/remote_base/gobox_protocol.cpp,17,esp-idf,log,component-local
esphome/components/remote_base/gobox_protocol.cpp,19,esp-idf,log,component-local
esphome/components/remote_base/gobox_protocol.cpp,24,esp-idf,log,component-local
esphome/components/remote_base/gobox_protocol.cpp,28,esp-idf,log,component-local
esphome/components/remote_base/gobox_protocol.cpp,86,esp-idf,log,component-local
esphome/components/remote_base/gobox_protocol.cpp,89,esp-idf,log,component-local
esphome/components/remote_base/gobox_protocol.cpp,92,esp-idf,log,component-local
esphome/components/remote_base/gobox_protocol.cpp,95,esp-idf,log,component-local
esphome/components/remote_base/gobox_protocol.cpp,98,esp-idf,log,component-local
esphome/components/remote_base/gobox_protocol.cpp,101,esp-idf,log,component-local
esphome/components/remote_base/gobox_protocol.cpp,104,esp-idf,log,component-local
esphome/components/remote_base/gobox_protocol.cpp,107,esp-idf,log,component-local
esphome/components/remote_base/gobox_protocol.cpp,110,esp-idf,log,component-local
esphome/components/remote_base/gobox_protocol.cpp,113,esp-idf,log,component-local
esphome/components/remote_base/gobox_protocol.cpp,116,esp-idf,log,component-local
esphome/components/remote_base/gobox_protocol.cpp,119,esp-idf,log,component-local
esphome/components/remote_base/gobox_protocol.cpp,122,esp-idf,log,component-local
esphome/components/remote_base/gobox_protocol.cpp,125,esp-idf,log,component-local
esphome/components/remote_base/haier_protocol.cpp,91,esp-idf,log,component-local
esphome/components/remote_base/jvc_protocol.cpp,48,esp-idf,log,component-local
esphome/components/remote_base/keeloq_protocol.cpp,38,esp-idf,log,component-local
esphome/components/remote_base/keeloq_protocol.cpp,40,esp-idf,log,component-local
esphome/components/remote_base/keeloq_protocol.cpp,54,esp-idf,log,component-local
esphome/components/remote_base/keeloq_protocol.cpp,70,esp-idf,log,component-local
esphome/components/remote_base/keeloq_protocol.cpp,125,esp-idf,log,component-local
esphome/components/remote_base/keeloq_protocol.cpp,130,esp-idf,log,component-local
esphome/components/remote_base/keeloq_protocol.cpp,142,esp-idf,log,component-local
esphome/components/remote_base/keeloq_protocol.cpp,157,esp-idf,log,component-local
esphome/components/remote_base/keeloq_protocol.cpp,171,esp-idf,log,component-local
esphome/components/remote_base/keeloq_protocol.cpp,181,esp-idf,log,component-local
esphome/components/remote_base/keeloq_protocol.cpp,189,esp-idf,log,component-local
esphome/components/remote_base/lg_protocol.cpp,53,esp-idf,log,component-local
esphome/components/remote_base/magiquest_protocol.cpp,78,esp-idf,log,component-local
esphome/components/remote_base/midea_protocol.cpp,74,esp-idf,log,component-local
esphome/components/remote_base/mirage_protocol.cpp,21,esp-idf,log,component-local
esphome/components/remote_base/mirage_protocol.cpp,84,esp-idf,log,component-local
esphome/components/remote_base/nec_protocol.cpp,15,esp-idf,log,component-local
esphome/components/remote_base/nec_protocol.cpp,96,esp-idf,log,component-local
esphome/components/remote_base/nexa_protocol.cpp,234,esp-idf,log,component-local
esphome/components/remote_base/panasonic_protocol.cpp,69,esp-idf,log,component-local
esphome/components/remote_base/pioneer_protocol.cpp,148,esp-idf,log,component-local
esphome/components/remote_base/pioneer_protocol.cpp,150,esp-idf,log,component-local
esphome/components/remote_base/pronto_protocol.cpp,105,esp-idf,log,component-local
esphome/components/remote_base/pronto_protocol.cpp,110,esp-idf,log,component-local
esphome/components/remote_base/pronto_protocol.cpp,112,esp-idf,log,component-local
esphome/components/remote_base/pronto_protocol.cpp,231,esp-idf,log,component-local
esphome/components/remote_base/pronto_protocol.cpp,239,esp-idf,log,component-local
esphome/components/remote_base/raw_protocol.cpp,26,esp-idf,log,component-local
esphome/components/remote_base/raw_protocol.cpp,35,esp-idf,log,component-local
esphome/components/remote_base/rc5_protocol.cpp,97,esp-idf,log,component-local
esphome/components/remote_base/rc6_protocol.cpp,175,esp-idf,log,component-local
esphome/components/remote_base/rc_switch_protocol.cpp,260,esp-idf,log,component-local
esphome/components/remote_base/remote_base.h,121,esp-idf,include,component-local
esphome/components/remote_base/roomba_protocol.cpp,52,esp-idf,log,component-local
esphome/components/remote_base/samsung36_protocol.cpp,98,esp-idf,log,component-local
esphome/components/remote_base/samsung_protocol.cpp,60,esp-idf,log,component-local
esphome/components/remote_base/sony_protocol.cpp,64,esp-idf,log,component-local
esphome/components/remote_base/symphony_protocol.cpp,30,esp-idf,log,component-local
esphome/components/remote_base/symphony_protocol.cpp,117,esp-idf,log,component-local
esphome/components/remote_base/toshiba_ac_protocol.cpp,107,esp-idf,log,component-local
esphome/components/remote_base/toshiba_ac_protocol.cpp,109,esp-idf,log,component-local
esphome/components/remote_base/toto_protocol.cpp,94,esp-idf,log,component-local
esphome/components/remote_receiver/remote_receiver.cpp,12,esp-idf,iram-attr,component-local
esphome/components/remote_receiver/remote_receiver.cpp,39,esp-idf,iram-attr,component-local
esphome/components/remote_receiver/remote_receiver.cpp,48,esp-idf,iram-attr,component-local
esphome/components/remote_receiver/remote_receiver.cpp,96,esp-idf,log,component-local
esphome/components/remote_receiver/remote_receiver.h,9,esp-idf,include,component-local
esphome/components/remote_receiver/remote_receiver.h,11,esp-idf,include,component-local
esphome/components/remote_receiver/remote_receiver.h,53,esp-idf,err-type,component-local
esphome/components/remote_receiver/remote_receiver.h,92,esp-idf,err-type,component-local
esphome/components/remote_receiver/remote_receiver_rmt.cpp,5,esp-idf,include,component-local
esphome/components/remote_receiver/remote_receiver_rmt.cpp,7,esp-idf,include,component-local
esphome/components/remote_receiver/remote_receiver_rmt.cpp,8,esp-idf,include,component-local
esphome/components/remote_receiver/remote_receiver_rmt.cpp,14,esp-idf,iram-attr,component-local
esphome/components/remote_receiver/remote_receiver_rmt.cpp,47,esp-idf,err-type,component-local
esphome/components/remote_receiver/remote_receiver_rmt.cpp,48,esp-idf,err-type,component-local
esphome/components/remote_receiver/remote_receiver_rmt.cpp,50,esp-idf,err-type,component-local
esphome/components/remote_receiver/remote_receiver_rmt.cpp,64,esp-idf,err-type,component-local
esphome/components/remote_receiver/remote_receiver_rmt.cpp,78,esp-idf,err-type,component-local
esphome/components/remote_receiver/remote_receiver_rmt.cpp,90,esp-idf,err-type,component-local
esphome/components/remote_receiver/remote_receiver_rmt.cpp,111,esp-idf,err-type,component-local
esphome/components/remote_receiver/remote_receiver_rmt.cpp,136,esp-idf,log,component-local
esphome/components/remote_receiver/remote_receiver_rmt.cpp,142,esp-idf,err-type,component-local
esphome/components/remote_receiver/remote_receiver_rmt.cpp,143,esp-idf,log,component-local
esphome/components/remote_receiver/remote_receiver_rmt.cpp,149,esp-idf,log,component-local
esphome/components/remote_transmitter/remote_transmitter.cpp,82,esp-idf,log,component-local
esphome/components/remote_transmitter/remote_transmitter.h,9,esp-idf,include,component-local
esphome/components/remote_transmitter/remote_transmitter.h,11,esp-idf,include,component-local
esphome/components/remote_transmitter/remote_transmitter.h,159,esp-idf,err-type,component-local
esphome/components/remote_transmitter/remote_transmitter_bk72xx.cpp,83,esp-idf,log,component-local
esphome/components/remote_transmitter/remote_transmitter_bk72xx.cpp,95,esp-idf,log,component-local
esphome/components/remote_transmitter/remote_transmitter_libretiny_isr.cpp,32,esp-idf,iram-attr,component-local
esphome/components/remote_transmitter/remote_transmitter_libretiny_isr.cpp,39,esp-idf,iram-attr,component-local
esphome/components/remote_transmitter/remote_transmitter_libretiny_isr.cpp,48,esp-idf,iram-attr,component-local
esphome/components/remote_transmitter/remote_transmitter_libretiny_isr.cpp,54,esp-idf,iram-attr,component-local
esphome/components/remote_transmitter/remote_transmitter_libretiny_isr.cpp,104,esp-idf,log,component-local
esphome/components/remote_transmitter/remote_transmitter_libretiny_isr.cpp,158,esp-idf,log,component-local
esphome/components/remote_transmitter/remote_transmitter_libretiny_isr.cpp,171,esp-idf,log,component-local
esphome/components/remote_transmitter/remote_transmitter_libretiny_isr.cpp,176,esp-idf,log,component-local
esphome/components/remote_transmitter/remote_transmitter_rmt.cpp,6,esp-idf,include,component-local
esphome/components/remote_transmitter/remote_transmitter_rmt.cpp,8,esp-idf,include,component-local
esphome/components/remote_transmitter/remote_transmitter_rmt.cpp,18,esp-idf,iram-attr,component-local
esphome/components/remote_transmitter/remote_transmitter_rmt.cpp,72,esp-idf,log,component-local
esphome/components/remote_transmitter/remote_transmitter_rmt.cpp,99,esp-idf,err-type,component-local
esphome/components/remote_transmitter/remote_transmitter_rmt.cpp,100,esp-idf,err-type,component-local
esphome/components/remote_transmitter/remote_transmitter_rmt.cpp,101,esp-idf,log,component-local
esphome/components/remote_transmitter/remote_transmitter_rmt.cpp,105,esp-idf,err-type,component-local
esphome/components/remote_transmitter/remote_transmitter_rmt.cpp,106,esp-idf,log,component-local
esphome/components/remote_transmitter/remote_transmitter_rmt.cpp,112,esp-idf,err-type,component-local
esphome/components/remote_transmitter/remote_transmitter_rmt.cpp,131,esp-idf,err-type,component-local
esphome/components/remote_transmitter/remote_transmitter_rmt.cpp,133,esp-idf,err-type,component-local
esphome/components/remote_transmitter/remote_transmitter_rmt.cpp,161,esp-idf,err-type,component-local
esphome/components/remote_transmitter/remote_transmitter_rmt.cpp,171,esp-idf,err-type,component-local
esphome/components/remote_transmitter/remote_transmitter_rmt.cpp,180,esp-idf,err-type,component-local
esphome/components/remote_transmitter/remote_transmitter_rmt.cpp,201,esp-idf,err-type,component-local
esphome/components/remote_transmitter/remote_transmitter_rmt.cpp,210,esp-idf,err-type,component-local
esphome/components/remote_transmitter/remote_transmitter_rmt.cpp,211,esp-idf,err-type,component-local
esphome/components/remote_transmitter/remote_transmitter_rmt.cpp,212,esp-idf,log,component-local
esphome/components/remote_transmitter/remote_transmitter_rmt.cpp,273,esp-idf,log,component-local
esphome/components/remote_transmitter/remote_transmitter_rmt.cpp,284,esp-idf,err-type,component-local
esphome/components/remote_transmitter/remote_transmitter_rmt.cpp,286,esp-idf,err-type,component-local
esphome/components/remote_transmitter/remote_transmitter_rmt.cpp,287,esp-idf,log,component-local
esphome/components/remote_transmitter/remote_transmitter_rmt.cpp,343,esp-idf,log,component-local
esphome/components/remote_transmitter/remote_transmitter_rmt.cpp,351,esp-idf,err-type,component-local
esphome/components/remote_transmitter/remote_transmitter_rmt.cpp,353,esp-idf,err-type,component-local
esphome/components/remote_transmitter/remote_transmitter_rmt.cpp,354,esp-idf,log,component-local
esphome/components/remote_transmitter/remote_transmitter_rmt.cpp,360,esp-idf,err-type,component-local
esphome/components/remote_transmitter/remote_transmitter_rmt.cpp,361,esp-idf,log,component-local
esphome/components/remote_transmitter/remote_transmitter_rtl87xx.cpp,36,esp-idf,iram-attr,component-local
esphome/components/remote_transmitter/remote_transmitter_rtl87xx.cpp,47,esp-idf,log,component-local
esphome/components/remote_transmitter/remote_transmitter_rtl87xx.cpp,57,esp-idf,log,component-local
esphome/components/remote_transmitter/remote_transmitter_rtl87xx.cpp,124,esp-idf,iram-attr,component-local
esphome/components/remote_transmitter/remote_transmitter_rtl87xx.cpp,128,esp-idf,iram-attr,component-local
esphome/components/remote_transmitter/remote_transmitter_rtl87xx.cpp,132,esp-idf,iram-attr,component-local
esphome/components/remote_transmitter/remote_transmitter_rtl87xx.cpp,148,esp-idf,log,component-local
esphome/components/remote_transmitter/remote_transmitter_rtl87xx.cpp,151,esp-idf,log,component-local
esphome/components/resampler/speaker/resampler_speaker.cpp,61,esp-idf,log,component-local
esphome/components/resampler/speaker/resampler_speaker.cpp,127,esp-idf,log,component-local
esphome/components/resampler/speaker/resampler_speaker.cpp,148,esp-idf,log,component-local
esphome/components/resampler/speaker/resampler_speaker.cpp,153,esp-idf,log,component-local
esphome/components/resampler/speaker/resampler_speaker.cpp,158,esp-idf,log,component-local
esphome/components/resampler/speaker/resampler_speaker.cpp,165,esp-idf,err-type,component-local
esphome/components/resampler/speaker/resampler_speaker.cpp,166,esp-idf,err-type,component-local
esphome/components/resampler/speaker/resampler_speaker.cpp,217,esp-idf,err-type,component-local
esphome/components/resampler/speaker/resampler_speaker.cpp,219,esp-idf,err-type,component-local
esphome/components/resampler/speaker/resampler_speaker.cpp,243,freertos,task-delay,component-local
esphome/components/resampler/speaker/resampler_speaker.cpp,263,esp-idf,err-type,component-local
esphome/components/resampler/speaker/resampler_speaker.cpp,278,esp-idf,err-type,component-local
esphome/components/resampler/speaker/resampler_speaker.cpp,282,esp-idf,err-type,component-local
esphome/components/resampler/speaker/resampler_speaker.cpp,338,esp-idf,err-type,component-local
esphome/components/resampler/speaker/resampler_speaker.cpp,341,esp-idf,err-type,component-local
esphome/components/resampler/speaker/resampler_speaker.cpp,346,esp-idf,err-type,component-local
esphome/components/resampler/speaker/resampler_speaker.cpp,356,esp-idf,err-type,component-local
esphome/components/resampler/speaker/resampler_speaker.cpp,358,esp-idf,err-type,component-local
esphome/components/resampler/speaker/resampler_speaker.cpp,360,esp-idf,err-type,component-local
esphome/components/resampler/speaker/resampler_speaker.cpp,364,esp-idf,err-type,component-local
esphome/components/resampler/speaker/resampler_speaker.h,13,freertos,include,component-local
esphome/components/resampler/speaker/resampler_speaker.h,68,esp-idf,err-type,component-local
esphome/components/resampler/speaker/resampler_speaker.h,75,esp-idf,err-type,component-local
esphome/components/resistance/resistance_sensor.cpp,41,esp-idf,log,component-local
esphome/components/restart/button/restart_button.cpp,11,esp-idf,log,component-local
esphome/components/restart/switch/restart_switch.cpp,15,esp-idf,log,component-local
esphome/components/rf_bridge/rf_bridge.cpp,13,esp-idf,log,component-local
esphome/components/rf_bridge/rf_bridge.cpp,48,esp-idf,log,component-local
esphome/components/rf_bridge/rf_bridge.cpp,51,esp-idf,log,component-local
esphome/components/rf_bridge/rf_bridge.cpp,65,esp-idf,log,component-local
esphome/components/rf_bridge/rf_bridge.cpp,68,esp-idf,log,component-local
esphome/components/rf_bridge/rf_bridge.cpp,91,esp-idf,log,component-local
esphome/components/rf_bridge/rf_bridge.cpp,114,esp-idf,log,component-local
esphome/components/rf_bridge/rf_bridge.cpp,153,esp-idf,log,component-local
esphome/components/rf_bridge/rf_bridge.cpp,192,esp-idf,log,component-local
esphome/components/rf_bridge/rf_bridge.cpp,228,esp-idf,log,component-local
esphome/components/rf_bridge/rf_bridge.cpp,246,esp-idf,log,component-local
esphome/components/rf_bridge/rf_bridge.cpp,258,esp-idf,log,component-local
esphome/components/rf_bridge/rf_bridge.cpp,268,esp-idf,log,component-local
esphome/components/rf_bridge/rf_bridge.cpp,276,esp-idf,log,component-local
esphome/components/rf_bridge/rf_bridge.cpp,284,esp-idf,log,component-local
esphome/components/rf_bridge/rf_bridge.cpp,292,esp-idf,log,component-local
esphome/components/rf_bridge/rf_bridge.cpp,299,esp-idf,log,component-local
esphome/components/ring_buffer/ring_buffer.cpp,35,esp-idf,log,component-local
esphome/components/ring_buffer/ring_buffer.h,5,freertos,include,component-local
esphome/components/ring_buffer/ring_buffer.h,6,freertos,include,component-local
esphome/components/rotary_encoder/rotary_encoder.cpp,35,esp-idf,iram-attr,component-local
esphome/components/rotary_encoder/rotary_encoder.cpp,36,esp-idf,iram-attr,component-local
esphome/components/rotary_encoder/rotary_encoder.cpp,40,esp-idf,iram-attr,component-local
esphome/components/rotary_encoder/rotary_encoder.cpp,84,esp-idf,iram-attr,component-local
esphome/components/rotary_encoder/rotary_encoder.cpp,204,esp-idf,log,component-local
esphome/components/router/speaker/router_speaker.cpp,7,esp-idf,include,component-local
esphome/components/router/speaker/router_speaker.cpp,70,esp-idf,timer,component-local
esphome/components/router/speaker/router_speaker.cpp,110,freertos,task-delay,component-local
esphome/components/router/speaker/router_speaker.cpp,120,freertos,task-delay,component-local
esphome/components/router/speaker/router_speaker.cpp,182,esp-idf,log,component-local
esphome/components/router/speaker/router_speaker.h,10,freertos,include,component-local
esphome/components/rp2/__init__.py,421,lwip,raw-api,python
esphome/components/rp2/__init__.py,475,lwip,raw-api,python
esphome/components/rp2/__init__.py,503,lwip,raw-api,python
esphome/components/rp2/core.h,5,arduino,include,platform-backend
esphome/components/rp2/crash_handler.cpp,103,esp-idf,log,platform-backend
esphome/components/rp2/crash_handler.cpp,104,esp-idf,log,platform-backend
esphome/components/rp2/crash_handler.cpp,105,esp-idf,log,platform-backend
esphome/components/rp2/crash_handler.cpp,106,esp-idf,log,platform-backend
esphome/components/rp2/crash_handler.cpp,108,esp-idf,log,platform-backend
esphome/components/rp2/crash_handler.cpp,117,esp-idf,log,platform-backend
esphome/components/rp2/gpio.cpp,64,arduino,api,platform-backend
esphome/components/rp2/gpio.cpp,70,arduino,api,platform-backend
esphome/components/rp2/gpio.cpp,73,arduino,api,platform-backend
esphome/components/rp2/gpio.cpp,81,esp-idf,iram-attr,platform-backend
esphome/components/rp2/gpio.cpp,86,esp-idf,iram-attr,platform-backend
esphome/components/rp2/gpio.cpp,95,esp-idf,iram-attr,platform-backend
esphome/components/rp2/gpio.cpp,101,esp-idf,iram-attr,platform-backend
esphome/components/rp2/gpio.h,5,arduino,include,platform-backend
esphome/components/rp2/hal.h,9,esp-idf,iram-attr,platform-backend
esphome/components/rp2/helpers.cpp,34,esp-idf,iram-attr,platform-backend
esphome/components/rp2/helpers.cpp,35,esp-idf,iram-attr,platform-backend
esphome/components/rp2/preferences.cpp,3,arduino,include,platform-backend
esphome/components/rp2/preferences.cpp,110,esp-idf,log,platform-backend
esphome/components/rp2/preferences.cpp,126,esp-idf,log,platform-backend
esphome/components/rp2040_ble/rp2040_ble.cpp,31,esp-idf,log,component-local
esphome/components/rp2040_ble/rp2040_ble.cpp,48,esp-idf,log,component-local
esphome/components/rp2040_ble/rp2040_ble.cpp,90,esp-idf,log,component-local
esphome/components/rp2040_ble/rp2040_ble.cpp,99,esp-idf,log,component-local
esphome/components/rp2040_ble/rp2040_ble.cpp,110,esp-idf,log,component-local
esphome/components/rp2040_ble/rp2040_ble.cpp,129,esp-idf,log,component-local
esphome/components/rp2040_ble/rp2040_ble.cpp,240,esp-idf,log,component-local
esphome/components/rp2040_pio_led_strip/led_strip.cpp,36,esp-idf,log,component-local
esphome/components/rp2040_pio_led_strip/led_strip.cpp,43,esp-idf,log,component-local
esphome/components/rp2040_pio_led_strip/led_strip.cpp,52,esp-idf,log,component-local
esphome/components/rp2040_pio_led_strip/led_strip.cpp,62,esp-idf,log,component-local
esphome/components/rp2040_pio_led_strip/led_strip.cpp,83,esp-idf,log,component-local
esphome/components/rp2040_pio_led_strip/led_strip.cpp,92,esp-idf,log,component-local
esphome/components/rp2040_pio_led_strip/led_strip.cpp,130,esp-idf,log,component-local
esphome/components/rp2040_pio_led_strip/led_strip.cpp,135,esp-idf,log,component-local
esphome/components/rp2040_pwm/rp2040_pwm.cpp,30,esp-idf,log,component-local
esphome/components/rp2_ble_tracker/rp2_ble_tracker.cpp,209,esp-idf,log,component-local
esphome/components/rp2_ble_tracker/rp2_ble_tracker.cpp,265,esp-idf,log,component-local
esphome/components/rp2_ble_tracker/rp2_ble_tracker.cpp,279,esp-idf,log,component-local
esphome/components/rpi_dpi_rgb/rpi_dpi_rgb.cpp,5,esp-idf,include,component-local
esphome/components/rpi_dpi_rgb/rpi_dpi_rgb.cpp,36,esp-idf,err-type,component-local
esphome/components/rpi_dpi_rgb/rpi_dpi_rgb.cpp,37,esp-idf,err-type,component-local
esphome/components/rpi_dpi_rgb/rpi_dpi_rgb.cpp,38,esp-idf,log,component-local
esphome/components/rpi_dpi_rgb/rpi_dpi_rgb.cpp,63,esp-idf,err-type,component-local
esphome/components/rpi_dpi_rgb/rpi_dpi_rgb.cpp,74,esp-idf,err-type,component-local
esphome/components/rpi_dpi_rgb/rpi_dpi_rgb.cpp,78,esp-idf,err-type,component-local
esphome/components/rpi_dpi_rgb/rpi_dpi_rgb.cpp,79,esp-idf,log,component-local
esphome/components/rpi_dpi_rgb/rpi_dpi_rgb.h,13,esp-idf,include,component-local
esphome/components/rpi_dpi_rgb/rpi_dpi_rgb.h,15,esp-idf,include,component-local
esphome/components/rtttl/rtttl.cpp,189,esp-idf,log,component-local
esphome/components/rtttl/rtttl.cpp,209,esp-idf,log,component-local
esphome/components/rtttl/rtttl.cpp,270,esp-idf,log,component-local
esphome/components/rtttl/rtttl.cpp,287,esp-idf,log,component-local
esphome/components/rtttl/rtttl.cpp,291,esp-idf,log,component-local
esphome/components/rtttl/rtttl.cpp,295,esp-idf,log,component-local
esphome/components/rtttl/rtttl.cpp,300,esp-idf,log,component-local
esphome/components/rtttl/rtttl.cpp,307,esp-idf,log,component-local
esphome/components/rtttl/rtttl.cpp,314,esp-idf,log,component-local
esphome/components/rtttl/rtttl.cpp,322,esp-idf,log,component-local
esphome/components/rtttl/rtttl.cpp,329,esp-idf,log,component-local
esphome/components/rtttl/rtttl.cpp,337,esp-idf,log,component-local
esphome/components/rtttl/rtttl.cpp,344,esp-idf,log,component-local
esphome/components/rtttl/rtttl.cpp,395,esp-idf,log,component-local
esphome/components/rtttl/rtttl.cpp,421,esp-idf,log,component-local
esphome/components/rtttl/rtttl.cpp,430,esp-idf,log,component-local
esphome/components/runtime_image/bmp_decoder.cpp,49,esp-idf,log,component-local
esphome/components/runtime_image/bmp_decoder.cpp,84,esp-idf,log,component-local
esphome/components/runtime_image/bmp_decoder.cpp,102,esp-idf,log,component-local
esphome/components/runtime_image/bmp_decoder.cpp,130,esp-idf,log,component-local
esphome/components/runtime_image/bmp_decoder.cpp,135,esp-idf,log,component-local
esphome/components/runtime_image/bmp_decoder.cpp,189,esp-idf,log,component-local
esphome/components/runtime_image/bmp_decoder.cpp,234,esp-idf,log,component-local
esphome/components/runtime_image/jpeg_decoder.cpp,11,esp-idf,include,component-local
esphome/components/runtime_image/jpeg_decoder.cpp,30,esp-idf,err-type,component-local
esphome/components/runtime_image/jpeg_decoder.cpp,30,esp-idf,watchdog,component-local
esphome/components/runtime_image/jpeg_decoder.cpp,46,esp-idf,log,component-local
esphome/components/runtime_image/jpeg_decoder.cpp,59,esp-idf,log,component-local
esphome/components/runtime_image/jpeg_decoder.cpp,67,esp-idf,log,component-local
esphome/components/runtime_image/jpeg_decoder.cpp,72,esp-idf,log,component-local
esphome/components/runtime_image/jpeg_decoder.cpp,75,esp-idf,log,component-local
esphome/components/runtime_image/jpeg_decoder.cpp,78,esp-idf,log,component-local
esphome/components/runtime_image/jpeg_decoder.cpp,87,esp-idf,log,component-local
esphome/components/runtime_image/png_decoder.cpp,56,esp-idf,log,component-local
esphome/components/runtime_image/png_decoder.cpp,76,esp-idf,log,component-local
esphome/components/runtime_image/png_decoder.cpp,88,esp-idf,log,component-local
esphome/components/runtime_image/png_decoder.cpp,93,esp-idf,log,component-local
esphome/components/runtime_image/png_decoder.cpp,98,esp-idf,log,component-local
esphome/components/runtime_image/qoi_decoder.cpp,67,esp-idf,log,component-local
esphome/components/runtime_image/qoi_decoder.cpp,74,esp-idf,log,component-local
esphome/components/runtime_image/qoi_decoder.cpp,79,esp-idf,log,component-local
esphome/components/runtime_image/qoi_decoder.cpp,85,esp-idf,log,component-local
esphome/components/runtime_image/qoi_decoder.cpp,88,esp-idf,log,component-local
esphome/components/runtime_image/runtime_image.cpp,78,esp-idf,log,component-local
esphome/components/runtime_image/runtime_image.cpp,82,esp-idf,log,component-local
esphome/components/runtime_image/runtime_image.cpp,178,esp-idf,log,component-local
esphome/components/runtime_image/runtime_image.cpp,189,esp-idf,log,component-local
esphome/components/runtime_image/runtime_image.cpp,196,esp-idf,log,component-local
esphome/components/runtime_image/runtime_image.cpp,205,esp-idf,log,component-local
esphome/components/runtime_image/runtime_image.cpp,214,esp-idf,log,component-local
esphome/components/runtime_image/runtime_image.cpp,243,esp-idf,log,component-local
esphome/components/runtime_image/runtime_image.cpp,262,esp-idf,log,component-local
esphome/components/runtime_image/runtime_image.cpp,265,esp-idf,log,component-local
esphome/components/runtime_image/runtime_image.cpp,286,esp-idf,log,component-local
esphome/components/runtime_image/runtime_image.cpp,308,esp-idf,log,component-local
esphome/components/runtime_image/runtime_image.cpp,317,esp-idf,log,component-local
esphome/components/runtime_image/runtime_image.cpp,326,esp-idf,log,component-local
esphome/components/runtime_image/runtime_image.cpp,331,esp-idf,log,component-local
esphome/components/runtime_image/runtime_image.cpp,360,esp-idf,log,component-local
esphome/components/runtime_image/runtime_image.cpp,379,esp-idf,log,component-local
esphome/components/runtime_image/runtime_image.cpp,382,esp-idf,log,component-local
esphome/components/runtime_stats/runtime_stats.cpp,30,esp-idf,log,component-local
esphome/components/runtime_stats/runtime_stats.cpp,56,esp-idf,log,component-local
esphome/components/runtime_stats/runtime_stats.cpp,70,esp-idf,log,component-local
esphome/components/runtime_stats/runtime_stats.cpp,81,esp-idf,log,component-local
esphome/components/runtime_stats/runtime_stats.cpp,87,esp-idf,log,component-local
esphome/components/runtime_stats/runtime_stats.cpp,95,esp-idf,log,component-local
esphome/components/runtime_stats/runtime_stats.cpp,105,esp-idf,log,component-local
esphome/components/runtime_stats/runtime_stats.cpp,116,esp-idf,log,component-local
esphome/components/ruuvi_ble/ruuvi_ble.cpp,103,esp-idf,log,component-local
esphome/components/ruuvi_ble/ruuvi_ble.cpp,106,esp-idf,log,component-local
esphome/components/ruuvi_ble/ruuvi_ble.cpp,109,esp-idf,log,component-local
esphome/components/ruuvi_ble/ruuvi_ble.cpp,112,esp-idf,log,component-local
esphome/components/ruuvi_ble/ruuvi_ble.cpp,115,esp-idf,log,component-local
esphome/components/ruuvi_ble/ruuvi_ble.cpp,118,esp-idf,log,component-local
esphome/components/ruuvi_ble/ruuvi_ble.cpp,121,esp-idf,log,component-local
esphome/components/ruuvi_ble/ruuvi_ble.cpp,124,esp-idf,log,component-local
esphome/components/ruuvi_ble/ruuvi_ble.cpp,127,esp-idf,log,component-local
esphome/components/ruuvi_ble/ruuvi_ble.cpp,130,esp-idf,log,component-local
esphome/components/ruuvi_ble/ruuvi_ble.cpp,133,esp-idf,log,component-local
esphome/components/ruuvi_ble/ruuvi_ble.cpp,136,esp-idf,log,component-local
esphome/components/rx8130/rx8130.cpp,84,esp-idf,log,component-local
esphome/components/rx8130/rx8130.cpp,87,esp-idf,log,component-local
esphome/components/rx8130/rx8130.cpp,95,esp-idf,log,component-local
esphome/components/rx8130/rx8130.cpp,110,esp-idf,log,component-local
esphome/components/safe_mode/button/safe_mode_button.cpp,11,esp-idf,log,component-local
esphome/components/safe_mode/safe_mode.cpp,16,esp-idf,include,component-local
esphome/components/safe_mode/safe_mode.cpp,17,esp-idf,include,component-local
esphome/components/safe_mode/safe_mode.cpp,18,esp-idf,include,component-local
esphome/components/safe_mode/safe_mode.cpp,45,esp-idf,err-type,component-local
esphome/components/safe_mode/safe_mode.cpp,85,esp-idf,log,component-local
esphome/components/safe_mode/safe_mode.cpp,87,esp-idf,log,component-local
esphome/components/safe_mode/safe_mode.cpp,94,esp-idf,log,component-local
esphome/components/safe_mode/safe_mode.cpp,99,esp-idf,log,component-local
esphome/components/safe_mode/safe_mode.cpp,104,esp-idf,log,component-local
esphome/components/safe_mode/safe_mode.cpp,106,esp-idf,log,component-local
esphome/components/safe_mode/safe_mode.cpp,109,esp-idf,log,component-local
esphome/components/safe_mode/safe_mode.cpp,111,esp-idf,log,component-local
esphome/components/safe_mode/safe_mode.cpp,154,esp-idf,log,component-local
esphome/components/safe_mode/safe_mode.cpp,163,esp-idf,log,component-local
esphome/components/safe_mode/safe_mode.cpp,168,esp-idf,log,component-local
esphome/components/safe_mode/safe_mode.cpp,199,esp-idf,log,component-local
esphome/components/safe_mode/safe_mode.cpp,213,esp-idf,log,component-local
esphome/components/safe_mode/safe_mode.cpp,227,esp-idf,err-type,component-local
esphome/components/safe_mode/safe_mode.cpp,228,esp-idf,err-type,component-local
esphome/components/safe_mode/safe_mode.cpp,229,esp-idf,log,component-local
esphome/components/safe_mode/safe_mode.cpp,232,esp-idf,log,component-local
esphome/components/safe_mode/safe_mode.cpp,240,esp-idf,log,component-local
esphome/components/safe_mode/safe_mode.cpp,248,esp-idf,log,component-local
esphome/components/safe_mode/safe_mode.cpp,259,esp-idf,log,component-local
esphome/components/safe_mode/safe_mode.cpp,263,esp-idf,log,component-local
esphome/components/safe_mode/safe_mode.cpp,281,esp-idf,log,component-local
esphome/components/safe_mode/safe_mode.h,9,esp-idf,include,component-local
esphome/components/safe_mode/switch/safe_mode_switch.cpp,15,esp-idf,log,component-local
esphome/components/scd30/scd30.cpp,39,esp-idf,log,component-local
esphome/components/scd30/scd30.cpp,50,esp-idf,log,component-local
esphome/components/scd30/scd30.cpp,69,esp-idf,log,component-local
esphome/components/scd30/scd30.cpp,81,esp-idf,log,component-local
esphome/components/scd30/scd30.cpp,92,esp-idf,log,component-local
esphome/components/scd30/scd30.cpp,103,esp-idf,log,component-local
esphome/components/scd30/scd30.cpp,122,esp-idf,log,component-local
esphome/components/scd30/scd30.cpp,125,esp-idf,log,component-local
esphome/components/scd30/scd30.cpp,128,esp-idf,log,component-local
esphome/components/scd30/scd30.cpp,131,esp-idf,log,component-local
esphome/components/scd30/scd30.cpp,156,esp-idf,log,component-local
esphome/components/scd30/scd30.cpp,161,esp-idf,log,component-local
esphome/components/scd30/scd30.cpp,186,esp-idf,log,component-local
esphome/components/scd30/scd30.cpp,211,esp-idf,log,component-local
esphome/components/scd30/scd30.cpp,213,esp-idf,log,component-local
esphome/components/scd30/scd30.cpp,216,esp-idf,log,component-local
esphome/components/scd30/scd30.cpp,227,esp-idf,log,component-local
esphome/components/scd4x/scd4x.cpp,33,esp-idf,log,component-local
esphome/components/scd4x/scd4x.cpp,42,esp-idf,log,component-local
esphome/components/scd4x/scd4x.cpp,47,esp-idf,log,component-local
esphome/components/scd4x/scd4x.cpp,52,esp-idf,log,component-local
esphome/components/scd4x/scd4x.cpp,61,esp-idf,log,component-local
esphome/components/scd4x/scd4x.cpp,68,esp-idf,log,component-local
esphome/components/scd4x/scd4x.cpp,76,esp-idf,log,component-local
esphome/components/scd4x/scd4x.cpp,116,esp-idf,log,component-local
esphome/components/scd4x/scd4x.cpp,119,esp-idf,log,component-local
esphome/components/scd4x/scd4x.cpp,122,esp-idf,log,component-local
esphome/components/scd4x/scd4x.cpp,125,esp-idf,log,component-local
esphome/components/scd4x/scd4x.cpp,185,esp-idf,log,component-local
esphome/components/scd4x/scd4x.cpp,190,esp-idf,log,component-local
esphome/components/scd4x/scd4x.cpp,222,esp-idf,log,component-local
esphome/components/scd4x/scd4x.cpp,227,esp-idf,log,component-local
esphome/components/scd4x/scd4x.cpp,235,esp-idf,log,component-local
esphome/components/scd4x/scd4x.cpp,239,esp-idf,log,component-local
esphome/components/scd4x/scd4x.cpp,250,esp-idf,log,component-local
esphome/components/scd4x/scd4x.cpp,257,esp-idf,log,component-local
esphome/components/scd4x/scd4x.cpp,261,esp-idf,log,component-local
esphome/components/scd4x/scd4x.cpp,278,esp-idf,log,component-local
esphome/components/scd4x/scd4x.cpp,284,esp-idf,log,component-local
esphome/components/scd4x/scd4x.cpp,287,esp-idf,log,component-local
esphome/components/scd4x/scd4x.cpp,312,esp-idf,log,component-local
esphome/components/sdl/sdl_esphome.cpp,65,esp-idf,log,component-local
esphome/components/sdl/sdl_esphome.cpp,121,esp-idf,log,component-local
esphome/components/sdl/sdl_esphome.cpp,234,esp-idf,log,component-local
esphome/components/sdl/sdl_esphome.cpp,239,esp-idf,log,component-local
esphome/components/sdl/sdl_esphome.cpp,292,esp-idf,log,component-local
esphome/components/sdl/sdl_esphome.cpp,300,esp-idf,log,component-local
esphome/components/sdl/sdl_esphome.cpp,309,esp-idf,log,component-local
esphome/components/sdl/sdl_esphome.cpp,316,esp-idf,log,component-local
esphome/components/sdl/sdl_esphome.cpp,335,esp-idf,log,component-local
esphome/components/sdl/sdl_esphome.cpp,341,esp-idf,log,component-local
esphome/components/sdp3x/sdp3x.cpp,20,esp-idf,log,component-local
esphome/components/sdp3x/sdp3x.cpp,24,esp-idf,log,component-local
esphome/components/sdp3x/sdp3x.cpp,29,esp-idf,log,component-local
esphome/components/sdp3x/sdp3x.cpp,34,esp-idf,log,component-local
esphome/components/sdp3x/sdp3x.cpp,41,esp-idf,log,component-local
esphome/components/sdp3x/sdp3x.cpp,79,esp-idf,log,component-local
esphome/components/sdp3x/sdp3x.cpp,90,esp-idf,log,component-local
esphome/components/sdp3x/sdp3x.cpp,98,esp-idf,log,component-local
esphome/components/sdp3x/sdp3x.cpp,108,esp-idf,log,component-local
esphome/components/sdp3x/sdp3x.cpp,110,esp-idf,log,component-local
esphome/components/sds011/sds011.cpp,82,esp-idf,log,component-local
esphome/components/sds011/sds011.cpp,100,esp-idf,log,component-local
esphome/components/sds011/sds011.cpp,147,esp-idf,log,component-local
esphome/components/sds011/sds011.cpp,167,esp-idf,log,component-local
esphome/components/seeed_mr24hpc1/seeed_mr24hpc1.cpp,285,esp-idf,log,component-local
esphome/components/seeed_mr24hpc1/seeed_mr24hpc1.cpp,302,esp-idf,log,component-local
esphome/components/seeed_mr24hpc1/seeed_mr24hpc1.cpp,308,esp-idf,log,component-local
esphome/components/seeed_mr24hpc1/seeed_mr24hpc1.cpp,334,esp-idf,log,component-local
esphome/components/seeed_mr24hpc1/seeed_mr24hpc1.cpp,345,esp-idf,log,component-local
esphome/components/seeed_mr24hpc1/seeed_mr24hpc1.cpp,348,esp-idf,log,component-local
esphome/components/seeed_mr24hpc1/seeed_mr24hpc1.cpp,371,esp-idf,log,component-local
esphome/components/seeed_mr24hpc1/seeed_mr24hpc1.cpp,379,esp-idf,log,component-local
esphome/components/seeed_mr24hpc1/seeed_mr24hpc1.cpp,386,esp-idf,log,component-local
esphome/components/seeed_mr24hpc1/seeed_mr24hpc1.cpp,388,esp-idf,log,component-local
esphome/components/seeed_mr24hpc1/seeed_mr24hpc1.cpp,396,esp-idf,log,component-local
esphome/components/seeed_mr24hpc1/seeed_mr24hpc1.cpp,538,esp-idf,log,component-local
esphome/components/seeed_mr24hpc1/seeed_mr24hpc1.cpp,561,esp-idf,log,component-local
esphome/components/seeed_mr24hpc1/seeed_mr24hpc1.cpp,570,esp-idf,log,component-local
esphome/components/seeed_mr24hpc1/seeed_mr24hpc1.cpp,614,esp-idf,log,component-local
esphome/components/seeed_mr24hpc1/seeed_mr24hpc1.cpp,634,esp-idf,log,component-local
esphome/components/seeed_mr24hpc1/seeed_mr24hpc1.cpp,682,esp-idf,log,component-local
esphome/components/seeed_mr60bha2/seeed_mr60bha2.cpp,121,esp-idf,log,component-local
esphome/components/seeed_mr60bha2/seeed_mr60bha2.cpp,125,esp-idf,log,component-local
esphome/components/seeed_mr60bha2/seeed_mr60bha2.cpp,139,esp-idf,log,component-local
esphome/components/seeed_mr60bha2/seeed_mr60bha2.cpp,143,esp-idf,log,component-local
esphome/components/seeed_mr60bha2/seeed_mr60bha2.cpp,153,esp-idf,log,component-local
esphome/components/seeed_mr60fda2/seeed_mr60fda2.cpp,204,esp-idf,log,component-local
esphome/components/seeed_mr60fda2/seeed_mr60fda2.cpp,209,esp-idf,log,component-local
esphome/components/seeed_mr60fda2/seeed_mr60fda2.cpp,217,esp-idf,log,component-local
esphome/components/seeed_mr60fda2/seeed_mr60fda2.cpp,233,esp-idf,log,component-local
esphome/components/seeed_mr60fda2/seeed_mr60fda2.cpp,238,esp-idf,log,component-local
esphome/components/seeed_mr60fda2/seeed_mr60fda2.cpp,267,esp-idf,log,component-local
esphome/components/seeed_mr60fda2/seeed_mr60fda2.cpp,269,esp-idf,log,component-local
esphome/components/seeed_mr60fda2/seeed_mr60fda2.cpp,276,esp-idf,log,component-local
esphome/components/seeed_mr60fda2/seeed_mr60fda2.cpp,278,esp-idf,log,component-local
esphome/components/seeed_mr60fda2/seeed_mr60fda2.cpp,285,esp-idf,log,component-local
esphome/components/seeed_mr60fda2/seeed_mr60fda2.cpp,287,esp-idf,log,component-local
esphome/components/seeed_mr60fda2/seeed_mr60fda2.cpp,322,esp-idf,log,component-local
esphome/components/seeed_mr60fda2/seeed_mr60fda2.cpp,343,esp-idf,log,component-local
esphome/components/seeed_mr60fda2/seeed_mr60fda2.cpp,356,esp-idf,log,component-local
esphome/components/seeed_mr60fda2/seeed_mr60fda2.cpp,371,esp-idf,log,component-local
esphome/components/seeed_mr60fda2/seeed_mr60fda2.cpp,380,esp-idf,log,component-local
esphome/components/seeed_mr60fda2/seeed_mr60fda2.cpp,389,esp-idf,log,component-local
esphome/components/select/select.cpp,16,esp-idf,log,component-local
esphome/components/select/select.cpp,22,esp-idf,log,component-local
esphome/components/select/select.cpp,28,esp-idf,log,component-local
esphome/components/select/select_call.cpp,43,esp-idf,log,component-local
esphome/components/select/select_call.cpp,54,esp-idf,log,component-local
esphome/components/select/select_call.cpp,67,esp-idf,log,component-local
esphome/components/select/select_call.cpp,69,esp-idf,log,component-local
esphome/components/select/select_call.cpp,76,esp-idf,log,component-local
esphome/components/select/select_call.cpp,107,esp-idf,log,component-local
esphome/components/select/select_call.cpp,119,esp-idf,log,component-local
esphome/components/sen0321/sen0321.cpp,11,esp-idf,log,component-local
esphome/components/sen0321/sen0321.cpp,22,esp-idf,log,component-local
esphome/components/sen21231/sen21231.cpp,14,esp-idf,log,component-local
esphome/components/sen21231/sen21231.cpp,16,esp-idf,log,component-local
esphome/components/sen21231/sen21231.cpp,23,esp-idf,log,component-local
esphome/components/sen21231/sen21231.cpp,28,esp-idf,log,component-local
esphome/components/sen21231/sen21231.cpp,31,esp-idf,log,component-local
esphome/components/sen5x/sen5x.cpp,63,esp-idf,log,component-local
esphome/components/sen5x/sen5x.cpp,71,esp-idf,log,component-local
esphome/components/sen5x/sen5x.cpp,79,esp-idf,log,component-local
esphome/components/sen5x/sen5x.cpp,81,esp-idf,log,component-local
esphome/components/sen5x/sen5x.cpp,94,esp-idf,log,component-local
esphome/components/sen5x/sen5x.cpp,101,esp-idf,log,component-local
esphome/components/sen5x/sen5x.cpp,118,esp-idf,log,component-local
esphome/components/sen5x/sen5x.cpp,131,esp-idf,log,component-local
esphome/components/sen5x/sen5x.cpp,133,esp-idf,log,component-local
esphome/components/sen5x/sen5x.cpp,137,esp-idf,log,component-local
esphome/components/sen5x/sen5x.cpp,141,esp-idf,log,component-local
esphome/components/sen5x/sen5x.cpp,145,esp-idf,log,component-local
esphome/components/sen5x/sen5x.cpp,150,esp-idf,log,component-local
esphome/components/sen5x/sen5x.cpp,156,esp-idf,log,component-local
esphome/components/sen5x/sen5x.cpp,165,esp-idf,log,component-local
esphome/components/sen5x/sen5x.cpp,167,esp-idf,log,component-local
esphome/components/sen5x/sen5x.cpp,192,esp-idf,log,component-local
esphome/components/sen5x/sen5x.cpp,203,esp-idf,log,component-local
esphome/components/sen5x/sen5x.cpp,228,esp-idf,log,component-local
esphome/components/sen5x/sen5x.cpp,244,esp-idf,log,component-local
esphome/components/sen5x/sen5x.cpp,247,esp-idf,log,component-local
esphome/components/sen5x/sen5x.cpp,250,esp-idf,log,component-local
esphome/components/sen5x/sen5x.cpp,253,esp-idf,log,component-local
esphome/components/sen5x/sen5x.cpp,256,esp-idf,log,component-local
esphome/components/sen5x/sen5x.cpp,259,esp-idf,log,component-local
esphome/components/sen5x/sen5x.cpp,303,esp-idf,log,component-local
esphome/components/sen5x/sen5x.cpp,311,esp-idf,log,component-local
esphome/components/sen5x/sen5x.cpp,377,esp-idf,log,component-local
esphome/components/sen5x/sen5x.cpp,382,esp-idf,log,component-local
esphome/components/sen5x/sen5x.cpp,385,esp-idf,log,component-local
esphome/components/sen5x/sen5x.cpp,405,esp-idf,log,component-local
esphome/components/sen5x/sen5x.cpp,416,esp-idf,log,component-local
esphome/components/sen5x/sen5x.cpp,425,esp-idf,log,component-local
esphome/components/sen5x/sen5x.cpp,428,esp-idf,log,component-local
esphome/components/sen6x/sen6x.cpp,74,esp-idf,log,component-local
esphome/components/sen6x/sen6x.cpp,84,esp-idf,log,component-local
esphome/components/sen6x/sen6x.cpp,89,esp-idf,log,component-local
esphome/components/sen6x/sen6x.cpp,95,esp-idf,log,component-local
esphome/components/sen6x/sen6x.cpp,106,esp-idf,log,component-local
esphome/components/sen6x/sen6x.cpp,110,esp-idf,log,component-local
esphome/components/sen6x/sen6x.cpp,112,esp-idf,log,component-local
esphome/components/sen6x/sen6x.cpp,114,esp-idf,log,component-local
esphome/components/sen6x/sen6x.cpp,122,esp-idf,log,component-local
esphome/components/sen6x/sen6x.cpp,126,esp-idf,log,component-local
esphome/components/sen6x/sen6x.cpp,130,esp-idf,log,component-local
esphome/components/sen6x/sen6x.cpp,134,esp-idf,log,component-local
esphome/components/sen6x/sen6x.cpp,142,esp-idf,log,component-local
esphome/components/sen6x/sen6x.cpp,148,esp-idf,log,component-local
esphome/components/sen6x/sen6x.cpp,189,esp-idf,log,component-local
esphome/components/sen6x/sen6x.cpp,196,esp-idf,log,component-local
esphome/components/sen6x/sen6x.cpp,203,esp-idf,log,component-local
esphome/components/sen6x/sen6x.cpp,274,esp-idf,log,component-local
esphome/components/sen6x/sen6x.cpp,277,esp-idf,log,component-local
esphome/components/sen6x/sen6x.cpp,283,esp-idf,log,component-local
esphome/components/sen6x/sen6x.cpp,291,esp-idf,log,component-local
esphome/components/sen6x/sen6x.cpp,308,esp-idf,log,component-local
esphome/components/sen6x/sen6x.cpp,320,esp-idf,log,component-local
esphome/components/sen6x/sen6x.cpp,416,esp-idf,log,component-local
esphome/components/sendspin/image/sendspin_image.cpp,23,esp-idf,log,component-local
esphome/components/sendspin/image/sendspin_image.cpp,32,esp-idf,log,component-local
esphome/components/sendspin/image/sendspin_image.cpp,107,esp-idf,log,component-local
esphome/components/sendspin/image/sendspin_image.cpp,116,esp-idf,log,component-local
esphome/components/sendspin/image/sendspin_image.cpp,123,esp-idf,log,component-local
esphome/components/sendspin/image/sendspin_image.cpp,168,esp-idf,log,component-local
esphome/components/sendspin/media_player/sendspin_media_player.cpp,15,esp-idf,include,component-local
esphome/components/sendspin/media_player/sendspin_media_player.cpp,69,esp-idf,log,component-local
esphome/components/sendspin/media_source/sendspin_media_source.cpp,19,esp-idf,log,component-local
esphome/components/sendspin/media_source/sendspin_media_source.cpp,53,esp-idf,log,component-local
esphome/components/sendspin/media_source/sendspin_media_source.cpp,58,esp-idf,log,component-local
esphome/components/sendspin/media_source/sendspin_media_source.cpp,65,esp-idf,log,component-local
esphome/components/sendspin/media_source/sendspin_media_source.cpp,69,esp-idf,log,component-local
esphome/components/sendspin/media_source/sendspin_media_source.cpp,90,esp-idf,log,component-local
esphome/components/sendspin/media_source/sendspin_media_source.cpp,156,freertos,task-delay,component-local
esphome/components/sendspin/media_source/sendspin_media_source.cpp,156,freertos,tick,component-local
esphome/components/sendspin/media_source/sendspin_media_source.cpp,163,freertos,task-delay,component-local
esphome/components/sendspin/media_source/sendspin_media_source.cpp,163,freertos,tick,component-local
esphome/components/sendspin/sendspin_hub.cpp,18,esp-idf,include,component-local
esphome/components/sendspin/sendspin_hub.cpp,66,esp-idf,log,component-local
esphome/components/sendspin/sendspin_hub.cpp,181,esp-idf,log,component-local
esphome/components/sendspin/sendspin_hub.cpp,183,esp-idf,log,component-local
esphome/components/sendspin/sendspin_hub.cpp,192,esp-idf,log,component-local
esphome/components/sendspin/sendspin_hub.cpp,285,esp-idf,log,component-local
esphome/components/sendspin/sendspin_hub.cpp,287,esp-idf,log,component-local
esphome/components/sendspin/sendspin_hub.cpp,296,esp-idf,log,component-local
esphome/components/senseair/senseair.cpp,23,esp-idf,log,component-local
esphome/components/senseair/senseair.cpp,29,esp-idf,log,component-local
esphome/components/senseair/senseair.cpp,37,esp-idf,log,component-local
esphome/components/senseair/senseair.cpp,39,esp-idf,log,component-local
esphome/components/senseair/senseair.cpp,48,esp-idf,log,component-local
esphome/components/senseair/senseair.cpp,58,esp-idf,log,component-local
esphome/components/senseair/senseair.cpp,60,esp-idf,log,component-local
esphome/components/senseair/senseair.cpp,69,esp-idf,log,component-local
esphome/components/senseair/senseair.cpp,77,esp-idf,log,component-local
esphome/components/senseair/senseair.cpp,81,esp-idf,log,component-local
esphome/components/senseair/senseair.cpp,86,esp-idf,log,component-local
esphome/components/senseair/senseair.cpp,92,esp-idf,log,component-local
esphome/components/senseair/senseair.cpp,99,esp-idf,log,component-local
esphome/components/senseair/senseair.cpp,107,esp-idf,log,component-local
esphome/components/senseair/senseair.cpp,114,esp-idf,log,component-local
esphome/components/senseair/senseair.cpp,117,esp-idf,log,component-local
esphome/components/senseair/senseair.cpp,122,esp-idf,log,component-local
esphome/components/senseair/senseair.cpp,128,esp-idf,log,component-local
esphome/components/sensirion_common/i2c_sensirion.cpp,28,esp-idf,log,component-local
esphome/components/sensirion_common/i2c_sensirion.cpp,70,esp-idf,log,component-local
esphome/components/sensirion_common/i2c_sensirion.cpp,76,esp-idf,log,component-local
esphome/components/sensor/filter.cpp,100,esp-idf,log,component-local
esphome/components/sensor/filter.cpp,104,esp-idf,log,component-local
esphome/components/sensor/sensor.cpp,30,esp-idf,log,component-local
esphome/components/sensor/sensor.cpp,77,esp-idf,log,component-local
esphome/components/sensor/sensor.cpp,125,esp-idf,log,component-local
esphome/components/serial_proxy/serial_proxy.cpp,48,esp-idf,log,component-local
esphome/components/serial_proxy/serial_proxy.cpp,96,esp-idf,log,component-local
esphome/components/serial_proxy/serial_proxy.cpp,100,esp-idf,log,component-local
esphome/components/serial_proxy/serial_proxy.cpp,107,esp-idf,log,component-local
esphome/components/serial_proxy/serial_proxy.cpp,113,esp-idf,log,component-local
esphome/components/serial_proxy/serial_proxy.cpp,117,esp-idf,log,component-local
esphome/components/serial_proxy/serial_proxy.cpp,121,esp-idf,log,component-local
esphome/components/serial_proxy/serial_proxy.cpp,125,esp-idf,log,component-local
esphome/components/serial_proxy/serial_proxy.cpp,129,esp-idf,log,component-local
esphome/components/serial_proxy/serial_proxy.cpp,144,esp-idf,log,component-local
esphome/components/serial_proxy/serial_proxy.cpp,167,esp-idf,log,component-local
esphome/components/serial_proxy/serial_proxy.cpp,179,esp-idf,log,component-local
esphome/components/serial_proxy/serial_proxy.cpp,187,esp-idf,log,component-local
esphome/components/serial_proxy/serial_proxy.cpp,192,esp-idf,log,component-local
esphome/components/serial_proxy/serial_proxy.cpp,214,esp-idf,log,component-local
esphome/components/serial_proxy/serial_proxy.cpp,218,esp-idf,log,component-local
esphome/components/serial_proxy/serial_proxy.cpp,243,esp-idf,log,component-local
esphome/components/serial_proxy/serial_proxy.cpp,251,esp-idf,log,component-local
esphome/components/serial_proxy/serial_proxy.cpp,254,esp-idf,log,component-local
esphome/components/serial_proxy/serial_proxy.cpp,258,esp-idf,log,component-local
esphome/components/serial_proxy/serial_proxy.cpp,263,esp-idf,log,component-local
esphome/components/serial_proxy/serial_proxy.cpp,268,esp-idf,log,component-local
esphome/components/serial_proxy/serial_proxy.cpp,271,esp-idf,log,component-local
esphome/components/servo/servo.cpp,46,esp-idf,log,component-local
esphome/components/servo/servo.cpp,68,esp-idf,log,component-local
esphome/components/servo/servo.cpp,83,esp-idf,log,component-local
esphome/components/sfa30/sfa30.cpp,16,esp-idf,log,component-local
esphome/components/sfa30/sfa30.cpp,26,esp-idf,log,component-local
esphome/components/sfa30/sfa30.cpp,29,esp-idf,log,component-local
esphome/components/sfa30/sfa30.cpp,42,esp-idf,log,component-local
esphome/components/sfa30/sfa30.cpp,45,esp-idf,log,component-local
esphome/components/sfa30/sfa30.cpp,48,esp-idf,log,component-local
esphome/components/sfa30/sfa30.cpp,61,esp-idf,log,component-local
esphome/components/sfa30/sfa30.cpp,69,esp-idf,log,component-local
esphome/components/sfa40/sfa40.cpp,44,esp-idf,log,component-local
esphome/components/sfa40/sfa40.cpp,50,esp-idf,log,component-local
esphome/components/sfa40/sfa40.cpp,56,esp-idf,log,component-local
esphome/components/sfa40/sfa40.cpp,65,esp-idf,log,component-local
esphome/components/sfa40/sfa40.cpp,71,esp-idf,log,component-local
esphome/components/sfa40/sfa40.cpp,83,esp-idf,log,component-local
esphome/components/sfa40/sfa40.cpp,86,esp-idf,log,component-local
esphome/components/sfa40/sfa40.cpp,89,esp-idf,log,component-local
esphome/components/sfa40/sfa40.cpp,120,esp-idf,log,component-local
esphome/components/sfa40/sfa40.cpp,128,esp-idf,log,component-local
esphome/components/sfa40/sfa40.cpp,139,esp-idf,log,component-local
esphome/components/sfa40/sfa40.cpp,141,esp-idf,log,component-local
esphome/components/sgp30/sgp30.cpp,46,esp-idf,log,component-local
esphome/components/sgp30/sgp30.cpp,66,esp-idf,log,component-local
esphome/components/sgp30/sgp30.cpp,70,esp-idf,log,component-local
esphome/components/sgp30/sgp30.cpp,83,esp-idf,log,component-local
esphome/components/sgp30/sgp30.cpp,114,esp-idf,log,component-local
esphome/components/sgp30/sgp30.cpp,128,esp-idf,log,component-local
esphome/components/sgp30/sgp30.cpp,147,esp-idf,log,component-local
esphome/components/sgp30/sgp30.cpp,150,esp-idf,log,component-local
esphome/components/sgp30/sgp30.cpp,157,esp-idf,log,component-local
esphome/components/sgp30/sgp30.cpp,169,esp-idf,log,component-local
esphome/components/sgp30/sgp30.cpp,172,esp-idf,log,component-local
esphome/components/sgp30/sgp30.cpp,179,esp-idf,log,component-local
esphome/components/sgp30/sgp30.cpp,182,esp-idf,log,component-local
esphome/components/sgp30/sgp30.cpp,204,esp-idf,log,component-local
esphome/components/sgp30/sgp30.cpp,207,esp-idf,log,component-local
esphome/components/sgp30/sgp30.cpp,221,esp-idf,log,component-local
esphome/components/sgp30/sgp30.cpp,223,esp-idf,log,component-local
esphome/components/sgp30/sgp30.cpp,233,esp-idf,log,component-local
esphome/components/sgp30/sgp30.cpp,236,esp-idf,log,component-local
esphome/components/sgp30/sgp30.cpp,239,esp-idf,log,component-local
esphome/components/sgp30/sgp30.cpp,242,esp-idf,log,component-local
esphome/components/sgp30/sgp30.cpp,245,esp-idf,log,component-local
esphome/components/sgp30/sgp30.cpp,292,esp-idf,log,component-local
esphome/components/sgp4x/sgp4x.cpp,16,esp-idf,log,component-local
esphome/components/sgp4x/sgp4x.cpp,23,esp-idf,log,component-local
esphome/components/sgp4x/sgp4x.cpp,28,esp-idf,log,component-local
esphome/components/sgp4x/sgp4x.cpp,37,esp-idf,log,component-local
esphome/components/sgp4x/sgp4x.cpp,46,esp-idf,log,component-local
esphome/components/sgp4x/sgp4x.cpp,51,esp-idf,log,component-local
esphome/components/sgp4x/sgp4x.cpp,81,esp-idf,log,component-local
esphome/components/sgp4x/sgp4x.cpp,85,esp-idf,log,component-local
esphome/components/sgp4x/sgp4x.cpp,107,esp-idf,log,component-local
esphome/components/sgp4x/sgp4x.cpp,112,esp-idf,log,component-local
esphome/components/sgp4x/sgp4x.cpp,115,esp-idf,log,component-local
esphome/components/sgp4x/sgp4x.cpp,127,esp-idf,log,component-local
esphome/components/sgp4x/sgp4x.cpp,134,esp-idf,log,component-local
esphome/components/sgp4x/sgp4x.cpp,142,esp-idf,log,component-local
esphome/components/sgp4x/sgp4x.cpp,154,esp-idf,log,component-local
esphome/components/sgp4x/sgp4x.cpp,157,esp-idf,log,component-local
esphome/components/sgp4x/sgp4x.cpp,164,esp-idf,log,component-local
esphome/components/sgp4x/sgp4x.cpp,173,esp-idf,log,component-local
esphome/components/sgp4x/sgp4x.cpp,218,esp-idf,log,component-local
esphome/components/sgp4x/sgp4x.cpp,227,esp-idf,log,component-local
esphome/components/sgp4x/sgp4x.cpp,270,esp-idf,log,component-local
esphome/components/sgp4x/sgp4x.cpp,273,esp-idf,log,component-local
esphome/components/sgp4x/sgp4x.cpp,276,esp-idf,log,component-local
esphome/components/sgp4x/sgp4x.cpp,279,esp-idf,log,component-local
esphome/components/sha256/sha256.h,14,esp-idf,include,component-local
esphome/components/shelly_dimmer/shelly_dimmer.cpp,75,esp-idf,log,component-local
esphome/components/shelly_dimmer/shelly_dimmer.cpp,81,esp-idf,log,component-local
esphome/components/shelly_dimmer/shelly_dimmer.cpp,89,esp-idf,log,component-local
esphome/components/shelly_dimmer/shelly_dimmer.cpp,94,esp-idf,log,component-local
esphome/components/shelly_dimmer/shelly_dimmer.cpp,132,esp-idf,log,component-local
esphome/components/shelly_dimmer/shelly_dimmer.cpp,146,esp-idf,log,component-local
esphome/components/shelly_dimmer/shelly_dimmer.cpp,149,esp-idf,log,component-local
esphome/components/shelly_dimmer/shelly_dimmer.cpp,155,esp-idf,log,component-local
esphome/components/shelly_dimmer/shelly_dimmer.cpp,162,esp-idf,log,component-local
esphome/components/shelly_dimmer/shelly_dimmer.cpp,168,esp-idf,log,component-local
esphome/components/shelly_dimmer/shelly_dimmer.cpp,194,esp-idf,log,component-local
esphome/components/shelly_dimmer/shelly_dimmer.cpp,202,esp-idf,log,component-local
esphome/components/shelly_dimmer/shelly_dimmer.cpp,238,esp-idf,log,component-local
esphome/components/shelly_dimmer/shelly_dimmer.cpp,268,esp-idf,log,component-local
esphome/components/shelly_dimmer/shelly_dimmer.cpp,281,esp-idf,log,component-local
esphome/components/shelly_dimmer/shelly_dimmer.cpp,289,esp-idf,log,component-local
esphome/components/shelly_dimmer/shelly_dimmer.cpp,291,esp-idf,log,component-local
esphome/components/shelly_dimmer/shelly_dimmer.cpp,362,esp-idf,log,component-local
esphome/components/shelly_dimmer/shelly_dimmer.cpp,391,esp-idf,log,component-local
esphome/components/shelly_dimmer/shelly_dimmer.cpp,435,esp-idf,log,component-local
esphome/components/shelly_dimmer/shelly_dimmer.cpp,478,esp-idf,log,component-local
esphome/components/shelly_dimmer/shelly_dimmer.cpp,495,esp-idf,log,component-local
esphome/components/shelly_dimmer/stm32flash.cpp,153,esp-idf,log,component-local
esphome/components/shelly_dimmer/stm32flash.cpp,164,esp-idf,log,component-local
esphome/components/shelly_dimmer/stm32flash.cpp,189,esp-idf,log,component-local
esphome/components/shelly_dimmer/stm32flash.cpp,191,esp-idf,log,component-local
esphome/components/shelly_dimmer/stm32flash.cpp,268,esp-idf,log,component-local
esphome/components/shelly_dimmer/stm32flash.cpp,300,esp-idf,log,component-local
esphome/components/shelly_dimmer/stm32flash.cpp,304,esp-idf,log,component-local
esphome/components/shelly_dimmer/stm32flash.cpp,318,esp-idf,log,component-local
esphome/components/shelly_dimmer/stm32flash.cpp,326,esp-idf,log,component-local
esphome/components/shelly_dimmer/stm32flash.cpp,351,esp-idf,log,component-local
esphome/components/shelly_dimmer/stm32flash.cpp,375,esp-idf,log,component-local
esphome/components/shelly_dimmer/stm32flash.cpp,434,esp-idf,log,component-local
esphome/components/shelly_dimmer/stm32flash.cpp,602,esp-idf,log,component-local
esphome/components/shelly_dimmer/stm32flash.cpp,604,esp-idf,log,component-local
esphome/components/shelly_dimmer/stm32flash.cpp,609,esp-idf,log,component-local
esphome/components/shelly_dimmer/stm32flash.cpp,616,esp-idf,log,component-local
esphome/components/shelly_dimmer/stm32flash.cpp,626,esp-idf,log,component-local
esphome/components/shelly_dimmer/stm32flash.cpp,631,esp-idf,log,component-local
esphome/components/shelly_dimmer/stm32flash.cpp,633,esp-idf,log,component-local
esphome/components/shelly_dimmer/stm32flash.cpp,645,esp-idf,log,component-local
esphome/components/shelly_dimmer/stm32flash.cpp,660,esp-idf,log,component-local
esphome/components/shelly_dimmer/stm32flash.cpp,665,esp-idf,log,component-local
esphome/components/shelly_dimmer/stm32flash.cpp,699,esp-idf,log,component-local
esphome/components/shelly_dimmer/stm32flash.cpp,705,esp-idf,log,component-local
esphome/components/shelly_dimmer/stm32flash.cpp,710,esp-idf,log,component-local
esphome/components/shelly_dimmer/stm32flash.cpp,754,esp-idf,log,component-local
esphome/components/shelly_dimmer/stm32flash.cpp,762,esp-idf,log,component-local
esphome/components/shelly_dimmer/stm32flash.cpp,767,esp-idf,log,component-local
esphome/components/shelly_dimmer/stm32flash.cpp,775,esp-idf,log,component-local
esphome/components/shelly_dimmer/stm32flash.cpp,780,esp-idf,log,component-local
esphome/components/shelly_dimmer/stm32flash.cpp,788,esp-idf,log,component-local
esphome/components/shelly_dimmer/stm32flash.cpp,793,esp-idf,log,component-local
esphome/components/shelly_dimmer/stm32flash.cpp,801,esp-idf,log,component-local
esphome/components/shelly_dimmer/stm32flash.cpp,809,esp-idf,log,component-local
esphome/components/shelly_dimmer/stm32flash.cpp,856,esp-idf,log,component-local
esphome/components/shelly_dimmer/stm32flash.cpp,896,esp-idf,log,component-local
esphome/components/shelly_dimmer/stm32flash.cpp,932,esp-idf,log,component-local
esphome/components/shelly_dimmer/stm32flash.cpp,937,esp-idf,log,component-local
esphome/components/shelly_dimmer/stm32flash.cpp,998,esp-idf,log,component-local
esphome/components/shelly_dimmer/stm32flash.cpp,1029,esp-idf,log,component-local
esphome/components/shelly_dimmer/stm32flash.cpp,1042,esp-idf,log,component-local
esphome/components/shelly_dimmer/stm32flash.cpp,1049,esp-idf,log,component-local
esphome/components/shelly_dimmer/stm32flash.cpp,1051,esp-idf,log,component-local
esphome/components/sht3xd/sht3xd.cpp,32,esp-idf,log,component-local
esphome/components/sht3xd/sht3xd.cpp,57,esp-idf,log,component-local
esphome/components/sht3xd/sht3xd.cpp,75,esp-idf,log,component-local
esphome/components/sht4x/sht4x.cpp,22,esp-idf,log,component-local
esphome/components/sht4x/sht4x.cpp,27,esp-idf,log,component-local
esphome/components/sht4x/sht4x.cpp,41,esp-idf,log,component-local
esphome/components/sht4x/sht4x.cpp,62,esp-idf,log,component-local
esphome/components/sht4x/sht4x.cpp,74,esp-idf,log,component-local
esphome/components/sht4x/sht4x.cpp,77,esp-idf,log,component-local
esphome/components/sht4x/sht4x.cpp,95,esp-idf,log,component-local
esphome/components/sht4x/sht4x.cpp,120,esp-idf,log,component-local
esphome/components/shtcx/shtcx.cpp,32,esp-idf,log,component-local
esphome/components/shtcx/shtcx.cpp,57,esp-idf,log,component-local
esphome/components/shtcx/shtcx.cpp,67,esp-idf,log,component-local
esphome/components/shtcx/shtcx.cpp,74,esp-idf,log,component-local
esphome/components/shtcx/shtcx.cpp,88,esp-idf,log,component-local
esphome/components/shutdown/button/shutdown_button.cpp,7,esp-idf,include,component-local
esphome/components/shutdown/button/shutdown_button.cpp,19,esp-idf,log,component-local
esphome/components/shutdown/switch/shutdown_switch.cpp,7,esp-idf,include,component-local
esphome/components/shutdown/switch/shutdown_switch.cpp,23,esp-idf,log,component-local
esphome/components/sim800l/sim800l.cpp,31,esp-idf,log,component-local
esphome/components/sim800l/sim800l.cpp,39,esp-idf,log,component-local
esphome/components/sim800l/sim800l.cpp,62,esp-idf,log,component-local
esphome/components/sim800l/sim800l.cpp,73,esp-idf,log,component-local
esphome/components/sim800l/sim800l.cpp,97,esp-idf,log,component-local
esphome/components/sim800l/sim800l.cpp,104,esp-idf,log,component-local
esphome/components/sim800l/sim800l.cpp,162,esp-idf,log,component-local
esphome/components/sim800l/sim800l.cpp,165,esp-idf,log,component-local
esphome/components/sim800l/sim800l.cpp,176,esp-idf,log,component-local
esphome/components/sim800l/sim800l.cpp,201,esp-idf,log,component-local
esphome/components/sim800l/sim800l.cpp,206,esp-idf,log,component-local
esphome/components/sim800l/sim800l.cpp,233,esp-idf,log,component-local
esphome/components/sim800l/sim800l.cpp,236,esp-idf,log,component-local
esphome/components/sim800l/sim800l.cpp,267,esp-idf,log,component-local
esphome/components/sim800l/sim800l.cpp,292,esp-idf,log,component-local
esphome/components/sim800l/sim800l.cpp,295,esp-idf,log,component-local
esphome/components/sim800l/sim800l.cpp,309,esp-idf,log,component-local
esphome/components/sim800l/sim800l.cpp,326,esp-idf,log,component-local
esphome/components/sim800l/sim800l.cpp,349,esp-idf,log,component-local
esphome/components/sim800l/sim800l.cpp,362,esp-idf,log,component-local
esphome/components/sim800l/sim800l.cpp,374,esp-idf,log,component-local
esphome/components/sim800l/sim800l.cpp,403,esp-idf,log,component-local
esphome/components/sim800l/sim800l.cpp,410,esp-idf,log,component-local
esphome/components/sim800l/sim800l.cpp,418,esp-idf,log,component-local
esphome/components/sim800l/sim800l.cpp,465,esp-idf,log,component-local
esphome/components/slow_pwm/slow_pwm_output.cpp,25,esp-idf,log,component-local
esphome/components/slow_pwm/slow_pwm_output.cpp,27,esp-idf,log,component-local
esphome/components/sm300d2/sm300d2.cpp,19,esp-idf,log,component-local
esphome/components/sm300d2/sm300d2.cpp,25,esp-idf,log,component-local
esphome/components/sm300d2/sm300d2.cpp,36,esp-idf,log,component-local
esphome/components/sm300d2/sm300d2.cpp,44,esp-idf,log,component-local
esphome/components/sm300d2/sm300d2.cpp,57,esp-idf,log,component-local
esphome/components/sm300d2/sm300d2.cpp,61,esp-idf,log,component-local
esphome/components/sm300d2/sm300d2.cpp,65,esp-idf,log,component-local
esphome/components/sm300d2/sm300d2.cpp,69,esp-idf,log,component-local
esphome/components/sm300d2/sm300d2.cpp,73,esp-idf,log,component-local
esphome/components/sm300d2/sm300d2.cpp,77,esp-idf,log,component-local
esphome/components/sm300d2/sm300d2.cpp,81,esp-idf,log,component-local
esphome/components/sml/sensor/sml_sensor.cpp,24,esp-idf,log,component-local
esphome/components/sml/sml.cpp,73,esp-idf,log,component-local
esphome/components/sml/sml.cpp,79,esp-idf,log,component-local
esphome/components/sml/sml.cpp,107,esp-idf,log,component-local
esphome/components/sml/sml.cpp,115,esp-idf,log,component-local
esphome/components/sml/sml.cpp,121,esp-idf,log,component-local
esphome/components/sml/sml.cpp,125,esp-idf,log,component-local
esphome/components/smt100/smt100.cpp,9,esp-idf,log,component-local
esphome/components/sn74hc165/sn74hc165.cpp,31,esp-idf,log,component-local
esphome/components/sn74hc595/__init__.py,64,esp-idf,i2c-spi,python
esphome/components/sn74hc595/sn74hc595.cpp,44,esp-idf,log,component-local
esphome/components/snapshot/display/snapshot_display.cpp,63,esp-idf,log,component-local
esphome/components/snapshot/snapshot.cpp,140,esp-idf,log,component-local
esphome/components/snapshot/snapshot.cpp,153,esp-idf,log,component-local
esphome/components/snapshot/snapshot.cpp,159,esp-idf,log,component-local
esphome/components/snapshot/snapshot.cpp,164,esp-idf,log,component-local
esphome/components/snapshot/snapshot.cpp,170,esp-idf,log,component-local
esphome/components/snapshot/snapshot.cpp,184,esp-idf,log,component-local
esphome/components/snapshot/snapshot.cpp,189,esp-idf,log,component-local
esphome/components/snapshot/snapshot.cpp,196,esp-idf,log,component-local
esphome/components/snapshot/snapshot.cpp,202,esp-idf,log,component-local
esphome/components/snapshot/snapshot.cpp,213,esp-idf,log,component-local
esphome/components/snapshot/snapshot.cpp,232,esp-idf,log,component-local
esphome/components/sntp/sntp_component.cpp,5,esp-idf,include,component-local
esphome/components/sntp/sntp_component.cpp,9,lwip,include,component-local
esphome/components/sntp/sntp_component.cpp,99,esp-idf,log,component-local
esphome/components/socket/__init__.py,179,lwip,sockets,python
esphome/components/socket/__init__.py,180,lwip,sockets,python
esphome/components/socket/bsd_sockets_impl.h,13,lwip,include,component-local
esphome/components/socket/bsd_sockets_impl.h,73,lwip,sockets,component-local
esphome/components/socket/bsd_sockets_impl.h,82,lwip,sockets,component-local
esphome/components/socket/bsd_sockets_impl.h,87,lwip,sockets,component-local
esphome/components/socket/bsd_sockets_impl.h,107,lwip,sockets,component-local
esphome/components/socket/bsd_sockets_impl.h,115,lwip,sockets,component-local
esphome/components/socket/headers.h,10,lwip,include,seam
esphome/components/socket/headers.h,133,lwip,include,seam
esphome/components/socket/headers.h,136,arduino,guard,seam
esphome/components/socket/headers.h,177,arduino,guard,seam
esphome/components/socket/lwip_raw_tcp_impl.cpp,114,lwip,addr-type,component-local
esphome/components/socket/lwip_raw_tcp_impl.cpp,126,lwip,raw-api,component-local
esphome/components/socket/lwip_raw_tcp_impl.cpp,136,lwip,raw-api,component-local
esphome/components/socket/lwip_raw_tcp_impl.cpp,149,lwip,raw-api,component-local
esphome/components/socket/lwip_raw_tcp_impl.cpp,151,lwip,raw-api,component-local
esphome/components/socket/lwip_raw_tcp_impl.cpp,351,lwip,addr-type,component-local
esphome/components/socket/lwip_raw_tcp_impl.cpp,379,lwip,addr-type,component-local
esphome/components/socket/lwip_raw_tcp_impl.cpp,399,lwip,raw-api,component-local
esphome/components/socket/lwip_raw_tcp_impl.cpp,444,lwip,raw-api,component-local
esphome/components/socket/lwip_raw_tcp_impl.cpp,458,lwip,raw-api,component-local
esphome/components/socket/lwip_raw_tcp_impl.cpp,513,lwip,raw-api,component-local
esphome/components/socket/lwip_raw_tcp_impl.cpp,519,lwip,raw-api,component-local
esphome/components/socket/lwip_raw_tcp_impl.cpp,520,lwip,raw-api,component-local
esphome/components/socket/lwip_raw_tcp_impl.cpp,604,lwip,raw-api,component-local
esphome/components/socket/lwip_raw_tcp_impl.cpp,605,lwip,raw-api,component-local
esphome/components/socket/lwip_raw_tcp_impl.cpp,705,lwip,raw-api,component-local
esphome/components/socket/lwip_raw_tcp_impl.cpp,762,lwip,raw-api,component-local
esphome/components/socket/lwip_raw_tcp_impl.cpp,771,lwip,raw-api,component-local
esphome/components/socket/lwip_raw_tcp_impl.cpp,804,lwip,raw-api,component-local
esphome/components/socket/lwip_raw_tcp_impl.cpp,894,esp-idf,log,component-local
esphome/components/socket/lwip_raw_tcp_impl.cpp,899,lwip,raw-api,component-local
esphome/components/socket/lwip_raw_tcp_impl.cpp,914,esp-idf,log,component-local
esphome/components/socket/lwip_raw_tcp_impl.cpp,919,lwip,raw-api,component-local
esphome/components/socket/lwip_raw_tcp_impl.h,14,lwip,include,component-local
esphome/components/socket/lwip_raw_tcp_impl.h,15,lwip,include,component-local
esphome/components/socket/lwip_raw_tcp_impl.h,16,lwip,include,component-local
esphome/components/socket/lwip_raw_tcp_impl.h,17,lwip,include,component-local
esphome/components/socket/lwip_raw_tcp_impl.h,52,lwip,addr-type,component-local
esphome/components/socket/lwip_sockets_impl.cpp,45,lwip,sockets,component-local
esphome/components/socket/lwip_sockets_impl.cpp,51,lwip,sockets,component-local
esphome/components/socket/lwip_sockets_impl.cpp,57,lwip,sockets,component-local
esphome/components/socket/lwip_sockets_impl.cpp,83,lwip,sockets,component-local
esphome/components/socket/lwip_sockets_impl.h,25,lwip,sockets,component-local
esphome/components/socket/lwip_sockets_impl.h,27,lwip,sockets,component-local
esphome/components/socket/lwip_sockets_impl.h,33,lwip,sockets,component-local
esphome/components/socket/lwip_sockets_impl.h,39,lwip,sockets,component-local
esphome/components/socket/lwip_sockets_impl.h,41,lwip,sockets,component-local
esphome/components/socket/lwip_sockets_impl.h,43,lwip,sockets,component-local
esphome/components/socket/lwip_sockets_impl.h,44,lwip,sockets,component-local
esphome/components/socket/lwip_sockets_impl.h,52,lwip,sockets,component-local
esphome/components/socket/lwip_sockets_impl.h,64,lwip,sockets,component-local
esphome/components/socket/lwip_sockets_impl.h,66,lwip,sockets,component-local
esphome/components/socket/lwip_sockets_impl.h,67,lwip,sockets,component-local
esphome/components/socket/lwip_sockets_impl.h,69,lwip,sockets,component-local
esphome/components/socket/lwip_sockets_impl.h,71,lwip,sockets,component-local
esphome/components/socket/lwip_sockets_impl.h,72,lwip,sockets,component-local
esphome/components/socket/lwip_sockets_impl.h,73,lwip,sockets,component-local
esphome/components/socket/lwip_sockets_impl.h,74,lwip,sockets,component-local
esphome/components/socket/lwip_sockets_impl.h,76,lwip,sockets,component-local
esphome/components/socket/socket.cpp,39,lwip,addr-type,component-local
esphome/components/socket/socket.cpp,46,lwip,sockets,component-local
esphome/components/socket/socket.cpp,50,lwip,sockets,component-local
esphome/components/socket/socket.cpp,167,lwip,addr-type,component-local
esphome/components/sonoff_d1/sonoff_d1.cpp,73,esp-idf,log,component-local
esphome/components/sonoff_d1/sonoff_d1.cpp,79,esp-idf,log,component-local
esphome/components/sonoff_d1/sonoff_d1.cpp,87,esp-idf,log,component-local
esphome/components/sonoff_d1/sonoff_d1.cpp,95,esp-idf,log,component-local
esphome/components/sonoff_d1/sonoff_d1.cpp,99,esp-idf,log,component-local
esphome/components/sonoff_d1/sonoff_d1.cpp,104,esp-idf,log,component-local
esphome/components/sonoff_d1/sonoff_d1.cpp,112,esp-idf,log,component-local
esphome/components/sonoff_d1/sonoff_d1.cpp,118,esp-idf,log,component-local
esphome/components/sonoff_d1/sonoff_d1.cpp,130,esp-idf,log,component-local
esphome/components/sonoff_d1/sonoff_d1.cpp,154,esp-idf,log,component-local
esphome/components/sonoff_d1/sonoff_d1.cpp,158,esp-idf,log,component-local
esphome/components/sonoff_d1/sonoff_d1.cpp,160,esp-idf,log,component-local
esphome/components/sonoff_d1/sonoff_d1.cpp,168,esp-idf,log,component-local
esphome/components/sonoff_d1/sonoff_d1.cpp,172,esp-idf,log,component-local
esphome/components/sonoff_d1/sonoff_d1.cpp,176,esp-idf,log,component-local
esphome/components/sonoff_d1/sonoff_d1.cpp,189,esp-idf,log,component-local
esphome/components/sonoff_d1/sonoff_d1.cpp,201,esp-idf,log,component-local
esphome/components/sonoff_d1/sonoff_d1.cpp,215,esp-idf,log,component-local
esphome/components/sonoff_d1/sonoff_d1.cpp,224,esp-idf,log,component-local
esphome/components/sonoff_d1/sonoff_d1.cpp,236,esp-idf,log,component-local
esphome/components/sonoff_d1/sonoff_d1.cpp,242,esp-idf,log,component-local
esphome/components/sonoff_d1/sonoff_d1.cpp,248,esp-idf,log,component-local
esphome/components/sonoff_d1/sonoff_d1.cpp,294,esp-idf,log,component-local
esphome/components/sonoff_d1/sonoff_d1.cpp,314,esp-idf,log,component-local
esphome/components/sound_level/sound_level.cpp,145,esp-idf,log,component-local
esphome/components/sound_level/sound_level.cpp,153,esp-idf,log,component-local
esphome/components/spa06_base/spa06_base.cpp,68,esp-idf,log,component-local
esphome/components/spa06_base/spa06_base.cpp,157,esp-idf,log,component-local
esphome/components/spa06_base/spa06_base.cpp,197,esp-idf,log,component-local
esphome/components/spa06_base/spa06_base.cpp,253,esp-idf,log,component-local
esphome/components/spa06_base/spa06_base.cpp,259,esp-idf,log,component-local
esphome/components/spa06_base/spa06_base.cpp,264,esp-idf,log,component-local
esphome/components/spa06_base/spa06_base.cpp,270,esp-idf,log,component-local
esphome/components/spa06_base/spa06_base.cpp,275,esp-idf,log,component-local
esphome/components/spa06_base/spa06_base.cpp,283,esp-idf,log,component-local
esphome/components/spa06_base/spa06_base.cpp,288,esp-idf,log,component-local
esphome/components/spa06_spi/sensor.py,33,esp-idf,i2c-spi,python
esphome/components/speaker/media_player/audio_pipeline.cpp,77,esp-idf,err-type,component-local
esphome/components/speaker/media_player/audio_pipeline.cpp,80,esp-idf,err-type,component-local
esphome/components/speaker/media_player/audio_pipeline.cpp,112,freertos,queue,component-local
esphome/components/speaker/media_player/audio_pipeline.cpp,116,esp-idf,log,component-local
esphome/components/speaker/media_player/audio_pipeline.cpp,118,esp-idf,log,component-local
esphome/components/speaker/media_player/audio_pipeline.cpp,124,esp-idf,log,component-local
esphome/components/speaker/media_player/audio_pipeline.cpp,128,esp-idf,log,component-local
esphome/components/speaker/media_player/audio_pipeline.cpp,136,esp-idf,log,component-local
esphome/components/speaker/media_player/audio_pipeline.cpp,139,esp-idf,log,component-local
esphome/components/speaker/media_player/audio_pipeline.cpp,142,esp-idf,log,component-local
esphome/components/speaker/media_player/audio_pipeline.cpp,254,esp-idf,err-type,component-local
esphome/components/speaker/media_player/audio_pipeline.cpp,259,esp-idf,err-type,component-local
esphome/components/speaker/media_player/audio_pipeline.cpp,263,freertos,queue,component-local
esphome/components/speaker/media_player/audio_pipeline.cpp,266,esp-idf,err-type,component-local
esphome/components/speaker/media_player/audio_pipeline.cpp,268,esp-idf,err-type,component-local
esphome/components/speaker/media_player/audio_pipeline.cpp,271,esp-idf,err-type,component-local
esphome/components/speaker/media_player/audio_pipeline.cpp,277,esp-idf,err-type,component-local
esphome/components/speaker/media_player/audio_pipeline.cpp,284,esp-idf,err-type,component-local
esphome/components/speaker/media_player/audio_pipeline.cpp,288,esp-idf,err-type,component-local
esphome/components/speaker/media_player/audio_pipeline.cpp,311,esp-idf,err-type,component-local
esphome/components/speaker/media_player/audio_pipeline.cpp,322,esp-idf,err-type,component-local
esphome/components/speaker/media_player/audio_pipeline.cpp,333,esp-idf,err-type,component-local
esphome/components/speaker/media_player/audio_pipeline.cpp,339,esp-idf,err-type,component-local
esphome/components/speaker/media_player/audio_pipeline.cpp,342,freertos,queue,component-local
esphome/components/speaker/media_player/audio_pipeline.cpp,350,freertos,queue,component-local
esphome/components/speaker/media_player/audio_pipeline.cpp,405,esp-idf,err-type,component-local
esphome/components/speaker/media_player/audio_pipeline.cpp,406,esp-idf,err-type,component-local
esphome/components/speaker/media_player/audio_pipeline.cpp,410,esp-idf,err-type,component-local
esphome/components/speaker/media_player/audio_pipeline.cpp,413,freertos,queue,component-local
esphome/components/speaker/media_player/audio_pipeline.cpp,456,freertos,queue,component-local
esphome/components/speaker/media_player/audio_pipeline.cpp,509,freertos,queue,component-local
esphome/components/speaker/media_player/audio_pipeline.h,13,esp-idf,include,component-local
esphome/components/speaker/media_player/audio_pipeline.h,15,freertos,include,component-local
esphome/components/speaker/media_player/audio_pipeline.h,16,freertos,include,component-local
esphome/components/speaker/media_player/audio_pipeline.h,53,esp-idf,err-type,component-local
esphome/components/speaker/media_player/audio_pipeline.h,81,esp-idf,err-type,component-local
esphome/components/speaker/media_player/audio_pipeline.h,100,esp-idf,err-type,component-local
esphome/components/speaker/media_player/audio_pipeline.h,104,esp-idf,err-type,component-local
esphome/components/speaker/media_player/audio_pipeline.h,138,freertos,queue,component-local
esphome/components/speaker/media_player/speaker_media_player.cpp,62,freertos,queue,component-local
esphome/components/speaker/media_player/speaker_media_player.cpp,84,esp-idf,log,component-local
esphome/components/speaker/media_player/speaker_media_player.cpp,93,esp-idf,log,component-local
esphome/components/speaker/media_player/speaker_media_player.cpp,98,esp-idf,log,component-local
esphome/components/speaker/media_player/speaker_media_player.cpp,133,freertos,queue,component-local
esphome/components/speaker/media_player/speaker_media_player.cpp,353,esp-idf,log,component-local
esphome/components/speaker/media_player/speaker_media_player.cpp,355,esp-idf,log,component-local
esphome/components/speaker/media_player/speaker_media_player.cpp,364,esp-idf,log,component-local
esphome/components/speaker/media_player/speaker_media_player.cpp,366,esp-idf,log,component-local
esphome/components/speaker/media_player/speaker_media_player.cpp,456,esp-idf,log,component-local
esphome/components/speaker/media_player/speaker_media_player.cpp,465,esp-idf,log,component-local
esphome/components/speaker/media_player/speaker_media_player.cpp,469,esp-idf,log,component-local
esphome/components/speaker/media_player/speaker_media_player.cpp,489,freertos,queue,component-local
esphome/components/speaker/media_player/speaker_media_player.cpp,519,freertos,queue,component-local
esphome/components/speaker/media_player/speaker_media_player.cpp,527,freertos,queue,component-local
esphome/components/speaker/media_player/speaker_media_player.cpp,539,freertos,queue,component-local
esphome/components/speaker/media_player/speaker_media_player.h,21,freertos,include,component-local
esphome/components/speaker/media_player/speaker_media_player.h,22,freertos,include,component-local
esphome/components/speaker/media_player/speaker_media_player.h,135,freertos,queue,component-local
esphome/components/speaker/speaker.h,8,freertos,include,component-local
esphome/components/speaker_source/speaker_source_media_player.cpp,64,freertos,queue,component-local
esphome/components/speaker_source/speaker_source_media_player.cpp,196,freertos,task-delay,component-local
esphome/components/speaker_source/speaker_source_media_player.cpp,196,freertos,tick,component-local
esphome/components/speaker_source/speaker_source_media_player.cpp,199,freertos,tick,component-local
esphome/components/speaker_source/speaker_source_media_player.cpp,208,freertos,task-delay,component-local
esphome/components/speaker_source/speaker_source_media_player.cpp,208,freertos,tick,component-local
esphome/components/speaker_source/speaker_source_media_player.cpp,222,esp-idf,log,component-local
esphome/components/speaker_source/speaker_source_media_player.cpp,265,esp-idf,log,component-local
esphome/components/speaker_source/speaker_source_media_player.cpp,285,esp-idf,log,component-local
esphome/components/speaker_source/speaker_source_media_player.cpp,310,esp-idf,log,component-local
esphome/components/speaker_source/speaker_source_media_player.cpp,311,esp-idf,log,component-local
esphome/components/speaker_source/speaker_source_media_player.cpp,325,esp-idf,log,component-local
esphome/components/speaker_source/speaker_source_media_player.cpp,339,esp-idf,log,component-local
esphome/components/speaker_source/speaker_source_media_player.cpp,360,esp-idf,log,component-local
esphome/components/speaker_source/speaker_source_media_player.cpp,376,freertos,queue,component-local
esphome/components/speaker_source/speaker_source_media_player.cpp,377,esp-idf,log,component-local
esphome/components/speaker_source/speaker_source_media_player.cpp,404,freertos,queue,component-local
esphome/components/speaker_source/speaker_source_media_player.cpp,490,freertos,queue,component-local
esphome/components/speaker_source/speaker_source_media_player.cpp,715,freertos,queue,component-local
esphome/components/speaker_source/speaker_source_media_player.cpp,717,esp-idf,log,component-local
esphome/components/speaker_source/speaker_source_media_player.cpp,748,freertos,queue,component-local
esphome/components/speaker_source/speaker_source_media_player.cpp,749,esp-idf,log,component-local
esphome/components/speaker_source/speaker_source_media_player.h,20,freertos,include,component-local
esphome/components/speaker_source/speaker_source_media_player.h,21,freertos,include,component-local
esphome/components/speaker_source/speaker_source_media_player.h,139,freertos,queue,component-local
esphome/components/speaker_source/speaker_source_media_player.h,236,freertos,queue,component-local
esphome/components/spi/__init__.py,454,esp-idf,i2c-spi,python
esphome/components/spi/spi.cpp,20,esp-idf,log,component-local
esphome/components/spi/spi.cpp,44,esp-idf,log,component-local
esphome/components/spi/spi.cpp,53,esp-idf,log,component-local
esphome/components/spi/spi.cpp,80,esp-idf,log,component-local
esphome/components/spi/spi.cpp,121,arduino,guard,component-local
esphome/components/spi/spi.h,12,esp-idf,include,component-local
esphome/components/spi/spi.h,16,arduino,guard,component-local
esphome/components/spi/spi.h,30,arduino,guard,component-local
esphome/components/spi/spi_arduino.cpp,5,arduino,guard,component-local
esphome/components/spi/spi_arduino.cpp,103,arduino,guard,component-local
esphome/components/spi/spi_esp_idf.cpp,5,esp-idf,include,component-local
esphome/components/spi/spi_esp_idf.cpp,34,esp-idf,log,component-local
esphome/components/spi/spi_esp_idf.cpp,45,esp-idf,err-type,component-local
esphome/components/spi/spi_esp_idf.cpp,45,esp-idf,i2c-spi,component-local
esphome/components/spi/spi_esp_idf.cpp,46,esp-idf,log,component-local
esphome/components/spi/spi_esp_idf.cpp,50,esp-idf,log,component-local
esphome/components/spi/spi_esp_idf.cpp,57,esp-idf,i2c-spi,component-local
esphome/components/spi/spi_esp_idf.cpp,59,esp-idf,i2c-spi,component-local
esphome/components/spi/spi_esp_idf.cpp,66,esp-idf,err-type,component-local
esphome/components/spi/spi_esp_idf.cpp,66,esp-idf,i2c-spi,component-local
esphome/components/spi/spi_esp_idf.cpp,67,esp-idf,err-type,component-local
esphome/components/spi/spi_esp_idf.cpp,68,esp-idf,log,component-local
esphome/components/spi/spi_esp_idf.cpp,78,esp-idf,log,component-local
esphome/components/spi/spi_esp_idf.cpp,95,esp-idf,err-type,component-local
esphome/components/spi/spi_esp_idf.cpp,95,esp-idf,i2c-spi,component-local
esphome/components/spi/spi_esp_idf.cpp,96,esp-idf,err-type,component-local
esphome/components/spi/spi_esp_idf.cpp,97,esp-idf,i2c-spi,component-local
esphome/components/spi/spi_esp_idf.cpp,99,esp-idf,err-type,component-local
esphome/components/spi/spi_esp_idf.cpp,100,esp-idf,log,component-local
esphome/components/spi/spi_esp_idf.cpp,105,esp-idf,log,component-local
esphome/components/spi/spi_esp_idf.cpp,122,esp-idf,err-type,component-local
esphome/components/spi/spi_esp_idf.cpp,122,esp-idf,i2c-spi,component-local
esphome/components/spi/spi_esp_idf.cpp,123,esp-idf,err-type,component-local
esphome/components/spi/spi_esp_idf.cpp,124,esp-idf,i2c-spi,component-local
esphome/components/spi/spi_esp_idf.cpp,127,esp-idf,err-type,component-local
esphome/components/spi/spi_esp_idf.cpp,128,esp-idf,log,component-local
esphome/components/spi/spi_esp_idf.cpp,178,esp-idf,err-type,component-local
esphome/components/spi/spi_esp_idf.cpp,178,esp-idf,i2c-spi,component-local
esphome/components/spi/spi_esp_idf.cpp,179,esp-idf,err-type,component-local
esphome/components/spi/spi_esp_idf.cpp,180,esp-idf,i2c-spi,component-local
esphome/components/spi/spi_esp_idf.cpp,182,esp-idf,err-type,component-local
esphome/components/spi/spi_esp_idf.cpp,183,esp-idf,log,component-local
esphome/components/spi/spi_esp_idf.cpp,188,esp-idf,log,component-local
esphome/components/spi/spi_esp_idf.cpp,242,esp-idf,err-type,component-local
esphome/components/spi/spi_esp_idf.cpp,242,esp-idf,i2c-spi,component-local
esphome/components/spi/spi_esp_idf.cpp,243,esp-idf,err-type,component-local
esphome/components/spi/spi_esp_idf.cpp,244,esp-idf,log,component-local
esphome/components/spi/spi_esp_idf.cpp,288,esp-idf,i2c-spi,component-local
esphome/components/spi/spi_esp_idf.cpp,289,esp-idf,err-type,component-local
esphome/components/spi/spi_esp_idf.cpp,290,esp-idf,log,component-local
esphome/components/spi_device/__init__.py,30,esp-idf,i2c-spi,python
esphome/components/spi_led_strip/light.py,17,esp-idf,i2c-spi,python
esphome/components/spi_led_strip/spi_led_strip.cpp,12,esp-idf,log,component-local
esphome/components/spi_led_strip/spi_led_strip.cpp,18,esp-idf,log,component-local
esphome/components/split_buffer/split_buffer.cpp,33,esp-idf,log,component-local
esphome/components/split_buffer/split_buffer.cpp,66,esp-idf,log,component-local
esphome/components/split_buffer/split_buffer.cpp,83,esp-idf,log,component-local
esphome/components/split_buffer/split_buffer.cpp,106,esp-idf,log,component-local
esphome/components/sprinkler/sprinkler.cpp,763,esp-idf,log,component-local
esphome/components/sprinkler/sprinkler.cpp,771,esp-idf,log,component-local
esphome/components/sprinkler/sprinkler.cpp,789,esp-idf,log,component-local
esphome/components/sprinkler/sprinkler.cpp,817,esp-idf,log,component-local
esphome/components/sprinkler/sprinkler.cpp,852,esp-idf,log,component-local
esphome/components/sprinkler/sprinkler.cpp,867,esp-idf,log,component-local
esphome/components/sprinkler/sprinkler.cpp,872,esp-idf,log,component-local
esphome/components/sprinkler/sprinkler.cpp,972,esp-idf,log,component-local
esphome/components/sprinkler/sprinkler.cpp,1182,esp-idf,log,component-local
esphome/components/sprinkler/sprinkler.cpp,1279,esp-idf,log,component-local
esphome/components/sprinkler/sprinkler.cpp,1313,esp-idf,log,component-local
esphome/components/sprinkler/sprinkler.cpp,1338,esp-idf,log,component-local
esphome/components/sprinkler/sprinkler.cpp,1457,esp-idf,log,component-local
esphome/components/sprinkler/sprinkler.cpp,1505,esp-idf,log,component-local
esphome/components/sprinkler/sprinkler.cpp,1509,esp-idf,log,component-local
esphome/components/sps30/sps30.cpp,48,esp-idf,log,component-local
esphome/components/sps30/sps30.cpp,81,esp-idf,log,component-local
esphome/components/sps30/sps30.cpp,84,esp-idf,log,component-local
esphome/components/sps30/sps30.cpp,87,esp-idf,log,component-local
esphome/components/sps30/sps30.cpp,90,esp-idf,log,component-local
esphome/components/sps30/sps30.cpp,93,esp-idf,log,component-local
esphome/components/sps30/sps30.cpp,96,esp-idf,log,component-local
esphome/components/sps30/sps30.cpp,99,esp-idf,log,component-local
esphome/components/sps30/sps30.cpp,127,esp-idf,log,component-local
esphome/components/sps30/sps30.cpp,129,esp-idf,log,component-local
esphome/components/sps30/sps30.cpp,135,esp-idf,log,component-local
esphome/components/sps30/sps30.cpp,138,esp-idf,log,component-local
esphome/components/sps30/sps30.cpp,146,esp-idf,log,component-local
esphome/components/sps30/sps30.cpp,170,esp-idf,log,component-local
esphome/components/sps30/sps30.cpp,175,esp-idf,log,component-local
esphome/components/sps30/sps30.cpp,182,esp-idf,log,component-local
esphome/components/sps30/sps30.cpp,190,esp-idf,log,component-local
esphome/components/sps30/sps30.cpp,256,esp-idf,log,component-local
esphome/components/sps30/sps30.cpp,259,esp-idf,log,component-local
esphome/components/sps30/sps30.cpp,271,esp-idf,log,component-local
esphome/components/sps30/sps30.cpp,274,esp-idf,log,component-local
esphome/components/sps30/sps30.cpp,285,esp-idf,log,component-local
esphome/components/sps30/sps30.cpp,288,esp-idf,log,component-local
esphome/components/ssd1306_i2c/ssd1306_i2c.cpp,37,esp-idf,log,component-local
esphome/components/ssd1306_spi/display.py,23,esp-idf,i2c-spi,python
esphome/components/ssd1322_spi/display.py,24,esp-idf,i2c-spi,python
esphome/components/ssd1325_spi/display.py,24,esp-idf,i2c-spi,python
esphome/components/ssd1327_i2c/ssd1327_i2c.cpp,28,esp-idf,log,component-local
esphome/components/ssd1327_spi/display.py,24,esp-idf,i2c-spi,python
esphome/components/ssd1331_spi/display.py,24,esp-idf,i2c-spi,python
esphome/components/ssd1351_spi/display.py,24,esp-idf,i2c-spi,python
esphome/components/st7123/touchscreen/st7123_touchscreen.cpp,35,esp-idf,log,component-local
esphome/components/st7123/touchscreen/st7123_touchscreen.cpp,44,esp-idf,log,component-local
esphome/components/st7123/touchscreen/st7123_touchscreen.cpp,64,esp-idf,log,component-local
esphome/components/st7123/touchscreen/st7123_touchscreen.cpp,91,esp-idf,log,component-local
esphome/components/st7567_base/st7567_base.cpp,15,esp-idf,log,component-local
esphome/components/st7567_base/st7567_base.cpp,44,esp-idf,log,component-local
esphome/components/st7567_i2c/st7567_i2c.cpp,33,esp-idf,log,component-local
esphome/components/st7567_spi/display.py,24,esp-idf,i2c-spi,python
esphome/components/st7701s/display.py,165,esp-idf,i2c-spi,python
esphome/components/st7701s/st7701s.cpp,5,esp-idf,include,component-local
esphome/components/st7701s/st7701s.cpp,38,esp-idf,err-type,component-local
esphome/components/st7701s/st7701s.cpp,39,esp-idf,err-type,component-local
esphome/components/st7701s/st7701s.cpp,66,esp-idf,err-type,component-local
esphome/components/st7701s/st7701s.cpp,77,esp-idf,err-type,component-local
esphome/components/st7701s/st7701s.cpp,81,esp-idf,err-type,component-local
esphome/components/st7701s/st7701s.cpp,151,esp-idf,log,component-local
esphome/components/st7701s/st7701s.cpp,156,esp-idf,log,component-local
esphome/components/st7701s/st7701s.cpp,170,esp-idf,log,component-local
esphome/components/st7701s/st7701s.h,11,esp-idf,include,component-local
esphome/components/st7701s/st7701s.h,13,esp-idf,include,component-local
esphome/components/st7735/display.py,71,esp-idf,i2c-spi,python
esphome/components/st7735/st7735.cpp,246,esp-idf,log,component-local
esphome/components/st7735/st7735.cpp,248,esp-idf,log,component-local
esphome/components/st7789v/display.py,176,esp-idf,i2c-spi,python
esphome/components/st7920/display.py,26,esp-idf,i2c-spi,python
esphome/components/st7920/st7920.cpp,144,esp-idf,log,component-local
esphome/components/statsd/statsd.cpp,108,esp-idf,log,component-local
esphome/components/statsd/statsd.cpp,148,arduino,ipaddress,component-local
esphome/components/statsd/statsd.cpp,163,esp-idf,log,component-local
esphome/components/statsd/statsd.h,25,arduino,ipaddress,component-local
esphome/components/status_led/light/status_led_light.cpp,14,esp-idf,log,component-local
esphome/components/status_led/light/status_led_light.cpp,29,esp-idf,log,component-local
esphome/components/status_led/light/status_led_light.cpp,38,esp-idf,log,component-local
esphome/components/status_led/light/status_led_light.cpp,49,esp-idf,log,component-local
esphome/components/sts3x/sts3x.cpp,31,esp-idf,log,component-local
esphome/components/sts3x/sts3x.cpp,37,esp-idf,log,component-local
esphome/components/sts3x/sts3x.cpp,46,esp-idf,log,component-local
esphome/components/sts3x/sts3x.cpp,62,esp-idf,log,component-local
esphome/components/stts22h/stts22h.cpp,44,esp-idf,log,component-local
esphome/components/stts22h/stts22h.cpp,51,esp-idf,log,component-local
esphome/components/sun/sun.cpp,175,esp-idf,log,component-local
esphome/components/switch/switch.cpp,13,esp-idf,log,component-local
esphome/components/switch/switch.cpp,21,esp-idf,log,component-local
esphome/components/switch/switch.cpp,25,esp-idf,log,component-local
esphome/components/switch/switch.cpp,29,esp-idf,log,component-local
esphome/components/switch/switch.cpp,65,esp-idf,log,component-local
esphome/components/sx126x/__init__.py,244,esp-idf,i2c-spi,python
esphome/components/sx126x/sx126x.cpp,106,esp-idf,iram-attr,component-local
esphome/components/sx126x/sx126x.cpp,317,esp-idf,log,component-local
esphome/components/sx126x/sx126x.cpp,321,esp-idf,log,component-local
esphome/components/sx126x/sx126x.cpp,337,esp-idf,log,component-local
esphome/components/sx126x/sx126x.cpp,490,esp-idf,log,component-local
esphome/components/sx126x/sx126x.cpp,559,esp-idf,log,component-local
esphome/components/sx126x/sx126x.h,105,esp-idf,iram-attr,component-local
esphome/components/sx127x/__init__.py,232,esp-idf,i2c-spi,python
esphome/components/sx127x/sx127x.cpp,55,esp-idf,iram-attr,component-local
esphome/components/sx127x/sx127x.cpp,261,esp-idf,log,component-local
esphome/components/sx127x/sx127x.cpp,265,esp-idf,log,component-local
esphome/components/sx127x/sx127x.cpp,270,esp-idf,log,component-local
esphome/components/sx127x/sx127x.cpp,297,esp-idf,log,component-local
esphome/components/sx127x/sx127x.cpp,364,esp-idf,log,component-local
esphome/components/sx127x/sx127x.cpp,387,esp-idf,log,component-local
esphome/components/sx127x/sx127x.cpp,506,esp-idf,log,component-local
esphome/components/sx127x/sx127x.h,89,esp-idf,iram-attr,component-local
esphome/components/sx1509/output/sx1509_float_output.cpp,17,esp-idf,log,component-local
esphome/components/sx1509/sx1509.cpp,10,esp-idf,log,component-local
esphome/components/sx1509/sx1509.cpp,35,esp-idf,log,component-local
esphome/components/sx1509/sx1509.cpp,71,esp-idf,log,component-local
esphome/components/sx1509/sx1509.cpp,115,esp-idf,log,component-local
esphome/components/sx1509/sx1509.cpp,134,esp-idf,log,component-local
esphome/components/sx1509/sx1509.cpp,136,esp-idf,log,component-local
esphome/components/sx1509/sx1509.cpp,143,esp-idf,log,component-local
esphome/components/sy6970/sy6970.cpp,13,esp-idf,log,component-local
esphome/components/sy6970/sy6970.cpp,22,esp-idf,log,component-local
esphome/components/sy6970/sy6970.cpp,31,esp-idf,log,component-local
esphome/components/sy6970/sy6970.cpp,39,esp-idf,log,component-local
esphome/components/sy6970/sy6970.cpp,44,esp-idf,log,component-local
esphome/components/sy6970/sy6970.cpp,51,esp-idf,log,component-local
esphome/components/sy6970/sy6970.cpp,55,esp-idf,log,component-local
esphome/components/sy6970/sy6970.cpp,58,esp-idf,log,component-local
esphome/components/sy6970/sy6970.cpp,61,esp-idf,log,component-local
esphome/components/sy6970/sy6970.cpp,64,esp-idf,log,component-local
esphome/components/sy6970/sy6970.cpp,67,esp-idf,log,component-local
esphome/components/sy6970/sy6970.cpp,70,esp-idf,log,component-local
esphome/components/sy6970/sy6970.cpp,73,esp-idf,log,component-local
esphome/components/sy6970/sy6970.cpp,76,esp-idf,log,component-local
esphome/components/sy6970/sy6970.cpp,94,esp-idf,log,component-local
esphome/components/sy6970/sy6970.cpp,105,esp-idf,log,component-local
esphome/components/t6615/t6615.cpp,49,esp-idf,log,component-local
esphome/components/t6615/t6615.cpp,65,esp-idf,log,component-local
esphome/components/tc74/tc74.cpp,31,esp-idf,log,component-local
esphome/components/tc74/tc74.cpp,47,esp-idf,log,component-local
esphome/components/tc74/tc74.cpp,59,esp-idf,log,component-local
esphome/components/tca9548a/tca9548a.cpp,20,esp-idf,log,component-local
esphome/components/tca9548a/tca9548a.cpp,24,esp-idf,log,component-local
esphome/components/tca9548a/tca9548a.cpp,41,esp-idf,log,component-local
esphome/components/tca9555/tca9555.cpp,34,esp-idf,iram-attr,component-local
esphome/components/tca9555/tca9555.cpp,40,esp-idf,log,component-local
esphome/components/tca9555/tca9555.h,29,esp-idf,iram-attr,component-local
esphome/components/tcl112/tcl112.cpp,117,esp-idf,log,component-local
esphome/components/tcl112/tcl112.cpp,181,esp-idf,log,component-local
esphome/components/tcs34725/tcs34725.cpp,47,esp-idf,log,component-local
esphome/components/tcs34725/tcs34725.cpp,137,esp-idf,log,component-local
esphome/components/tcs34725/tcs34725.cpp,140,esp-idf,log,component-local
esphome/components/tcs34725/tcs34725.cpp,156,esp-idf,log,component-local
esphome/components/tcs34725/tcs34725.cpp,162,esp-idf,log,component-local
esphome/components/tcs34725/tcs34725.cpp,174,esp-idf,log,component-local
esphome/components/tcs34725/tcs34725.cpp,177,esp-idf,log,component-local
esphome/components/tcs34725/tcs34725.cpp,188,esp-idf,log,component-local
esphome/components/tcs34725/tcs34725.cpp,198,esp-idf,log,component-local
esphome/components/tcs34725/tcs34725.cpp,242,esp-idf,log,component-local
esphome/components/tcs34725/tcs34725.cpp,286,esp-idf,log,component-local
esphome/components/tcs34725/tcs34725.cpp,296,esp-idf,log,component-local
esphome/components/tcs34725/tcs34725.cpp,318,esp-idf,log,component-local
esphome/components/tee501/tee501.cpp,24,esp-idf,log,component-local
esphome/components/tee501/tee501.cpp,32,esp-idf,log,component-local
esphome/components/tee501/tee501.cpp,35,esp-idf,log,component-local
esphome/components/tee501/tee501.cpp,62,esp-idf,log,component-local
esphome/components/teleinfo/teleinfo.cpp,37,esp-idf,log,component-local
esphome/components/teleinfo/teleinfo.cpp,59,esp-idf,log,component-local
esphome/components/teleinfo/teleinfo.cpp,132,esp-idf,log,component-local
esphome/components/teleinfo/teleinfo.cpp,142,esp-idf,log,component-local
esphome/components/teleinfo/teleinfo.cpp,157,esp-idf,log,component-local
esphome/components/teleinfo/teleinfo.cpp,167,esp-idf,log,component-local
esphome/components/tem3200/tem3200.cpp,31,esp-idf,log,component-local
esphome/components/tem3200/tem3200.cpp,35,esp-idf,log,component-local
esphome/components/tem3200/tem3200.cpp,39,esp-idf,log,component-local
esphome/components/tem3200/tem3200.cpp,112,esp-idf,log,component-local
esphome/components/tem3200/tem3200.cpp,119,esp-idf,log,component-local
esphome/components/tem3200/tem3200.cpp,123,esp-idf,log,component-local
esphome/components/tem3200/tem3200.cpp,127,esp-idf,log,component-local
esphome/components/tem3200/tem3200.cpp,134,esp-idf,log,component-local
esphome/components/template/alarm_control_panel/template_alarm_control_panel.cpp,208,esp-idf,log,component-local
esphome/components/template/alarm_control_panel/template_alarm_control_panel.cpp,228,esp-idf,log,component-local
esphome/components/template/alarm_control_panel/template_alarm_control_panel.cpp,232,esp-idf,log,component-local
esphome/components/template/alarm_control_panel/template_alarm_control_panel.cpp,251,esp-idf,log,component-local
esphome/components/template/alarm_control_panel/template_alarm_control_panel.cpp,278,esp-idf,log,component-local
esphome/components/template/alarm_control_panel/template_alarm_control_panel.cpp,289,esp-idf,log,component-local
esphome/components/template/climate/template_climate.cpp,118,esp-idf,log,component-local
esphome/components/template/climate/template_climate.cpp,126,esp-idf,log,component-local
esphome/components/template/climate/template_climate.cpp,134,esp-idf,log,component-local
esphome/components/template/climate/template_climate.cpp,142,esp-idf,log,component-local
esphome/components/template/climate/template_climate.cpp,150,esp-idf,log,component-local
esphome/components/template/climate/template_climate.cpp,158,esp-idf,log,component-local
esphome/components/template/select/template_select.cpp,23,esp-idf,log,component-local
esphome/components/template/select/template_select.cpp,30,esp-idf,log,component-local
esphome/components/template/select/template_select.cpp,33,esp-idf,log,component-local
esphome/components/template/select/template_select.cpp,41,esp-idf,log,component-local
esphome/components/template/switch/template_switch.cpp,44,esp-idf,log,component-local
esphome/components/template/text/template_text.cpp,15,esp-idf,log,component-local
esphome/components/template/text/template_text.cpp,57,esp-idf,log,component-local
esphome/components/text/text.cpp,18,esp-idf,log,component-local
esphome/components/text/text.cpp,20,esp-idf,log,component-local
esphome/components/text/text_call.cpp,23,esp-idf,log,component-local
esphome/components/text/text_call.cpp,30,esp-idf,log,component-local
esphome/components/text/text_call.cpp,36,esp-idf,log,component-local
esphome/components/text/text_call.cpp,45,esp-idf,log,component-local
esphome/components/text/text_call.cpp,51,esp-idf,log,component-local
esphome/components/text/text_call.cpp,54,esp-idf,log,component-local
esphome/components/text_sensor/text_sensor.cpp,33,esp-idf,log,component-local
esphome/components/text_sensor/text_sensor.cpp,43,esp-idf,log,component-local
esphome/components/text_sensor/text_sensor.cpp,100,esp-idf,log,component-local
esphome/components/thermostat/thermostat_climate.cpp,1189,esp-idf,log,component-local
esphome/components/thermostat/thermostat_climate.cpp,1197,esp-idf,log,component-local
esphome/components/thermostat/thermostat_climate.cpp,1199,esp-idf,log,component-local
esphome/components/thermostat/thermostat_climate.cpp,1202,esp-idf,log,component-local
esphome/components/thermostat/thermostat_climate.cpp,1218,esp-idf,log,component-local
esphome/components/thermostat/thermostat_climate.cpp,1228,esp-idf,log,component-local
esphome/components/thermostat/thermostat_climate.cpp,1230,esp-idf,log,component-local
esphome/components/thermostat/thermostat_climate.cpp,1236,esp-idf,log,component-local
esphome/components/thermostat/thermostat_climate.cpp,1262,esp-idf,log,component-local
esphome/components/thermostat/thermostat_climate.cpp,1268,esp-idf,log,component-local
esphome/components/thermostat/thermostat_climate.cpp,1274,esp-idf,log,component-local
esphome/components/time/automation.cpp,38,esp-idf,log,component-local
esphome/components/time/automation.cpp,44,esp-idf,log,component-local
esphome/components/time/automation.cpp,61,esp-idf,log,component-local
esphome/components/time/automation.cpp,62,esp-idf,log,component-local
esphome/components/time/real_time_clock.cpp,8,lwip,include,component-local
esphome/components/time/real_time_clock.cpp,85,esp-idf,log,component-local
esphome/components/time/real_time_clock.cpp,100,esp-idf,log,component-local
esphome/components/time/real_time_clock.cpp,104,esp-idf,log,component-local
esphome/components/tinyusb/tinyusb_component.cpp,39,esp-idf,log,component-local
esphome/components/tinyusb/tinyusb_component.cpp,45,esp-idf,err-type,component-local
esphome/components/tinyusb/tinyusb_component.cpp,46,esp-idf,err-type,component-local
esphome/components/tinyusb/tinyusb_component.cpp,47,esp-idf,log,component-local
esphome/components/tlc59208f/tlc59208f_output.cpp,63,esp-idf,log,component-local
esphome/components/tlc59208f/tlc59208f_output.cpp,68,esp-idf,log,component-local
esphome/components/tlc59208f/tlc59208f_output.cpp,75,esp-idf,log,component-local
esphome/components/tlc59208f/tlc59208f_output.cpp,80,esp-idf,log,component-local
esphome/components/tlc59208f/tlc59208f_output.cpp,87,esp-idf,log,component-local
esphome/components/tlc59208f/tlc59208f_output.cpp,92,esp-idf,log,component-local
esphome/components/tlc59208f/tlc59208f_output.cpp,108,esp-idf,log,component-local
esphome/components/tm1637/tm1637.cpp,309,esp-idf,log,component-local
esphome/components/tm1637/tm1637.cpp,341,esp-idf,log,component-local
esphome/components/tm1638/tm1638.cpp,158,esp-idf,log,component-local
esphome/components/tm1638/tm1638.cpp,167,esp-idf,log,component-local
esphome/components/tm1638/tm1638.cpp,176,esp-idf,log,component-local
esphome/components/tmp102/tmp102.cpp,21,esp-idf,log,component-local
esphome/components/tmp102/tmp102.cpp,41,esp-idf,log,component-local
esphome/components/tmp1075/tmp1075.cpp,22,esp-idf,log,component-local
esphome/components/tmp1075/tmp1075.cpp,33,esp-idf,log,component-local
esphome/components/tmp1075/tmp1075.cpp,46,esp-idf,log,component-local
esphome/components/tmp1075/tmp1075.cpp,64,esp-idf,log,component-local
esphome/components/tmp1075/tmp1075.cpp,68,esp-idf,log,component-local
esphome/components/tmp1075/tmp1075.cpp,75,esp-idf,log,component-local
esphome/components/tmp1075/tmp1075.cpp,93,esp-idf,log,component-local
esphome/components/tmp1075/tmp1075.cpp,96,esp-idf,log,component-local
esphome/components/tmp1075/tmp1075.cpp,102,esp-idf,log,component-local
esphome/components/tmp1075/tmp1075.cpp,105,esp-idf,log,component-local
esphome/components/tmp1075/tmp1075.cpp,111,esp-idf,log,component-local
esphome/components/tmp1075/tmp1075.cpp,114,esp-idf,log,component-local
esphome/components/tmp117/tmp117.cpp,23,esp-idf,log,component-local
esphome/components/tmp117/tmp117.cpp,42,esp-idf,log,component-local
esphome/components/tmp117/tmp117.cpp,49,esp-idf,log,component-local
esphome/components/tmp117/tmp117.cpp,57,esp-idf,log,component-local
esphome/components/tmp117/tmp117.cpp,65,esp-idf,log,component-local
esphome/components/tof10120/tof10120_sensor.cpp,29,esp-idf,log,component-local
esphome/components/tof10120/tof10120_sensor.cpp,41,esp-idf,log,component-local
esphome/components/tof10120/tof10120_sensor.cpp,47,esp-idf,log,component-local
esphome/components/tof10120/tof10120_sensor.cpp,50,esp-idf,log,component-local
esphome/components/tormatic/tormatic_cover.cpp,105,esp-idf,log,component-local
esphome/components/tormatic/tormatic_cover.cpp,113,esp-idf,log,component-local
esphome/components/tormatic/tormatic_cover.cpp,125,esp-idf,log,component-local
esphome/components/tormatic/tormatic_cover.cpp,129,esp-idf,log,component-local
esphome/components/tormatic/tormatic_cover.cpp,142,esp-idf,log,component-local
esphome/components/tormatic/tormatic_cover.cpp,207,esp-idf,log,component-local
esphome/components/tormatic/tormatic_cover.cpp,212,esp-idf,log,component-local
esphome/components/tormatic/tormatic_cover.cpp,222,esp-idf,log,component-local
esphome/components/tormatic/tormatic_cover.cpp,228,esp-idf,log,component-local
esphome/components/tormatic/tormatic_cover.cpp,275,esp-idf,log,component-local
esphome/components/tormatic/tormatic_cover.cpp,294,esp-idf,log,component-local
esphome/components/tormatic/tormatic_cover.cpp,319,esp-idf,log,component-local
esphome/components/tormatic/tormatic_cover.cpp,331,esp-idf,log,component-local
esphome/components/tormatic/tormatic_cover.cpp,338,esp-idf,log,component-local
esphome/components/tormatic/tormatic_cover.cpp,364,esp-idf,log,component-local
esphome/components/toshiba/toshiba.cpp,278,esp-idf,log,component-local
esphome/components/toshiba/toshiba.cpp,298,esp-idf,log,component-local
esphome/components/toshiba/toshiba.cpp,417,esp-idf,log,component-local
esphome/components/toshiba/toshiba.cpp,423,esp-idf,log,component-local
esphome/components/toshiba/toshiba.cpp,438,esp-idf,log,component-local
esphome/components/toshiba/toshiba.cpp,819,esp-idf,log,component-local
esphome/components/toshiba/toshiba.cpp,1007,esp-idf,log,component-local
esphome/components/toshiba/toshiba.cpp,1017,esp-idf,log,component-local
esphome/components/toshiba/toshiba.cpp,1020,esp-idf,log,component-local
esphome/components/toshiba/toshiba.cpp,1042,esp-idf,log,component-local
esphome/components/toshiba/toshiba.cpp,1047,esp-idf,log,component-local
esphome/components/toshiba/toshiba.cpp,1050,esp-idf,log,component-local
esphome/components/toshiba/toshiba.cpp,1053,esp-idf,log,component-local
esphome/components/toshiba/toshiba.cpp,1059,esp-idf,log,component-local
esphome/components/toshiba/toshiba.cpp,1062,esp-idf,log,component-local
esphome/components/toshiba/toshiba.cpp,1065,esp-idf,log,component-local
esphome/components/toshiba/toshiba.cpp,1081,esp-idf,log,component-local
esphome/components/total_daily_energy/total_daily_energy.cpp,75,esp-idf,log,component-local
esphome/components/touchscreen/touchscreen.cpp,15,esp-idf,log,component-local
esphome/components/touchscreen/touchscreen.cpp,31,esp-idf,log,component-local
esphome/components/touchscreen/touchscreen.cpp,117,esp-idf,log,component-local
esphome/components/touchscreen/touchscreen.cpp,119,esp-idf,log,component-local
esphome/components/tsl2561/tsl2561.cpp,42,esp-idf,log,component-local
esphome/components/tsl2561/tsl2561.cpp,68,esp-idf,log,component-local
esphome/components/tsl2561/tsl2561.cpp,130,esp-idf,log,component-local
esphome/components/tsl2591/tsl2591.cpp,28,esp-idf,log,component-local
esphome/components/tsl2591/tsl2591.cpp,34,esp-idf,log,component-local
esphome/components/tsl2591/tsl2591.cpp,65,esp-idf,log,component-local
esphome/components/tsl2591/tsl2591.cpp,71,esp-idf,log,component-local
esphome/components/tsl2591/tsl2591.cpp,85,esp-idf,log,component-local
esphome/components/tsl2591/tsl2591.cpp,141,esp-idf,log,component-local
esphome/components/tsl2591/tsl2591.cpp,171,esp-idf,log,component-local
esphome/components/tsl2591/tsl2591.cpp,173,esp-idf,log,component-local
esphome/components/tsl2591/tsl2591.cpp,234,esp-idf,log,component-local
esphome/components/tsl2591/tsl2591.cpp,252,esp-idf,log,component-local
esphome/components/tsl2591/tsl2591.cpp,272,esp-idf,log,component-local
esphome/components/tsl2591/tsl2591.cpp,278,esp-idf,log,component-local
esphome/components/tsl2591/tsl2591.cpp,292,esp-idf,log,component-local
esphome/components/tsl2591/tsl2591.cpp,296,esp-idf,log,component-local
esphome/components/tsl2591/tsl2591.cpp,301,esp-idf,log,component-local
esphome/components/tsl2591/tsl2591.cpp,305,esp-idf,log,component-local
esphome/components/tsl2591/tsl2591.cpp,334,esp-idf,log,component-local
esphome/components/tsl2591/tsl2591.cpp,357,esp-idf,log,component-local
esphome/components/tsl2591/tsl2591.cpp,363,esp-idf,log,component-local
esphome/components/tsl2591/tsl2591.cpp,454,esp-idf,log,component-local
esphome/components/tt21100/touchscreen/tt21100.cpp,90,esp-idf,log,component-local
esphome/components/tt21100/touchscreen/tt21100.cpp,103,esp-idf,log,component-local
esphome/components/tt21100/touchscreen/tt21100.cpp,113,esp-idf,log,component-local
esphome/components/ttp229_lsf/ttp229_lsf.cpp,21,esp-idf,log,component-local
esphome/components/tuya/automation.cpp,11,esp-idf,log,component-local
esphome/components/tuya/binary_sensor/tuya_binary_sensor.cpp,10,esp-idf,log,component-local
esphome/components/tuya/climate/tuya_climate.cpp,12,esp-idf,log,component-local
esphome/components/tuya/climate/tuya_climate.cpp,38,esp-idf,log,component-local
esphome/components/tuya/climate/tuya_climate.cpp,52,esp-idf,log,component-local
esphome/components/tuya/climate/tuya_climate.cpp,66,esp-idf,log,component-local
esphome/components/tuya/climate/tuya_climate.cpp,77,esp-idf,log,component-local
esphome/components/tuya/climate/tuya_climate.cpp,87,esp-idf,log,component-local
esphome/components/tuya/climate/tuya_climate.cpp,97,esp-idf,log,component-local
esphome/components/tuya/climate/tuya_climate.cpp,107,esp-idf,log,component-local
esphome/components/tuya/climate/tuya_climate.cpp,116,esp-idf,log,component-local
esphome/components/tuya/climate/tuya_climate.cpp,129,esp-idf,log,component-local
esphome/components/tuya/climate/tuya_climate.cpp,137,esp-idf,log,component-local
esphome/components/tuya/climate/tuya_climate.cpp,153,esp-idf,log,component-local
esphome/components/tuya/climate/tuya_climate.cpp,180,esp-idf,log,component-local
esphome/components/tuya/climate/tuya_climate.cpp,193,esp-idf,log,component-local
esphome/components/tuya/climate/tuya_climate.cpp,207,esp-idf,log,component-local
esphome/components/tuya/climate/tuya_climate.cpp,217,esp-idf,log,component-local
esphome/components/tuya/climate/tuya_climate.cpp,275,esp-idf,log,component-local
esphome/components/tuya/climate/tuya_climate.cpp,281,esp-idf,log,component-local
esphome/components/tuya/cover/tuya_cover.cpp,52,esp-idf,log,component-local
esphome/components/tuya/cover/tuya_cover.cpp,101,esp-idf,log,component-local
esphome/components/tuya/cover/tuya_cover.cpp,103,esp-idf,log,component-local
esphome/components/tuya/fan/tuya_fan.cpp,13,esp-idf,log,component-local
esphome/components/tuya/fan/tuya_fan.cpp,15,esp-idf,log,component-local
esphome/components/tuya/fan/tuya_fan.cpp,21,esp-idf,log,component-local
esphome/components/tuya/fan/tuya_fan.cpp,31,esp-idf,log,component-local
esphome/components/tuya/fan/tuya_fan.cpp,41,esp-idf,log,component-local
esphome/components/tuya/fan/tuya_fan.cpp,51,esp-idf,log,component-local
esphome/components/tuya/light/tuya_light.cpp,13,esp-idf,log,component-local
esphome/components/tuya/light/tuya_light.cpp,31,esp-idf,log,component-local
esphome/components/tuya/light/tuya_light.cpp,43,esp-idf,log,component-local
esphome/components/tuya/light/tuya_light.cpp,55,esp-idf,log,component-local
esphome/components/tuya/number/tuya_number.cpp,17,esp-idf,log,component-local
esphome/components/tuya/number/tuya_number.cpp,23,esp-idf,log,component-local
esphome/components/tuya/number/tuya_number.cpp,29,esp-idf,log,component-local
esphome/components/tuya/number/tuya_number.cpp,34,esp-idf,log,component-local
esphome/components/tuya/number/tuya_number.cpp,55,esp-idf,log,component-local
esphome/components/tuya/number/tuya_number.cpp,66,esp-idf,log,component-local
esphome/components/tuya/select/tuya_select.cpp,11,esp-idf,log,component-local
esphome/components/tuya/select/tuya_select.cpp,15,esp-idf,log,component-local
esphome/components/tuya/select/tuya_select.cpp,28,esp-idf,log,component-local
esphome/components/tuya/sensor/tuya_sensor.cpp,12,esp-idf,log,component-local
esphome/components/tuya/sensor/tuya_sensor.cpp,15,esp-idf,log,component-local
esphome/components/tuya/sensor/tuya_sensor.cpp,18,esp-idf,log,component-local
esphome/components/tuya/sensor/tuya_sensor.cpp,21,esp-idf,log,component-local
esphome/components/tuya/switch/tuya_switch.cpp,10,esp-idf,log,component-local
esphome/components/tuya/switch/tuya_switch.cpp,16,esp-idf,log,component-local
esphome/components/tuya/text_sensor/tuya_text_sensor.cpp,13,esp-idf,log,component-local
esphome/components/tuya/text_sensor/tuya_text_sensor.cpp,20,esp-idf,log,component-local
esphome/components/tuya/text_sensor/tuya_text_sensor.cpp,27,esp-idf,log,component-local
esphome/components/tuya/text_sensor/tuya_text_sensor.cpp,32,esp-idf,log,component-local
esphome/components/tuya/tuya.cpp,142,esp-idf,log,component-local
esphome/components/tuya/tuya.cpp,150,esp-idf,log,component-local
esphome/components/tuya/tuya.cpp,179,esp-idf,log,component-local
esphome/components/tuya/tuya.cpp,182,esp-idf,log,component-local
esphome/components/tuya/tuya.cpp,222,esp-idf,log,component-local
esphome/components/tuya/tuya.cpp,225,esp-idf,log,component-local
esphome/components/tuya/tuya.cpp,228,esp-idf,log,component-local
esphome/components/tuya/tuya.cpp,233,esp-idf,log,component-local
esphome/components/tuya/tuya.cpp,272,esp-idf,log,component-local
esphome/components/tuya/tuya.cpp,314,esp-idf,log,component-local
esphome/components/tuya/tuya.cpp,330,esp-idf,log,component-local
esphome/components/tuya/tuya.cpp,336,esp-idf,log,component-local
esphome/components/tuya/tuya.cpp,343,esp-idf,log,component-local
esphome/components/tuya/tuya.cpp,354,esp-idf,log,component-local
esphome/components/tuya/tuya.cpp,358,esp-idf,log,component-local
esphome/components/tuya/tuya.cpp,362,esp-idf,log,component-local
esphome/components/tuya/tuya.cpp,366,esp-idf,log,component-local
esphome/components/tuya/tuya.cpp,371,esp-idf,log,component-local
esphome/components/tuya/tuya.cpp,386,esp-idf,log,component-local
esphome/components/tuya/tuya.cpp,397,esp-idf,log,component-local
esphome/components/tuya/tuya.cpp,403,esp-idf,log,component-local
esphome/components/tuya/tuya.cpp,407,esp-idf,log,component-local
esphome/components/tuya/tuya.cpp,411,esp-idf,log,component-local
esphome/components/tuya/tuya.cpp,415,esp-idf,log,component-local
esphome/components/tuya/tuya.cpp,419,esp-idf,log,component-local
esphome/components/tuya/tuya.cpp,423,esp-idf,log,component-local
esphome/components/tuya/tuya.cpp,427,esp-idf,log,component-local
esphome/components/tuya/tuya.cpp,441,esp-idf,log,component-local
esphome/components/tuya/tuya.cpp,444,esp-idf,log,component-local
esphome/components/tuya/tuya.cpp,447,esp-idf,log,component-local
esphome/components/tuya/tuya.cpp,458,esp-idf,log,component-local
esphome/components/tuya/tuya.cpp,512,esp-idf,log,component-local
esphome/components/tuya/tuya.cpp,540,esp-idf,log,component-local
esphome/components/tuya/tuya.cpp,609,esp-idf,log,component-local
esphome/components/tuya/tuya.cpp,630,esp-idf,log,component-local
esphome/components/tuya/tuya.cpp,634,esp-idf,log,component-local
esphome/components/tuya/tuya.cpp,649,esp-idf,log,component-local
esphome/components/tuya/tuya.cpp,653,esp-idf,log,component-local
esphome/components/tuya/tuya.cpp,718,esp-idf,log,component-local
esphome/components/tuya/tuya.cpp,721,esp-idf,log,component-local
esphome/components/tuya/tuya.cpp,723,esp-idf,log,component-local
esphome/components/tuya/tuya.cpp,726,esp-idf,log,component-local
esphome/components/tuya/tuya.cpp,743,esp-idf,log,component-local
esphome/components/tuya/tuya.cpp,751,esp-idf,log,component-local
esphome/components/tuya/tuya.cpp,754,esp-idf,log,component-local
esphome/components/tuya/tuya.cpp,756,esp-idf,log,component-local
esphome/components/tuya/tuya.cpp,759,esp-idf,log,component-local
esphome/components/tuya/tuya.cpp,766,esp-idf,log,component-local
esphome/components/tuya/tuya.cpp,769,esp-idf,log,component-local
esphome/components/tuya/tuya.cpp,771,esp-idf,log,component-local
esphome/components/tuya/tuya.cpp,774,esp-idf,log,component-local
esphome/components/tuya/water_heater/tuya_water_heater.cpp,11,esp-idf,log,component-local
esphome/components/tuya/water_heater/tuya_water_heater.cpp,28,esp-idf,log,component-local
esphome/components/tuya/water_heater/tuya_water_heater.cpp,46,esp-idf,log,component-local
esphome/components/tuya/water_heater/tuya_water_heater.cpp,55,esp-idf,log,component-local
esphome/components/tuya/water_heater/tuya_water_heater.cpp,78,esp-idf,log,component-local
esphome/components/tuya/water_heater/tuya_water_heater.cpp,85,esp-idf,log,component-local
esphome/components/tuya/water_heater/tuya_water_heater.cpp,88,esp-idf,log,component-local
esphome/components/tuya/water_heater/tuya_water_heater.cpp,94,esp-idf,log,component-local
esphome/components/tx20/tx20.cpp,131,esp-idf,log,component-local
esphome/components/tx20/tx20.cpp,141,esp-idf,log,component-local
esphome/components/tx20/tx20.cpp,147,esp-idf,log,component-local
esphome/components/tx20/tx20.cpp,150,esp-idf,log,component-local
esphome/components/tx20/tx20.cpp,153,esp-idf,log,component-local
esphome/components/tx20/tx20.cpp,157,esp-idf,iram-attr,component-local
esphome/components/tx20/tx20.cpp,200,esp-idf,iram-attr,component-local
esphome/components/uart/button/uart_button.cpp,9,esp-idf,log,component-local
esphome/components/uart/packet_transport/uart_transport.cpp,15,esp-idf,log,component-local
esphome/components/uart/packet_transport/uart_transport.cpp,23,esp-idf,log,component-local
esphome/components/uart/packet_transport/uart_transport.cpp,49,esp-idf,log,component-local
esphome/components/uart/switch/uart_switch.cpp,21,esp-idf,log,component-local
esphome/components/uart/switch/uart_switch.cpp,25,esp-idf,log,component-local
esphome/components/uart/uart.cpp,19,esp-idf,log,component-local
esphome/components/uart/uart.cpp,23,esp-idf,log,component-local
esphome/components/uart/uart.cpp,27,esp-idf,log,component-local
esphome/components/uart/uart.cpp,31,esp-idf,log,component-local
esphome/components/uart/uart_component.cpp,14,esp-idf,log,component-local
esphome/components/uart/uart_component_esp8266.cpp,171,esp-idf,log,component-local
esphome/components/uart/uart_component_esp8266.cpp,254,esp-idf,iram-attr,component-local
esphome/components/uart/uart_component_esp8266.cpp,283,esp-idf,iram-attr,component-local
esphome/components/uart/uart_component_esp8266.cpp,285,esp-idf,log,component-local
esphome/components/uart/uart_component_esp8266.cpp,318,esp-idf,iram-attr,component-local
esphome/components/uart/uart_component_esp8266.cpp,323,esp-idf,iram-attr,component-local
esphome/components/uart/uart_component_esp8266.cpp,327,esp-idf,iram-attr,component-local
esphome/components/uart/uart_component_esp_idf.cpp,9,esp-idf,include,component-local
esphome/components/uart/uart_component_esp_idf.cpp,10,esp-idf,include,component-local
esphome/components/uart/uart_component_esp_idf.cpp,11,esp-idf,include,component-local
esphome/components/uart/uart_component_esp_idf.cpp,12,esp-idf,include,component-local
esphome/components/uart/uart_component_esp_idf.cpp,106,esp-idf,log,component-local
esphome/components/uart/uart_component_esp_idf.cpp,118,esp-idf,log,component-local
esphome/components/uart/uart_component_esp_idf.cpp,126,esp-idf,err-type,component-local
esphome/components/uart/uart_component_esp_idf.cpp,130,esp-idf,err-type,component-local
esphome/components/uart/uart_component_esp_idf.cpp,131,esp-idf,log,component-local
esphome/components/uart/uart_component_esp_idf.cpp,144,esp-idf,err-type,component-local
esphome/components/uart/uart_component_esp_idf.cpp,145,esp-idf,log,component-local
esphome/components/uart/uart_component_esp_idf.cpp,158,esp-idf,err-type,component-local
esphome/components/uart/uart_component_esp_idf.cpp,159,esp-idf,log,component-local
esphome/components/uart/uart_component_esp_idf.cpp,204,esp-idf,err-type,component-local
esphome/components/uart/uart_component_esp_idf.cpp,205,esp-idf,log,component-local
esphome/components/uart/uart_component_esp_idf.cpp,211,esp-idf,err-type,component-local
esphome/components/uart/uart_component_esp_idf.cpp,212,esp-idf,log,component-local
esphome/components/uart/uart_component_esp_idf.cpp,218,esp-idf,err-type,component-local
esphome/components/uart/uart_component_esp_idf.cpp,219,esp-idf,log,component-local
esphome/components/uart/uart_component_esp_idf.cpp,225,esp-idf,err-type,component-local
esphome/components/uart/uart_component_esp_idf.cpp,226,esp-idf,log,component-local
esphome/components/uart/uart_component_esp_idf.cpp,234,esp-idf,err-type,component-local
esphome/components/uart/uart_component_esp_idf.cpp,235,esp-idf,log,component-local
esphome/components/uart/uart_component_esp_idf.cpp,283,esp-idf,err-type,component-local
esphome/components/uart/uart_component_esp_idf.cpp,284,esp-idf,err-type,component-local
esphome/components/uart/uart_component_esp_idf.cpp,285,esp-idf,log,component-local
esphome/components/uart/uart_component_esp_idf.cpp,294,esp-idf,err-type,component-local
esphome/components/uart/uart_component_esp_idf.cpp,295,esp-idf,err-type,component-local
esphome/components/uart/uart_component_esp_idf.cpp,296,esp-idf,log,component-local
esphome/components/uart/uart_component_esp_idf.cpp,306,esp-idf,log,component-local
esphome/components/uart/uart_component_esp_idf.cpp,322,freertos,tick,component-local
esphome/components/uart/uart_component_esp_idf.cpp,347,freertos,tick,component-local
esphome/components/uart/uart_component_esp_idf.cpp,358,esp-idf,err-type,component-local
esphome/components/uart/uart_component_esp_idf.cpp,362,esp-idf,err-type,component-local
esphome/components/uart/uart_component_esp_idf.cpp,363,esp-idf,log,component-local
esphome/components/uart/uart_component_esp_idf.cpp,374,freertos,tick,component-local
esphome/components/uart/uart_component_esp_idf.cpp,375,esp-idf,err-type,component-local
esphome/components/uart/uart_component_esp_idf.cpp,376,esp-idf,err-type,component-local
esphome/components/uart/uart_component_esp_idf.cpp,378,esp-idf,err-type,component-local
esphome/components/uart/uart_component_esp_idf.cpp,388,esp-idf,iram-attr,component-local
esphome/components/uart/uart_component_esp_idf.cpp,399,freertos,tick,component-local
esphome/components/uart/uart_component_esp_idf.cpp,401,esp-idf,err-type,component-local
esphome/components/uart/uart_component_esp_idf.cpp,402,esp-idf,err-type,component-local
esphome/components/uart/uart_component_esp_idf.cpp,403,esp-idf,log,component-local
esphome/components/uart/uart_component_esp_idf.h,5,esp-idf,include,component-local
esphome/components/uart/uart_component_esp_idf.h,9,esp-idf,include,component-local
esphome/components/uart/uart_component_host.cpp,114,esp-idf,log,component-local
esphome/components/uart/uart_component_host.cpp,279,esp-idf,log,component-local
esphome/components/uart/uart_component_host.cpp,291,esp-idf,log,component-local
esphome/components/uart/uart_component_libretiny.cpp,60,esp-idf,log,component-local
esphome/components/uart/uart_component_libretiny.cpp,63,esp-idf,log,component-local
esphome/components/uart/uart_component_libretiny.cpp,106,esp-idf,log,component-local
esphome/components/uart/uart_component_libretiny.cpp,108,esp-idf,log,component-local
esphome/components/uart/uart_component_libretiny.cpp,111,esp-idf,log,component-local
esphome/components/uart/uart_component_libretiny.cpp,114,esp-idf,log,component-local
esphome/components/uart/uart_component_libretiny.cpp,189,esp-idf,log,component-local
esphome/components/uart/uart_component_rp2.cpp,82,esp-idf,log,component-local
esphome/components/uart/uart_component_rp2.cpp,89,esp-idf,log,component-local
esphome/components/uart/uart_component_rp2.cpp,96,esp-idf,log,component-local
esphome/components/uart/uart_component_rp2.cpp,103,esp-idf,log,component-local
esphome/components/uart/uart_component_rp2.cpp,130,esp-idf,log,component-local
esphome/components/uart/uart_component_rp2.cpp,136,esp-idf,log,component-local
esphome/components/uart/uart_component_rp2.cpp,147,esp-idf,log,component-local
esphome/components/uart/uart_debugger.cpp,113,esp-idf,log,component-local
esphome/components/uart/uart_debugger.cpp,157,esp-idf,log,component-local
esphome/components/uart/uart_debugger.cpp,177,esp-idf,log,component-local
esphome/components/uart/uart_debugger.cpp,197,esp-idf,log,component-local
esphome/components/udp/udp_component.cpp,49,esp-idf,log,component-local
esphome/components/udp/udp_component.cpp,74,esp-idf,log,component-local
esphome/components/udp/udp_component.cpp,77,esp-idf,log,component-local
esphome/components/udp/udp_component.cpp,86,esp-idf,log,component-local
esphome/components/udp/udp_component.cpp,96,arduino,ipaddress,component-local
esphome/components/udp/udp_component.cpp,120,esp-idf,log,component-local
esphome/components/udp/udp_component.cpp,150,esp-idf,log,component-local
esphome/components/udp/udp_component.cpp,155,arduino,ipaddress,component-local
esphome/components/udp/udp_component.cpp,161,esp-idf,log,component-local
esphome/components/udp/udp_component.h,26,arduino,ipaddress,component-local
esphome/components/udp/udp_component.h,52,arduino,ipaddress,component-local
esphome/components/udp/udp_component.h,57,arduino,ipaddress,component-local
esphome/components/ufire_ec/ufire_ec.cpp,15,esp-idf,log,component-local
esphome/components/ufire_ec/ufire_ec.cpp,66,esp-idf,log,component-local
esphome/components/ufire_ise/ufire_ise.cpp,16,esp-idf,log,component-local
esphome/components/ufm01/ufm01.cpp,66,esp-idf,log,component-local
esphome/components/ufm01/ufm01.cpp,128,esp-idf,log,component-local
esphome/components/ufm01/ufm01.cpp,173,esp-idf,log,component-local
esphome/components/ufm01/ufm01.cpp,198,esp-idf,log,component-local
esphome/components/ufm01/ufm01.cpp,258,esp-idf,log,component-local
esphome/components/ufm01/ufm01.cpp,264,esp-idf,log,component-local
esphome/components/ufm01/ufm01.cpp,279,esp-idf,log,component-local
esphome/components/ufm01/ufm01.cpp,301,esp-idf,log,component-local
esphome/components/ufm01/ufm01.cpp,332,esp-idf,log,component-local
esphome/components/ufm01/ufm01.cpp,338,esp-idf,log,component-local
esphome/components/ufm01/ufm01.cpp,360,esp-idf,log,component-local
esphome/components/ufm01/ufm01.cpp,375,esp-idf,log,component-local
esphome/components/ufm01/ufm01.cpp,378,esp-idf,log,component-local
esphome/components/ufm01/ufm01.cpp,415,esp-idf,log,component-local
esphome/components/ufm01/ufm01.cpp,421,esp-idf,log,component-local
esphome/components/ufm01/ufm01.cpp,432,esp-idf,log,component-local
esphome/components/ultrasonic/ultrasonic_sensor.cpp,13,esp-idf,iram-attr,component-local
esphome/components/ultrasonic/ultrasonic_sensor.cpp,28,esp-idf,iram-attr,component-local
esphome/components/ultrasonic/ultrasonic_sensor.cpp,63,esp-idf,log,component-local
esphome/components/ultrasonic/ultrasonic_sensor.cpp,76,esp-idf,log,component-local
esphome/components/ultrasonic/ultrasonic_sensor.cpp,85,esp-idf,log,component-local
esphome/components/ultrasonic/ultrasonic_sensor.cpp,87,esp-idf,log,component-local
esphome/components/update/update_entity.cpp,20,esp-idf,log,component-local
esphome/components/update/update_entity.cpp,26,esp-idf,log,component-local
esphome/components/update/update_entity.cpp,29,esp-idf,log,component-local
esphome/components/update/update_entity.cpp,32,esp-idf,log,component-local
esphome/components/update/update_entity.cpp,34,esp-idf,log,component-local
esphome/components/update/update_entity.cpp,37,esp-idf,log,component-local
esphome/components/update/update_entity.cpp,41,esp-idf,log,component-local
esphome/components/uponor_smatrix/uponor_smatrix.cpp,45,esp-idf,log,component-local
esphome/components/uponor_smatrix/uponor_smatrix.cpp,105,esp-idf,log,component-local
esphome/components/uponor_smatrix/uponor_smatrix.cpp,138,esp-idf,log,component-local
esphome/components/uponor_smatrix/uponor_smatrix.cpp,157,esp-idf,log,component-local
esphome/components/uponor_smatrix/uponor_smatrix.cpp,214,esp-idf,log,component-local
esphome/components/usb_cdc_acm/usb_cdc_acm.cpp,22,esp-idf,log,component-local
esphome/components/usb_cdc_acm/usb_cdc_acm.cpp,41,esp-idf,log,component-local
esphome/components/usb_cdc_acm/usb_cdc_acm.cpp,159,esp-idf,log,component-local
esphome/components/usb_cdc_acm/usb_cdc_acm.h,12,freertos,include,component-local
esphome/components/usb_cdc_acm/usb_cdc_acm.h,69,freertos,handle-type,component-local
esphome/components/usb_cdc_acm/usb_cdc_acm.h,102,freertos,handle-type,component-local
esphome/components/usb_cdc_acm/usb_cdc_acm_esp32.cpp,10,freertos,include,component-local
esphome/components/usb_cdc_acm/usb_cdc_acm_esp32.cpp,11,freertos,include,component-local
esphome/components/usb_cdc_acm/usb_cdc_acm_esp32.cpp,12,freertos,include,component-local
esphome/components/usb_cdc_acm/usb_cdc_acm_esp32.cpp,13,esp-idf,include,component-local
esphome/components/usb_cdc_acm/usb_cdc_acm_esp32.cpp,45,esp-idf,log,component-local
esphome/components/usb_cdc_acm/usb_cdc_acm_esp32.cpp,53,esp-idf,err-type,component-local
esphome/components/usb_cdc_acm/usb_cdc_acm_esp32.cpp,55,esp-idf,log,component-local
esphome/components/usb_cdc_acm/usb_cdc_acm_esp32.cpp,61,esp-idf,err-type,component-local
esphome/components/usb_cdc_acm/usb_cdc_acm_esp32.cpp,66,esp-idf,log,component-local
esphome/components/usb_cdc_acm/usb_cdc_acm_esp32.cpp,68,esp-idf,log,component-local
esphome/components/usb_cdc_acm/usb_cdc_acm_esp32.cpp,77,esp-idf,log,component-local
esphome/components/usb_cdc_acm/usb_cdc_acm_esp32.cpp,83,esp-idf,log,component-local
esphome/components/usb_cdc_acm/usb_cdc_acm_esp32.cpp,92,esp-idf,log,component-local
esphome/components/usb_cdc_acm/usb_cdc_acm_esp32.cpp,100,esp-idf,log,component-local
esphome/components/usb_cdc_acm/usb_cdc_acm_esp32.cpp,107,esp-idf,err-type,component-local
esphome/components/usb_cdc_acm/usb_cdc_acm_esp32.cpp,113,esp-idf,err-type,component-local
esphome/components/usb_cdc_acm/usb_cdc_acm_esp32.cpp,128,esp-idf,err-type,component-local
esphome/components/usb_cdc_acm/usb_cdc_acm_esp32.cpp,138,esp-idf,log,component-local
esphome/components/usb_cdc_acm/usb_cdc_acm_esp32.cpp,145,esp-idf,log,component-local
esphome/components/usb_cdc_acm/usb_cdc_acm_esp32.cpp,159,esp-idf,err-type,component-local
esphome/components/usb_cdc_acm/usb_cdc_acm_esp32.cpp,160,esp-idf,err-type,component-local
esphome/components/usb_cdc_acm/usb_cdc_acm_esp32.cpp,161,esp-idf,log,component-local
esphome/components/usb_cdc_acm/usb_cdc_acm_esp32.cpp,173,freertos,task-create,component-local
esphome/components/usb_cdc_acm/usb_cdc_acm_esp32.cpp,176,esp-idf,log,component-local
esphome/components/usb_cdc_acm/usb_cdc_acm_esp32.cpp,206,freertos,task-notify,component-local
esphome/components/usb_cdc_acm/usb_cdc_acm_esp32.cpp,213,esp-idf,err-type,component-local
esphome/components/usb_cdc_acm/usb_cdc_acm_esp32.cpp,215,esp-idf,err-type,component-local
esphome/components/usb_cdc_acm/usb_cdc_acm_esp32.cpp,216,esp-idf,log,component-local
esphome/components/usb_cdc_acm/usb_cdc_acm_esp32.cpp,219,esp-idf,log,component-local
esphome/components/usb_cdc_acm/usb_cdc_acm_esp32.cpp,223,esp-idf,log,component-local
esphome/components/usb_cdc_acm/usb_cdc_acm_esp32.cpp,236,esp-idf,log,component-local
esphome/components/usb_cdc_acm/usb_cdc_acm_esp32.cpp,241,esp-idf,log,component-local
esphome/components/usb_cdc_acm/usb_cdc_acm_esp32.cpp,242,esp-idf,err-type,component-local
esphome/components/usb_cdc_acm/usb_cdc_acm_esp32.cpp,243,freertos,tick,component-local
esphome/components/usb_cdc_acm/usb_cdc_acm_esp32.cpp,245,esp-idf,err-type,component-local
esphome/components/usb_cdc_acm/usb_cdc_acm_esp32.cpp,268,esp-idf,err-type,component-local
esphome/components/usb_cdc_acm/usb_cdc_acm_esp32.cpp,272,esp-idf,log,component-local
esphome/components/usb_cdc_acm/usb_cdc_acm_esp32.cpp,277,esp-idf,err-type,component-local
esphome/components/usb_cdc_acm/usb_cdc_acm_esp32.cpp,282,esp-idf,log,component-local
esphome/components/usb_cdc_acm/usb_cdc_acm_esp32.cpp,284,esp-idf,log,component-local
esphome/components/usb_cdc_acm/usb_cdc_acm_esp32.cpp,316,esp-idf,log,component-local
esphome/components/usb_cdc_acm/usb_cdc_acm_esp32.cpp,323,freertos,task-notify,component-local
esphome/components/usb_cdc_acm/usb_cdc_acm_esp32.cpp,418,freertos,tick,component-local
esphome/components/usb_cdc_acm/usb_cdc_acm_esp32.cpp,419,freertos,tick,component-local
esphome/components/usb_cdc_acm/usb_cdc_acm_esp32.cpp,424,freertos,task-delay,component-local
esphome/components/usb_cdc_acm/usb_cdc_acm_esp32.cpp,424,freertos,tick,component-local
esphome/components/usb_cdc_acm/usb_cdc_acm_esp32.cpp,425,freertos,tick,component-local
esphome/components/usb_cdc_acm/usb_cdc_acm_esp32.cpp,436,esp-idf,err-type,component-local
esphome/components/usb_cdc_acm/usb_cdc_acm_esp32.cpp,438,esp-idf,err-type,component-local
esphome/components/usb_cdc_acm/usb_cdc_acm_esp32.cpp,441,esp-idf,err-type,component-local
esphome/components/usb_host/usb_host.h,10,freertos,include,component-local
esphome/components/usb_host/usb_host.h,11,freertos,include,component-local
esphome/components/usb_host/usb_host.h,175,freertos,handle-type,component-local
esphome/components/usb_host/usb_host_client.cpp,43,esp-idf,log,component-local
esphome/components/usb_host/usb_host_client.cpp,57,esp-idf,log,component-local
esphome/components/usb_host/usb_host_client.cpp,71,esp-idf,log,component-local
esphome/components/usb_host/usb_host_client.cpp,90,esp-idf,log,component-local
esphome/components/usb_host/usb_host_client.cpp,180,esp-idf,log,component-local
esphome/components/usb_host/usb_host_client.cpp,186,esp-idf,log,component-local
esphome/components/usb_host/usb_host_client.cpp,192,esp-idf,log,component-local
esphome/components/usb_host/usb_host_client.cpp,212,esp-idf,err-type,component-local
esphome/components/usb_host/usb_host_client.cpp,213,esp-idf,log,component-local
esphome/components/usb_host/usb_host_client.cpp,226,freertos,task-create,component-local
esphome/components/usb_host/usb_host_client.cpp,233,esp-idf,log,component-local
esphome/components/usb_host/usb_host_client.cpp,270,esp-idf,log,component-local
esphome/components/usb_host/usb_host_client.cpp,289,esp-idf,log,component-local
esphome/components/usb_host/usb_host_client.cpp,291,esp-idf,err-type,component-local
esphome/components/usb_host/usb_host_client.cpp,292,esp-idf,log,component-local
esphome/components/usb_host/usb_host_client.cpp,296,esp-idf,log,component-local
esphome/components/usb_host/usb_host_client.cpp,299,esp-idf,err-type,component-local
esphome/components/usb_host/usb_host_client.cpp,300,esp-idf,log,component-local
esphome/components/usb_host/usb_host_client.cpp,304,esp-idf,log,component-local
esphome/components/usb_host/usb_host_client.cpp,307,esp-idf,log,component-local
esphome/components/usb_host/usb_host_client.cpp,314,esp-idf,err-type,component-local
esphome/components/usb_host/usb_host_client.cpp,315,esp-idf,log,component-local
esphome/components/usb_host/usb_host_client.cpp,323,esp-idf,log,component-local
esphome/components/usb_host/usb_host_client.cpp,331,esp-idf,err-type,component-local
esphome/components/usb_host/usb_host_client.cpp,335,esp-idf,err-type,component-local
esphome/components/usb_host/usb_host_client.cpp,386,esp-idf,log,component-local
esphome/components/usb_host/usb_host_client.cpp,411,esp-idf,err-type,component-local
esphome/components/usb_host/usb_host_client.cpp,412,esp-idf,log,component-local
esphome/components/usb_host/usb_host_client.cpp,428,esp-idf,log,component-local
esphome/components/usb_host/usb_host_client.cpp,448,esp-idf,err-type,component-local
esphome/components/usb_host/usb_host_client.cpp,449,esp-idf,log,component-local
esphome/components/usb_host/usb_host_client.cpp,492,esp-idf,log,component-local
esphome/components/usb_host/usb_host_client.cpp,496,esp-idf,log,component-local
esphome/components/usb_host/usb_host_client.cpp,505,esp-idf,err-type,component-local
esphome/components/usb_host/usb_host_client.cpp,506,esp-idf,log,component-local
esphome/components/usb_host/usb_host_client.cpp,533,esp-idf,log,component-local
esphome/components/usb_host/usb_host_client.cpp,537,esp-idf,log,component-local
esphome/components/usb_host/usb_host_client.cpp,547,esp-idf,err-type,component-local
esphome/components/usb_host/usb_host_client.cpp,548,esp-idf,log,component-local
esphome/components/usb_host/usb_host_client.cpp,574,esp-idf,log,component-local
esphome/components/usb_host/usb_host_component.cpp,13,esp-idf,err-type,component-local
esphome/components/usb_host/usb_host_component.cpp,23,esp-idf,err-type,component-local
esphome/components/usb_host/usb_host_component.cpp,24,esp-idf,log,component-local
esphome/components/usb_host/usb_host_component.cpp,27,esp-idf,log,component-local
esphome/components/usb_uart/ch34x.cpp,62,esp-idf,log,component-local
esphome/components/usb_uart/ch34x.cpp,89,esp-idf,log,component-local
esphome/components/usb_uart/ch34x.cpp,124,esp-idf,log,component-local
esphome/components/usb_uart/ch34x.cpp,127,esp-idf,log,component-local
esphome/components/usb_uart/cp210x.cpp,53,esp-idf,err-type,component-local
esphome/components/usb_uart/cp210x.cpp,54,esp-idf,log,component-local
esphome/components/usb_uart/cp210x.cpp,57,esp-idf,err-type,component-local
esphome/components/usb_uart/cp210x.cpp,58,esp-idf,log,component-local
esphome/components/usb_uart/cp210x.cpp,61,esp-idf,log,component-local
esphome/components/usb_uart/cp210x.cpp,64,esp-idf,log,component-local
esphome/components/usb_uart/cp210x.cpp,71,esp-idf,log,component-local
esphome/components/usb_uart/cp210x.cpp,75,esp-idf,log,component-local
esphome/components/usb_uart/cp210x.cpp,82,esp-idf,log,component-local
esphome/components/usb_uart/cp210x.cpp,88,esp-idf,log,component-local
esphome/components/usb_uart/cp210x.cpp,113,esp-idf,log,component-local
esphome/components/usb_uart/ft23xx.cpp,163,esp-idf,log,component-local
esphome/components/usb_uart/ft23xx.cpp,166,esp-idf,log,component-local
esphome/components/usb_uart/ft23xx.cpp,177,esp-idf,log,component-local
esphome/components/usb_uart/ft23xx.cpp,180,esp-idf,log,component-local
esphome/components/usb_uart/ft23xx.cpp,183,esp-idf,log,component-local
esphome/components/usb_uart/ft23xx.cpp,201,esp-idf,log,component-local
esphome/components/usb_uart/ft23xx.cpp,205,esp-idf,log,component-local
esphome/components/usb_uart/ft23xx.cpp,210,esp-idf,log,component-local
esphome/components/usb_uart/ft23xx.cpp,215,esp-idf,log,component-local
esphome/components/usb_uart/ft23xx.cpp,229,esp-idf,err-type,component-local
esphome/components/usb_uart/ft23xx.cpp,230,esp-idf,log,component-local
esphome/components/usb_uart/ft23xx.cpp,233,esp-idf,err-type,component-local
esphome/components/usb_uart/ft23xx.cpp,234,esp-idf,log,component-local
esphome/components/usb_uart/ft23xx.cpp,263,esp-idf,log,component-local
esphome/components/usb_uart/ft23xx.cpp,267,esp-idf,log,component-local
esphome/components/usb_uart/ft23xx.cpp,288,esp-idf,log,component-local
esphome/components/usb_uart/ft23xx.cpp,297,esp-idf,log,component-local
esphome/components/usb_uart/ft23xx.cpp,334,esp-idf,log,component-local
esphome/components/usb_uart/ft23xx.cpp,340,esp-idf,log,component-local
esphome/components/usb_uart/ft23xx.cpp,358,esp-idf,log,component-local
esphome/components/usb_uart/pl2303.cpp,122,esp-idf,err-type,component-local
esphome/components/usb_uart/pl2303.cpp,123,esp-idf,log,component-local
esphome/components/usb_uart/pl2303.cpp,126,esp-idf,err-type,component-local
esphome/components/usb_uart/pl2303.cpp,127,esp-idf,log,component-local
esphome/components/usb_uart/pl2303.cpp,158,esp-idf,log,component-local
esphome/components/usb_uart/pl2303.cpp,198,esp-idf,log,component-local
esphome/components/usb_uart/pl2303.cpp,296,esp-idf,log,component-local
esphome/components/usb_uart/usb_uart.cpp,29,esp-idf,log,component-local
esphome/components/usb_uart/usb_uart.cpp,32,esp-idf,log,component-local
esphome/components/usb_uart/usb_uart.cpp,39,esp-idf,log,component-local
esphome/components/usb_uart/usb_uart.cpp,42,esp-idf,log,component-local
esphome/components/usb_uart/usb_uart.cpp,55,esp-idf,log,component-local
esphome/components/usb_uart/usb_uart.cpp,71,esp-idf,err-type,component-local
esphome/components/usb_uart/usb_uart.cpp,72,esp-idf,log,component-local
esphome/components/usb_uart/usb_uart.cpp,75,esp-idf,err-type,component-local
esphome/components/usb_uart/usb_uart.cpp,76,esp-idf,log,component-local
esphome/components/usb_uart/usb_uart.cpp,82,esp-idf,log,component-local
esphome/components/usb_uart/usb_uart.cpp,101,esp-idf,log,component-local
esphome/components/usb_uart/usb_uart.cpp,141,esp-idf,log,component-local
esphome/components/usb_uart/usb_uart.cpp,151,esp-idf,log,component-local
esphome/components/usb_uart/usb_uart.cpp,158,esp-idf,log,component-local
esphome/components/usb_uart/usb_uart.cpp,198,esp-idf,log,component-local
esphome/components/usb_uart/usb_uart.cpp,204,esp-idf,log,component-local
esphome/components/usb_uart/usb_uart.cpp,229,esp-idf,log,component-local
esphome/components/usb_uart/usb_uart.cpp,255,esp-idf,log,component-local
esphome/components/usb_uart/usb_uart.cpp,302,esp-idf,log,component-local
esphome/components/usb_uart/usb_uart.cpp,304,esp-idf,log,component-local
esphome/components/usb_uart/usb_uart.cpp,344,esp-idf,log,component-local
esphome/components/usb_uart/usb_uart.cpp,375,esp-idf,log,component-local
esphome/components/usb_uart/usb_uart.cpp,377,esp-idf,log,component-local
esphome/components/usb_uart/usb_uart.cpp,393,esp-idf,log,component-local
esphome/components/usb_uart/usb_uart.cpp,404,esp-idf,log,component-local
esphome/components/usb_uart/usb_uart.cpp,417,esp-idf,log,component-local
esphome/components/usb_uart/usb_uart.cpp,421,esp-idf,log,component-local
esphome/components/usb_uart/usb_uart.cpp,436,esp-idf,err-type,component-local
esphome/components/usb_uart/usb_uart.cpp,438,esp-idf,log,component-local
esphome/components/usb_uart/usb_uart.cpp,441,esp-idf,log,component-local
esphome/components/usb_uart/usb_uart.cpp,447,esp-idf,err-type,component-local
esphome/components/usb_uart/usb_uart.cpp,448,esp-idf,log,component-local
esphome/components/usb_uart/usb_uart.cpp,517,esp-idf,log,component-local
esphome/components/usb_uart/usb_uart.cpp,577,esp-idf,log,component-local
esphome/components/usb_uart/usb_uart.cpp,590,esp-idf,log,component-local
esphome/components/usb_uart/usb_uart.cpp,611,esp-idf,log,component-local
esphome/components/valve/valve.cpp,45,esp-idf,log,component-local
esphome/components/valve/valve.cpp,70,esp-idf,log,component-local
esphome/components/valve/valve.cpp,74,esp-idf,log,component-local
esphome/components/valve/valve.cpp,78,esp-idf,log,component-local
esphome/components/valve/valve.cpp,80,esp-idf,log,component-local
esphome/components/valve/valve.cpp,84,esp-idf,log,component-local
esphome/components/valve/valve.cpp,95,esp-idf,log,component-local
esphome/components/valve/valve.cpp,98,esp-idf,log,component-local
esphome/components/valve/valve.cpp,104,esp-idf,log,component-local
esphome/components/valve/valve.cpp,110,esp-idf,log,component-local
esphome/components/valve/valve.cpp,114,esp-idf,log,component-local
esphome/components/valve/valve.cpp,126,esp-idf,log,component-local
esphome/components/valve/valve.cpp,129,esp-idf,log,component-local
esphome/components/valve/valve.cpp,132,esp-idf,log,component-local
esphome/components/valve/valve.cpp,134,esp-idf,log,component-local
esphome/components/valve/valve.cpp,136,esp-idf,log,component-local
esphome/components/valve/valve.cpp,139,esp-idf,log,component-local
esphome/components/vbus/vbus.cpp,61,esp-idf,log,component-local
esphome/components/vbus/vbus.cpp,67,esp-idf,log,component-local
esphome/components/vbus/vbus.cpp,71,esp-idf,log,component-local
esphome/components/vbus/vbus.cpp,83,esp-idf,log,component-local
esphome/components/vbus/vbus.cpp,86,esp-idf,log,component-local
esphome/components/vbus/vbus.cpp,98,esp-idf,log,component-local
esphome/components/vbus/vbus.cpp,110,esp-idf,log,component-local
esphome/components/veml3235/veml3235.cpp,22,esp-idf,log,component-local
esphome/components/veml3235/veml3235.cpp,27,esp-idf,log,component-local
esphome/components/veml3235/veml3235.cpp,30,esp-idf,log,component-local
esphome/components/veml3235/veml3235.cpp,48,esp-idf,log,component-local
esphome/components/veml3235/veml3235.cpp,83,esp-idf,log,component-local
esphome/components/veml3235/veml3235.cpp,178,esp-idf,log,component-local
esphome/components/veml3235/veml3235.cpp,189,esp-idf,log,component-local
esphome/components/veml7700/veml7700.cpp,83,esp-idf,log,component-local
esphome/components/veml7700/veml7700.cpp,114,esp-idf,log,component-local
esphome/components/veml7700/veml7700.cpp,120,esp-idf,log,component-local
esphome/components/veml7700/veml7700.cpp,132,esp-idf,log,component-local
esphome/components/veml7700/veml7700.cpp,222,esp-idf,log,component-local
esphome/components/veml7700/veml7700.cpp,231,esp-idf,log,component-local
esphome/components/veml7700/veml7700.cpp,234,esp-idf,log,component-local
esphome/components/veml7700/veml7700.cpp,240,esp-idf,log,component-local
esphome/components/veml7700/veml7700.cpp,243,esp-idf,log,component-local
esphome/components/veml7700/veml7700.cpp,250,esp-idf,log,component-local
esphome/components/veml7700/veml7700.cpp,253,esp-idf,log,component-local
esphome/components/veml7700/veml7700.cpp,261,esp-idf,log,component-local
esphome/components/veml7700/veml7700.cpp,275,esp-idf,log,component-local
esphome/components/veml7700/veml7700.cpp,284,esp-idf,log,component-local
esphome/components/veml7700/veml7700.cpp,289,esp-idf,log,component-local
esphome/components/veml7700/veml7700.cpp,295,esp-idf,log,component-local
esphome/components/veml7700/veml7700.cpp,300,esp-idf,log,component-local
esphome/components/veml7700/veml7700.cpp,358,esp-idf,log,component-local
esphome/components/veml7700/veml7700.cpp,365,esp-idf,log,component-local
esphome/components/veml7700/veml7700.cpp,395,esp-idf,log,component-local
esphome/components/veml7700/veml7700.cpp,403,esp-idf,log,component-local
esphome/components/vl53l0x/vl53l0x_sensor.cpp,95,esp-idf,log,component-local
esphome/components/vl53l0x/vl53l0x_sensor.cpp,245,esp-idf,log,component-local
esphome/components/vl53l0x/vl53l0x_sensor.cpp,251,esp-idf,log,component-local
esphome/components/vl53l0x/vl53l0x_sensor.cpp,269,esp-idf,log,component-local
esphome/components/vl53l0x/vl53l0x_sensor.cpp,309,esp-idf,log,component-local
esphome/components/vl53l0x/vl53l0x_sensor.cpp,315,esp-idf,log,component-local
esphome/components/voice_assistant/voice_assistant.cpp,82,esp-idf,log,component-local
esphome/components/voice_assistant/voice_assistant.cpp,89,esp-idf,log,component-local
esphome/components/voice_assistant/voice_assistant.cpp,94,esp-idf,log,component-local
esphome/components/voice_assistant/voice_assistant.cpp,105,esp-idf,log,component-local
esphome/components/voice_assistant/voice_assistant.cpp,112,esp-idf,log,component-local
esphome/components/voice_assistant/voice_assistant.cpp,128,esp-idf,log,component-local
esphome/components/voice_assistant/voice_assistant.cpp,137,esp-idf,log,component-local
esphome/components/voice_assistant/voice_assistant.cpp,143,esp-idf,log,component-local
esphome/components/voice_assistant/voice_assistant.cpp,153,esp-idf,log,component-local
esphome/components/voice_assistant/voice_assistant.cpp,158,esp-idf,log,component-local
esphome/components/voice_assistant/voice_assistant.cpp,209,esp-idf,log,component-local
esphome/components/voice_assistant/voice_assistant.cpp,281,esp-idf,log,component-local
esphome/components/voice_assistant/voice_assistant.cpp,316,esp-idf,log,component-local
esphome/components/voice_assistant/voice_assistant.cpp,340,esp-idf,log,component-local
esphome/components/voice_assistant/voice_assistant.cpp,366,esp-idf,log,component-local
esphome/components/voice_assistant/voice_assistant.cpp,455,esp-idf,log,component-local
esphome/components/voice_assistant/voice_assistant.cpp,465,esp-idf,log,component-local
esphome/components/voice_assistant/voice_assistant.cpp,481,esp-idf,log,component-local
esphome/components/voice_assistant/voice_assistant.cpp,508,esp-idf,log,component-local
esphome/components/voice_assistant/voice_assistant.cpp,545,esp-idf,log,component-local
esphome/components/voice_assistant/voice_assistant.cpp,555,esp-idf,log,component-local
esphome/components/voice_assistant/voice_assistant.cpp,566,esp-idf,log,component-local
esphome/components/voice_assistant/voice_assistant.cpp,615,esp-idf,log,component-local
esphome/components/voice_assistant/voice_assistant.cpp,622,esp-idf,log,component-local
esphome/components/voice_assistant/voice_assistant.cpp,626,esp-idf,log,component-local
esphome/components/voice_assistant/voice_assistant.cpp,637,esp-idf,log,component-local
esphome/components/voice_assistant/voice_assistant.cpp,654,esp-idf,log,component-local
esphome/components/voice_assistant/voice_assistant.cpp,658,esp-idf,log,component-local
esphome/components/voice_assistant/voice_assistant.cpp,671,esp-idf,log,component-local
esphome/components/voice_assistant/voice_assistant.cpp,685,esp-idf,log,component-local
esphome/components/voice_assistant/voice_assistant.cpp,749,esp-idf,log,component-local
esphome/components/voice_assistant/voice_assistant.cpp,773,esp-idf,log,component-local
esphome/components/voice_assistant/voice_assistant.cpp,776,esp-idf,log,component-local
esphome/components/voice_assistant/voice_assistant.cpp,790,esp-idf,log,component-local
esphome/components/voice_assistant/voice_assistant.cpp,795,esp-idf,log,component-local
esphome/components/voice_assistant/voice_assistant.cpp,806,esp-idf,log,component-local
esphome/components/voice_assistant/voice_assistant.cpp,812,esp-idf,log,component-local
esphome/components/voice_assistant/voice_assistant.cpp,817,esp-idf,log,component-local
esphome/components/voice_assistant/voice_assistant.cpp,821,esp-idf,log,component-local
esphome/components/voice_assistant/voice_assistant.cpp,863,esp-idf,log,component-local
esphome/components/voice_assistant/voice_assistant.cpp,870,esp-idf,log,component-local
esphome/components/voice_assistant/voice_assistant.cpp,889,esp-idf,log,component-local
esphome/components/voice_assistant/voice_assistant.cpp,892,esp-idf,log,component-local
esphome/components/voice_assistant/voice_assistant.cpp,915,esp-idf,log,component-local
esphome/components/voice_assistant/voice_assistant.cpp,948,esp-idf,log,component-local
esphome/components/voice_assistant/voice_assistant.cpp,960,esp-idf,log,component-local
esphome/components/voice_assistant/voice_assistant.cpp,970,esp-idf,log,component-local
esphome/components/voice_assistant/voice_assistant.cpp,976,esp-idf,log,component-local
esphome/components/voice_assistant/voice_assistant.cpp,980,esp-idf,log,component-local
esphome/components/voice_assistant/voice_assistant.cpp,985,esp-idf,log,component-local
esphome/components/voice_assistant/voice_assistant.cpp,999,esp-idf,log,component-local
esphome/components/voice_assistant/voice_assistant.cpp,1001,esp-idf,log,component-local
esphome/components/voice_assistant/voice_assistant.cpp,1025,esp-idf,log,component-local
esphome/components/voice_assistant/voice_assistant.cpp,1111,esp-idf,log,component-local
esphome/components/wake_on_lan/wake_on_lan.cpp,29,esp-idf,log,component-local
esphome/components/wake_on_lan/wake_on_lan.cpp,32,esp-idf,log,component-local
esphome/components/wake_on_lan/wake_on_lan.cpp,44,esp-idf,log,component-local
esphome/components/wake_on_lan/wake_on_lan.cpp,47,arduino,ipaddress,component-local
esphome/components/wake_on_lan/wake_on_lan.cpp,57,esp-idf,log,component-local
esphome/components/wake_on_lan/wake_on_lan.cpp,62,esp-idf,log,component-local
esphome/components/watchdog/watchdog.cpp,9,esp-idf,include,component-local
esphome/components/watchdog/watchdog.cpp,10,esp-idf,include,component-local
esphome/components/watchdog/watchdog.cpp,37,esp-idf,log,component-local
esphome/components/watchdog/watchdog.cpp,53,esp-idf,watchdog,component-local
esphome/components/water_heater/water_heater.cpp,47,esp-idf,log,component-local
esphome/components/water_heater/water_heater.cpp,88,esp-idf,log,component-local
esphome/components/water_heater/water_heater.cpp,91,esp-idf,log,component-local
esphome/components/water_heater/water_heater.cpp,94,esp-idf,log,component-local
esphome/components/water_heater/water_heater.cpp,97,esp-idf,log,component-local
esphome/components/water_heater/water_heater.cpp,100,esp-idf,log,component-local
esphome/components/water_heater/water_heater.cpp,103,esp-idf,log,component-local
esphome/components/water_heater/water_heater.cpp,107,esp-idf,log,component-local
esphome/components/water_heater/water_heater.cpp,116,esp-idf,log,component-local
esphome/components/water_heater/water_heater.cpp,123,esp-idf,log,component-local
esphome/components/water_heater/water_heater.cpp,128,esp-idf,log,component-local
esphome/components/water_heater/water_heater.cpp,136,esp-idf,log,component-local
esphome/components/water_heater/water_heater.cpp,143,esp-idf,log,component-local
esphome/components/water_heater/water_heater.cpp,151,esp-idf,log,component-local
esphome/components/water_heater/water_heater.cpp,165,esp-idf,log,component-local
esphome/components/water_heater/water_heater.cpp,170,esp-idf,log,component-local
esphome/components/water_heater/water_heater.cpp,173,esp-idf,log,component-local
esphome/components/water_heater/water_heater.cpp,176,esp-idf,log,component-local
esphome/components/water_heater/water_heater.cpp,179,esp-idf,log,component-local
esphome/components/water_heater/water_heater.cpp,182,esp-idf,log,component-local
esphome/components/waveshare_epaper/display.py,220,esp-idf,i2c-spi,python
esphome/components/waveshare_epaper/waveshare_213v3.cpp,147,esp-idf,log,component-local
esphome/components/waveshare_epaper/waveshare_epaper.cpp,162,esp-idf,log,component-local
esphome/components/waveshare_epaper/waveshare_epaper.cpp,199,esp-idf,log,component-local
esphome/components/waveshare_epaper/waveshare_epaper.cpp,256,esp-idf,log,component-local
esphome/components/waveshare_epaper/waveshare_epaper.cpp,274,esp-idf,log,component-local
esphome/components/waveshare_epaper/waveshare_epaper.cpp,416,esp-idf,log,component-local
esphome/components/waveshare_epaper/waveshare_epaper.cpp,525,esp-idf,log,component-local
esphome/components/waveshare_epaper/waveshare_epaper.cpp,698,esp-idf,log,component-local
esphome/components/waveshare_epaper/waveshare_epaper.cpp,1555,esp-idf,log,component-local
esphome/components/waveshare_epaper/waveshare_epaper.cpp,1721,esp-idf,log,component-local
esphome/components/waveshare_epaper/waveshare_epaper.cpp,1782,esp-idf,log,component-local
esphome/components/waveshare_epaper/waveshare_epaper.cpp,2012,esp-idf,log,component-local
esphome/components/waveshare_epaper/waveshare_epaper.cpp,2022,esp-idf,log,component-local
esphome/components/waveshare_epaper/waveshare_epaper.cpp,2061,esp-idf,log,component-local
esphome/components/waveshare_epaper/waveshare_epaper.cpp,2073,esp-idf,log,component-local
esphome/components/waveshare_epaper/waveshare_epaper.cpp,2098,esp-idf,log,component-local
esphome/components/waveshare_epaper/waveshare_epaper.cpp,2118,esp-idf,log,component-local
esphome/components/waveshare_epaper/waveshare_epaper.cpp,2167,esp-idf,log,component-local
esphome/components/waveshare_epaper/waveshare_epaper.cpp,2170,esp-idf,log,component-local
esphome/components/waveshare_epaper/waveshare_epaper.cpp,2355,esp-idf,log,component-local
esphome/components/waveshare_epaper/waveshare_epaper.cpp,2457,esp-idf,log,component-local
esphome/components/waveshare_epaper/waveshare_epaper.cpp,2462,esp-idf,log,component-local
esphome/components/waveshare_epaper/waveshare_epaper.cpp,2468,esp-idf,log,component-local
esphome/components/waveshare_epaper/waveshare_epaper.cpp,2482,esp-idf,log,component-local
esphome/components/waveshare_epaper/waveshare_epaper.cpp,2504,esp-idf,log,component-local
esphome/components/waveshare_epaper/waveshare_epaper.cpp,2508,esp-idf,log,component-local
esphome/components/waveshare_epaper/waveshare_epaper.cpp,2523,esp-idf,log,component-local
esphome/components/waveshare_epaper/waveshare_epaper.cpp,2974,esp-idf,log,component-local
esphome/components/waveshare_epaper/waveshare_epaper.cpp,3146,esp-idf,log,component-local
esphome/components/waveshare_epaper/waveshare_epaper.cpp,3150,esp-idf,log,component-local
esphome/components/waveshare_epaper/waveshare_epaper.cpp,3261,esp-idf,log,component-local
esphome/components/waveshare_epaper/waveshare_epaper.cpp,3413,esp-idf,log,component-local
esphome/components/waveshare_epaper/waveshare_epaper.cpp,3663,esp-idf,log,component-local
esphome/components/waveshare_epaper/waveshare_epaper.cpp,3687,esp-idf,log,component-local
esphome/components/waveshare_epaper/waveshare_epaper.cpp,3692,esp-idf,log,component-local
esphome/components/waveshare_epaper/waveshare_epaper.cpp,3698,esp-idf,log,component-local
esphome/components/waveshare_epaper/waveshare_epaper.cpp,3704,esp-idf,log,component-local
esphome/components/waveshare_epaper/waveshare_epaper.cpp,3709,esp-idf,log,component-local
esphome/components/waveshare_epaper/waveshare_epaper.cpp,3714,esp-idf,log,component-local
esphome/components/waveshare_epaper/waveshare_epaper.cpp,3719,esp-idf,log,component-local
esphome/components/waveshare_epaper/waveshare_epaper.cpp,3745,esp-idf,log,component-local
esphome/components/waveshare_epaper/waveshare_epaper.cpp,3756,esp-idf,log,component-local
esphome/components/waveshare_epaper/waveshare_epaper.cpp,3855,esp-idf,log,component-local
esphome/components/waveshare_epaper/waveshare_epaper.cpp,3859,esp-idf,log,component-local
esphome/components/waveshare_epaper/waveshare_epaper.cpp,3863,esp-idf,log,component-local
esphome/components/waveshare_epaper/waveshare_epaper.cpp,3868,esp-idf,log,component-local
esphome/components/waveshare_epaper/waveshare_epaper.cpp,3873,esp-idf,log,component-local
esphome/components/waveshare_epaper/waveshare_epaper.cpp,3879,esp-idf,log,component-local
esphome/components/waveshare_epaper/waveshare_epaper.cpp,3885,esp-idf,log,component-local
esphome/components/waveshare_epaper/waveshare_epaper.cpp,3909,esp-idf,log,component-local
esphome/components/waveshare_epaper/waveshare_epaper.cpp,3927,esp-idf,log,component-local
esphome/components/waveshare_epaper/waveshare_epaper.cpp,3982,esp-idf,log,component-local
esphome/components/waveshare_epaper/waveshare_epaper.cpp,4006,esp-idf,log,component-local
esphome/components/waveshare_epaper/waveshare_epaper.cpp,4009,esp-idf,log,component-local
esphome/components/waveshare_epaper/waveshare_epaper.cpp,4034,esp-idf,log,component-local
esphome/components/waveshare_epaper/waveshare_epaper.cpp,4166,esp-idf,log,component-local
esphome/components/waveshare_epaper/waveshare_epaper.cpp,4252,esp-idf,log,component-local
esphome/components/waveshare_epaper/waveshare_epaper.cpp,4335,esp-idf,log,component-local
esphome/components/waveshare_epaper/waveshare_epaper.cpp,4338,esp-idf,log,component-local
esphome/components/waveshare_epaper/waveshare_epaper.cpp,4578,esp-idf,log,component-local
esphome/components/waveshare_epaper/waveshare_epaper.cpp,4580,esp-idf,log,component-local
esphome/components/waveshare_epaper/waveshare_epaper.cpp,4669,esp-idf,log,component-local
esphome/components/waveshare_io_ch32v003/waveshare_io_ch32v003.cpp,23,esp-idf,log,component-local
esphome/components/waveshare_io_ch32v003/waveshare_io_ch32v003.cpp,50,esp-idf,log,component-local
esphome/components/web_server/list_entities.cpp,13,arduino,guard,component-local
esphome/components/web_server/list_entities.h,15,arduino,guard,component-local
esphome/components/web_server/list_entities.h,24,arduino,guard,component-local
esphome/components/web_server/list_entities.h,43,arduino,guard,component-local
esphome/components/web_server/ota/ota_web_server.cpp,12,arduino,guard,component-local
esphome/components/web_server/ota/ota_web_server.cpp,16,arduino,guard,component-local
esphome/components/web_server/ota/ota_web_server.cpp,20,arduino,guard,component-local
esphome/components/web_server/ota/ota_web_server.cpp,87,esp-idf,log,component-local
esphome/components/web_server/ota/ota_web_server.cpp,89,esp-idf,log,component-local
esphome/components/web_server/ota/ota_web_server.cpp,100,esp-idf,log,component-local
esphome/components/web_server/ota/ota_web_server.cpp,102,esp-idf,log,component-local
esphome/components/web_server/ota/ota_web_server.cpp,108,esp-idf,log,component-local
esphome/components/web_server/ota/ota_web_server.cpp,127,esp-idf,log,component-local
esphome/components/web_server/ota/ota_web_server.cpp,145,arduino,guard,component-local
esphome/components/web_server/ota/ota_web_server.cpp,151,arduino,guard,component-local
esphome/components/web_server/ota/ota_web_server.cpp,155,esp-idf,log,component-local
esphome/components/web_server/ota/ota_web_server.cpp,168,esp-idf,log,component-local
esphome/components/web_server/ota/ota_web_server.cpp,185,esp-idf,log,component-local
esphome/components/web_server/ota/ota_web_server.cpp,199,esp-idf,log,component-local
esphome/components/web_server/ota/ota_web_server.cpp,214,esp-idf,log,component-local
esphome/components/web_server/ota/ota_web_server.cpp,247,esp-idf,log,component-local
esphome/components/web_server/web_server.cpp,14,arduino,guard,component-local
esphome/components/web_server/web_server.cpp,174,arduino,guard,component-local
esphome/components/web_server/web_server.cpp,205,esp-idf,log,component-local
esphome/components/web_server/web_server.cpp,240,esp-idf,log,component-local
esphome/components/web_server/web_server.cpp,2335,arduino,guard,component-local
esphome/components/web_server/web_server.cpp,2497,arduino,guard,component-local
esphome/components/web_server/web_server.cpp,2638,esp-idf,log,component-local
esphome/components/web_server/web_server.h,106,arduino,guard,component-local
esphome/components/web_server/web_server.h,194,arduino,guard,component-local
esphome/components/web_server/web_server.h,597,arduino,guard,component-local
esphome/components/web_server_base/web_server_base.h,17,arduino,guard,component-local
esphome/components/web_server_idf/multipart.cpp,23,esp-idf,log,component-local
esphome/components/web_server_idf/multipart.cpp,30,esp-idf,log,component-local
esphome/components/web_server_idf/multipart.cpp,42,esp-idf,log,component-local
esphome/components/web_server_idf/multipart.cpp,49,esp-idf,log,component-local
esphome/components/web_server_idf/multipart.cpp,99,esp-idf,log,component-local
esphome/components/web_server_idf/multipart.h,7,esp-idf,include,component-local
esphome/components/web_server_idf/utils.cpp,46,esp-idf,err-type,component-local
esphome/components/web_server_idf/utils.cpp,62,esp-idf,err-type,component-local
esphome/components/web_server_idf/utils.cpp,79,esp-idf,err-type,component-local
esphome/components/web_server_idf/utils.h,4,esp-idf,include,component-local
esphome/components/web_server_idf/web_server_idf.cpp,12,esp-idf,include,component-local
esphome/components/web_server_idf/web_server_idf.cpp,13,freertos,include,component-local
esphome/components/web_server_idf/web_server_idf.cpp,14,freertos,include,component-local
esphome/components/web_server_idf/web_server_idf.cpp,20,esp-idf,include,component-local
esphome/components/web_server_idf/web_server_idf.cpp,21,esp-idf,include,component-local
esphome/components/web_server_idf/web_server_idf.cpp,100,esp-idf,log,component-local
esphome/components/web_server_idf/web_server_idf.cpp,154,esp-idf,err-type,component-local
esphome/components/web_server_idf/web_server_idf.cpp,181,esp-idf,err-type,component-local
esphome/components/web_server_idf/web_server_idf.cpp,186,esp-idf,log,component-local
esphome/components/web_server_idf/web_server_idf.cpp,188,esp-idf,err-type,component-local
esphome/components/web_server_idf/web_server_idf.cpp,213,esp-idf,log,component-local
esphome/components/web_server_idf/web_server_idf.cpp,215,esp-idf,err-type,component-local
esphome/components/web_server_idf/web_server_idf.cpp,225,esp-idf,err-type,component-local
esphome/components/web_server_idf/web_server_idf.cpp,228,esp-idf,err-type,component-local
esphome/components/web_server_idf/web_server_idf.cpp,236,esp-idf,err-type,component-local
esphome/components/web_server_idf/web_server_idf.cpp,242,esp-idf,err-type,component-local
esphome/components/web_server_idf/web_server_idf.cpp,248,esp-idf,err-type,component-local
esphome/components/web_server_idf/web_server_idf.cpp,253,esp-idf,err-type,component-local
esphome/components/web_server_idf/web_server_idf.cpp,255,esp-idf,err-type,component-local
esphome/components/web_server_idf/web_server_idf.cpp,258,esp-idf,err-type,component-local
esphome/components/web_server_idf/web_server_idf.cpp,269,esp-idf,log,component-local
esphome/components/web_server_idf/web_server_idf.cpp,285,esp-idf,err-type,component-local
esphome/components/web_server_idf/web_server_idf.cpp,293,freertos,task-delay,component-local
esphome/components/web_server_idf/web_server_idf.cpp,300,esp-idf,err-type,component-local
esphome/components/web_server_idf/web_server_idf.cpp,514,esp-idf,log,component-local
esphome/components/web_server_idf/web_server_idf.cpp,521,esp-idf,log,component-local
esphome/components/web_server_idf/web_server_idf.cpp,533,esp-idf,log,component-local
esphome/components/web_server_idf/web_server_idf.cpp,847,esp-idf,log,component-local
esphome/components/web_server_idf/web_server_idf.cpp,902,esp-idf,log,component-local
esphome/components/web_server_idf/web_server_idf.cpp,915,esp-idf,log,component-local
esphome/components/web_server_idf/web_server_idf.cpp,925,esp-idf,log,component-local
esphome/components/web_server_idf/web_server_idf.cpp,1095,esp-idf,log,component-local
esphome/components/web_server_idf/web_server_idf.cpp,1115,esp-idf,err-type,component-local
esphome/components/web_server_idf/web_server_idf.cpp,1120,esp-idf,log,component-local
esphome/components/web_server_idf/web_server_idf.cpp,1122,esp-idf,err-type,component-local
esphome/components/web_server_idf/web_server_idf.cpp,1135,esp-idf,log,component-local
esphome/components/web_server_idf/web_server_idf.cpp,1137,esp-idf,err-type,component-local
esphome/components/web_server_idf/web_server_idf.cpp,1153,esp-idf,log,component-local
esphome/components/web_server_idf/web_server_idf.cpp,1178,esp-idf,err-type,component-local
esphome/components/web_server_idf/web_server_idf.cpp,1182,esp-idf,log,component-local
esphome/components/web_server_idf/web_server_idf.cpp,1184,esp-idf,err-type,component-local
esphome/components/web_server_idf/web_server_idf.cpp,1191,freertos,task-delay,component-local
esphome/components/web_server_idf/web_server_idf.cpp,1197,esp-idf,err-type,component-local
esphome/components/web_server_idf/web_server_idf.h,7,esp-idf,include,component-local
esphome/components/web_server_idf/web_server_idf.h,226,esp-idf,err-type,component-local
esphome/components/web_server_idf/web_server_idf.h,227,esp-idf,err-type,component-local
esphome/components/web_server_idf/web_server_idf.h,228,esp-idf,err-type,component-local
esphome/components/web_server_idf/web_server_idf.h,230,esp-idf,err-type,component-local
esphome/components/web_server_idf/web_server_idf.h,232,esp-idf,err-type,component-local
esphome/components/weikai/weikai.cpp,108,esp-idf,log,component-local
esphome/components/weikai/weikai.cpp,117,esp-idf,log,component-local
esphome/components/weikai/weikai.cpp,130,esp-idf,log,component-local
esphome/components/weikai/weikai.cpp,136,esp-idf,log,component-local
esphome/components/weikai/weikai.cpp,146,esp-idf,log,component-local
esphome/components/weikai/weikai.cpp,171,esp-idf,log,component-local
esphome/components/weikai/weikai.cpp,173,esp-idf,log,component-local
esphome/components/weikai/weikai.cpp,177,esp-idf,log,component-local
esphome/components/weikai/weikai.cpp,190,esp-idf,log,component-local
esphome/components/weikai/weikai.cpp,192,esp-idf,log,component-local
esphome/components/weikai/weikai.cpp,196,esp-idf,log,component-local
esphome/components/weikai/weikai.cpp,231,esp-idf,log,component-local
esphome/components/weikai/weikai.cpp,300,esp-idf,log,component-local
esphome/components/weikai/weikai.cpp,307,esp-idf,log,component-local
esphome/components/weikai/weikai.cpp,326,esp-idf,log,component-local
esphome/components/weikai/weikai.cpp,352,esp-idf,log,component-local
esphome/components/weikai/weikai.cpp,355,esp-idf,log,component-local
esphome/components/weikai/weikai.cpp,358,esp-idf,log,component-local
esphome/components/weikai/weikai.cpp,361,esp-idf,log,component-local
esphome/components/weikai/weikai.cpp,372,esp-idf,log,component-local
esphome/components/weikai/weikai.cpp,388,esp-idf,log,component-local
esphome/components/weikai/weikai.cpp,394,esp-idf,log,component-local
esphome/components/weikai/weikai.cpp,418,esp-idf,log,component-local
esphome/components/weikai/weikai.cpp,433,esp-idf,log,component-local
esphome/components/weikai/weikai.cpp,443,esp-idf,log,component-local
esphome/components/weikai/weikai.cpp,503,esp-idf,log,component-local
esphome/components/weikai/weikai.cpp,509,esp-idf,log,component-local
esphome/components/weikai/weikai.cpp,524,esp-idf,log,component-local
esphome/components/weikai/weikai.cpp,541,esp-idf,log,component-local
esphome/components/weikai/weikai.cpp,553,esp-idf,log,component-local
esphome/components/weikai/weikai.cpp,559,esp-idf,log,component-local
esphome/components/weikai/weikai.cpp,566,esp-idf,log,component-local
esphome/components/weikai_i2c/weikai_i2c.cpp,78,esp-idf,log,component-local
esphome/components/weikai_i2c/weikai_i2c.cpp,98,esp-idf,log,component-local
esphome/components/weikai_i2c/weikai_i2c.cpp,114,esp-idf,log,component-local
esphome/components/weikai_i2c/weikai_i2c.cpp,133,esp-idf,log,component-local
esphome/components/whirlpool/whirlpool.cpp,106,esp-idf,log,component-local
esphome/components/whirlpool/whirlpool.cpp,120,esp-idf,log,component-local
esphome/components/whirlpool/whirlpool.cpp,161,esp-idf,log,component-local
esphome/components/whirlpool/whirlpool.cpp,167,esp-idf,log,component-local
esphome/components/whirlpool/whirlpool.cpp,182,esp-idf,log,component-local
esphome/components/whirlpool/whirlpool.cpp,192,esp-idf,log,component-local
esphome/components/whirlpool/whirlpool.cpp,201,esp-idf,log,component-local
esphome/components/whirlpool/whirlpool.cpp,218,esp-idf,log,component-local
esphome/components/whirlpool/whirlpool.cpp,232,esp-idf,log,component-local
esphome/components/whirlpool/whirlpool.cpp,248,esp-idf,log,component-local
esphome/components/whynter/whynter.cpp,120,esp-idf,log,component-local
esphome/components/whynter/whynter.cpp,158,esp-idf,log,component-local
esphome/components/wiegand/wiegand.cpp,11,esp-idf,iram-attr,component-local
esphome/components/wiegand/wiegand.cpp,20,esp-idf,iram-attr,component-local
esphome/components/wiegand/wiegand.cpp,68,esp-idf,log,component-local
esphome/components/wiegand/wiegand.cpp,74,esp-idf,log,component-local
esphome/components/wiegand/wiegand.cpp,76,esp-idf,log,component-local
esphome/components/wiegand/wiegand.cpp,84,esp-idf,log,component-local
esphome/components/wiegand/wiegand.cpp,86,esp-idf,log,component-local
esphome/components/wiegand/wiegand.cpp,94,esp-idf,log,component-local
esphome/components/wiegand/wiegand.cpp,96,esp-idf,log,component-local
esphome/components/wiegand/wiegand.cpp,119,esp-idf,log,component-local
esphome/components/wifi/__init__.py,374,lwip,raw-api,python
esphome/components/wifi/wifi_component.cpp,10,esp-idf,include,component-local
esphome/components/wifi/wifi_component.cpp,12,esp-idf,include,component-local
esphome/components/wifi/wifi_component.cpp,17,esp-idf,include,component-local
esphome/components/wifi/wifi_component.cpp,26,lwip,include,component-local
esphome/components/wifi/wifi_component.cpp,27,lwip,include,component-local
esphome/components/wifi/wifi_component.cpp,538,esp-idf,log,component-local
esphome/components/wifi/wifi_component.cpp,571,esp-idf,log,component-local
esphome/components/wifi/wifi_component.cpp,579,esp-idf,log,component-local
esphome/components/wifi/wifi_component.cpp,582,esp-idf,log,component-local
esphome/components/wifi/wifi_component.cpp,592,esp-idf,log,component-local
esphome/components/wifi/wifi_component.cpp,627,freertos,semaphore,component-local
esphome/components/wifi/wifi_component.cpp,629,esp-idf,log,component-local
esphome/components/wifi/wifi_component.cpp,644,esp-idf,log,component-local
esphome/components/wifi/wifi_component.cpp,680,esp-idf,log,component-local
esphome/components/wifi/wifi_component.cpp,691,esp-idf,log,component-local
esphome/components/wifi/wifi_component.cpp,708,esp-idf,log,component-local
esphome/components/wifi/wifi_component.cpp,718,esp-idf,log,component-local
esphome/components/wifi/wifi_component.cpp,722,esp-idf,log,component-local
esphome/components/wifi/wifi_component.cpp,738,esp-idf,log,component-local
esphome/components/wifi/wifi_component.cpp,759,esp-idf,log,component-local
esphome/components/wifi/wifi_component.cpp,833,esp-idf,log,component-local
esphome/components/wifi/wifi_component.cpp,883,esp-idf,log,component-local
esphome/components/wifi/wifi_component.cpp,921,esp-idf,log,component-local
esphome/components/wifi/wifi_component.cpp,936,esp-idf,log,component-local
esphome/components/wifi/wifi_component.cpp,944,esp-idf,log,component-local
esphome/components/wifi/wifi_component.cpp,967,arduino,ipaddress,component-local
esphome/components/wifi/wifi_component.cpp,1064,esp-idf,log,component-local
esphome/components/wifi/wifi_component.cpp,1131,esp-idf,log,component-local
esphome/components/wifi/wifi_component.cpp,1146,esp-idf,log,component-local
esphome/components/wifi/wifi_component.cpp,1152,esp-idf,log,component-local
esphome/components/wifi/wifi_component.cpp,1157,esp-idf,log,component-local
esphome/components/wifi/wifi_component.cpp,1159,esp-idf,log,component-local
esphome/components/wifi/wifi_component.cpp,1167,esp-idf,log,component-local
esphome/components/wifi/wifi_component.cpp,1176,esp-idf,log,component-local
esphome/components/wifi/wifi_component.cpp,1181,esp-idf,log,component-local
esphome/components/wifi/wifi_component.cpp,1190,esp-idf,log,component-local
esphome/components/wifi/wifi_component.cpp,1195,esp-idf,log,component-local
esphome/components/wifi/wifi_component.cpp,1197,esp-idf,log,component-local
esphome/components/wifi/wifi_component.cpp,1208,esp-idf,log,component-local
esphome/components/wifi/wifi_component.cpp,1214,esp-idf,log,component-local
esphome/components/wifi/wifi_component.cpp,1216,esp-idf,log,component-local
esphome/components/wifi/wifi_component.cpp,1226,esp-idf,log,component-local
esphome/components/wifi/wifi_component.cpp,1314,esp-idf,log,component-local
esphome/components/wifi/wifi_component.cpp,1330,esp-idf,log,component-local
esphome/components/wifi/wifi_component.cpp,1344,esp-idf,log,component-local
esphome/components/wifi/wifi_component.cpp,1352,esp-idf,log,component-local
esphome/components/wifi/wifi_component.cpp,1483,esp-idf,log,component-local
esphome/components/wifi/wifi_component.cpp,1487,esp-idf,log,component-local
esphome/components/wifi/wifi_component.cpp,1496,esp-idf,log,component-local
esphome/components/wifi/wifi_component.cpp,1507,esp-idf,log,component-local
esphome/components/wifi/wifi_component.cpp,1512,esp-idf,log,component-local
esphome/components/wifi/wifi_component.cpp,1560,esp-idf,log,component-local
esphome/components/wifi/wifi_component.cpp,1622,esp-idf,log,component-local
esphome/components/wifi/wifi_component.cpp,1627,esp-idf,log,component-local
esphome/components/wifi/wifi_component.cpp,1633,esp-idf,log,component-local
esphome/components/wifi/wifi_component.cpp,1644,esp-idf,log,component-local
esphome/components/wifi/wifi_component.cpp,1665,esp-idf,log,component-local
esphome/components/wifi/wifi_component.cpp,1674,esp-idf,log,component-local
esphome/components/wifi/wifi_component.cpp,1679,esp-idf,log,component-local
esphome/components/wifi/wifi_component.cpp,1682,esp-idf,log,component-local
esphome/components/wifi/wifi_component.cpp,1720,esp-idf,log,component-local
esphome/components/wifi/wifi_component.cpp,1730,esp-idf,log,component-local
esphome/components/wifi/wifi_component.cpp,1741,esp-idf,log,component-local
esphome/components/wifi/wifi_component.cpp,1747,esp-idf,log,component-local
esphome/components/wifi/wifi_component.cpp,1752,esp-idf,log,component-local
esphome/components/wifi/wifi_component.cpp,1909,esp-idf,log,component-local
esphome/components/wifi/wifi_component.cpp,1936,esp-idf,log,component-local
esphome/components/wifi/wifi_component.cpp,1964,esp-idf,log,component-local
esphome/components/wifi/wifi_component.cpp,2028,esp-idf,log,component-local
esphome/components/wifi/wifi_component.cpp,2091,esp-idf,log,component-local
esphome/components/wifi/wifi_component.cpp,2118,esp-idf,log,component-local
esphome/components/wifi/wifi_component.cpp,2130,esp-idf,log,component-local
esphome/components/wifi/wifi_component.cpp,2162,esp-idf,log,component-local
esphome/components/wifi/wifi_component.cpp,2171,esp-idf,log,component-local
esphome/components/wifi/wifi_component.cpp,2176,esp-idf,log,component-local
esphome/components/wifi/wifi_component.cpp,2183,esp-idf,log,component-local
esphome/components/wifi/wifi_component.cpp,2252,freertos,semaphore,component-local
esphome/components/wifi/wifi_component.cpp,2275,freertos,semaphore,component-local
esphome/components/wifi/wifi_component.cpp,2286,esp-idf,log,component-local
esphome/components/wifi/wifi_component.cpp,2304,esp-idf,log,component-local
esphome/components/wifi/wifi_component.cpp,2308,esp-idf,log,component-local
esphome/components/wifi/wifi_component.cpp,2338,esp-idf,log,component-local
esphome/components/wifi/wifi_component.cpp,2469,esp-idf,log,component-local
esphome/components/wifi/wifi_component.cpp,2492,esp-idf,log,component-local
esphome/components/wifi/wifi_component.cpp,2497,esp-idf,log,component-local
esphome/components/wifi/wifi_component.cpp,2501,esp-idf,log,component-local
esphome/components/wifi/wifi_component.cpp,2537,esp-idf,log,component-local
esphome/components/wifi/wifi_component.cpp,2550,esp-idf,log,component-local
esphome/components/wifi/wifi_component.cpp,2557,esp-idf,log,component-local
esphome/components/wifi/wifi_component.h,33,esp-idf,include,component-local
esphome/components/wifi/wifi_component.h,35,esp-idf,include,component-local
esphome/components/wifi/wifi_component.h,56,esp-idf,include,component-local
esphome/components/wifi/wifi_component.h,60,freertos,include,component-local
esphome/components/wifi/wifi_component.h,61,freertos,include,component-local
esphome/components/wifi/wifi_component.h,156,arduino,ipaddress,component-local
esphome/components/wifi/wifi_component.h,157,arduino,ipaddress,component-local
esphome/components/wifi/wifi_component.h,158,arduino,ipaddress,component-local
esphome/components/wifi/wifi_component.h,159,arduino,ipaddress,component-local
esphome/components/wifi/wifi_component.h,160,arduino,ipaddress,component-local
esphome/components/wifi/wifi_component.h,389,arduino,ipaddress,component-local
esphome/components/wifi/wifi_component.h,390,arduino,ipaddress,component-local
esphome/components/wifi/wifi_component.h,526,arduino,ipaddress,component-local
esphome/components/wifi/wifi_component.h,538,arduino,ipaddress,component-local
esphome/components/wifi/wifi_component.h,795,arduino,ipaddress,component-local
esphome/components/wifi/wifi_component.h,796,arduino,ipaddress,component-local
esphome/components/wifi/wifi_component.h,797,arduino,ipaddress,component-local
esphome/components/wifi/wifi_component.h,903,freertos,semaphore,component-local
esphome/components/wifi/wifi_component_esp8266.cpp,17,lwip,include,component-local
esphome/components/wifi/wifi_component_esp8266.cpp,18,lwip,include,component-local
esphome/components/wifi/wifi_component_esp8266.cpp,19,lwip,include,component-local
esphome/components/wifi/wifi_component_esp8266.cpp,20,lwip,include,component-local
esphome/components/wifi/wifi_component_esp8266.cpp,21,lwip,include,component-local
esphome/components/wifi/wifi_component_esp8266.cpp,22,lwip,include,component-local
esphome/components/wifi/wifi_component_esp8266.cpp,22,lwip,netif,component-local
esphome/components/wifi/wifi_component_esp8266.cpp,64,esp-idf,log,component-local
esphome/components/wifi/wifi_component_esp8266.cpp,66,esp-idf,log,component-local
esphome/components/wifi/wifi_component_esp8266.cpp,72,esp-idf,log,component-local
esphome/components/wifi/wifi_component_esp8266.cpp,74,esp-idf,log,component-local
esphome/components/wifi/wifi_component_esp8266.cpp,87,esp-idf,log,component-local
esphome/components/wifi/wifi_component_esp8266.cpp,136,lwip,netif,component-local
esphome/components/wifi/wifi_component_esp8266.cpp,137,lwip,netif,component-local
esphome/components/wifi/wifi_component_esp8266.cpp,139,lwip,netif,component-local
esphome/components/wifi/wifi_component_esp8266.cpp,140,lwip,addr-type,component-local
esphome/components/wifi/wifi_component_esp8266.cpp,140,lwip,netif,component-local
esphome/components/wifi/wifi_component_esp8266.cpp,141,lwip,netif,component-local
esphome/components/wifi/wifi_component_esp8266.cpp,148,lwip,netif,component-local
esphome/components/wifi/wifi_component_esp8266.cpp,150,lwip,netif,component-local
esphome/components/wifi/wifi_component_esp8266.cpp,170,esp-idf,log,component-local
esphome/components/wifi/wifi_component_esp8266.cpp,194,esp-idf,log,component-local
esphome/components/wifi/wifi_component_esp8266.cpp,200,esp-idf,log,component-local
esphome/components/wifi/wifi_component_esp8266.cpp,204,lwip,addr-type,component-local
esphome/components/wifi/wifi_component_esp8266.cpp,218,lwip,addr-type,component-local
esphome/components/wifi/wifi_component_esp8266.cpp,218,lwip,netif,component-local
esphome/components/wifi/wifi_component_esp8266.cpp,219,lwip,addr-type,component-local
esphome/components/wifi/wifi_component_esp8266.cpp,234,arduino,ipaddress,component-local
esphome/components/wifi/wifi_component_esp8266.cpp,237,arduino,ipaddress,component-local
esphome/components/wifi/wifi_component_esp8266.cpp,249,esp-idf,log,component-local
esphome/components/wifi/wifi_component_esp8266.cpp,277,esp-idf,log,component-local
esphome/components/wifi/wifi_component_esp8266.cpp,281,esp-idf,log,component-local
esphome/components/wifi/wifi_component_esp8266.cpp,316,esp-idf,log,component-local
esphome/components/wifi/wifi_component_esp8266.cpp,338,esp-idf,log,component-local
esphome/components/wifi/wifi_component_esp8266.cpp,346,esp-idf,log,component-local
esphome/components/wifi/wifi_component_esp8266.cpp,357,esp-idf,log,component-local
esphome/components/wifi/wifi_component_esp8266.cpp,363,esp-idf,log,component-local
esphome/components/wifi/wifi_component_esp8266.cpp,367,esp-idf,log,component-local
esphome/components/wifi/wifi_component_esp8266.cpp,372,esp-idf,log,component-local
esphome/components/wifi/wifi_component_esp8266.cpp,387,esp-idf,log,component-local
esphome/components/wifi/wifi_component_esp8266.cpp,397,arduino,ipaddress,component-local
esphome/components/wifi/wifi_component_esp8266.cpp,397,esp-idf,log,component-local
esphome/components/wifi/wifi_component_esp8266.cpp,410,esp-idf,log,component-local
esphome/components/wifi/wifi_component_esp8266.cpp,508,esp-idf,log,component-local
esphome/components/wifi/wifi_component_esp8266.cpp,522,esp-idf,log,component-local
esphome/components/wifi/wifi_component_esp8266.cpp,528,esp-idf,log,component-local
esphome/components/wifi/wifi_component_esp8266.cpp,543,esp-idf,log,component-local
esphome/components/wifi/wifi_component_esp8266.cpp,548,esp-idf,log,component-local
esphome/components/wifi/wifi_component_esp8266.cpp,561,arduino,ipaddress,component-local
esphome/components/wifi/wifi_component_esp8266.cpp,561,esp-idf,log,component-local
esphome/components/wifi/wifi_component_esp8266.cpp,562,arduino,ipaddress,component-local
esphome/components/wifi/wifi_component_esp8266.cpp,571,esp-idf,log,component-local
esphome/components/wifi/wifi_component_esp8266.cpp,579,esp-idf,log,component-local
esphome/components/wifi/wifi_component_esp8266.cpp,588,esp-idf,log,component-local
esphome/components/wifi/wifi_component_esp8266.cpp,603,esp-idf,log,component-local
esphome/components/wifi/wifi_component_esp8266.cpp,613,arduino,ipaddress,component-local
esphome/components/wifi/wifi_component_esp8266.cpp,613,esp-idf,log,component-local
esphome/components/wifi/wifi_component_esp8266.cpp,641,esp-idf,log,component-local
esphome/components/wifi/wifi_component_esp8266.cpp,646,esp-idf,log,component-local
esphome/components/wifi/wifi_component_esp8266.cpp,722,esp-idf,log,component-local
esphome/components/wifi/wifi_component_esp8266.cpp,754,esp-idf,log,component-local
esphome/components/wifi/wifi_component_esp8266.cpp,789,esp-idf,log,component-local
esphome/components/wifi/wifi_component_esp8266.cpp,809,arduino,ipaddress,component-local
esphome/components/wifi/wifi_component_esp8266.cpp,810,arduino,ipaddress,component-local
esphome/components/wifi/wifi_component_esp8266.cpp,811,arduino,ipaddress,component-local
esphome/components/wifi/wifi_component_esp8266.cpp,816,esp-idf,log,component-local
esphome/components/wifi/wifi_component_esp8266.cpp,821,esp-idf,log,component-local
esphome/components/wifi/wifi_component_esp8266.cpp,831,arduino,ipaddress,component-local
esphome/components/wifi/wifi_component_esp8266.cpp,837,esp-idf,log,component-local
esphome/components/wifi/wifi_component_esp8266.cpp,840,esp-idf,log,component-local
esphome/components/wifi/wifi_component_esp8266.cpp,842,esp-idf,log,component-local
esphome/components/wifi/wifi_component_esp8266.cpp,848,esp-idf,log,component-local
esphome/components/wifi/wifi_component_esp8266.cpp,858,esp-idf,log,component-local
esphome/components/wifi/wifi_component_esp8266.cpp,864,esp-idf,log,component-local
esphome/components/wifi/wifi_component_esp8266.cpp,878,esp-idf,log,component-local
esphome/components/wifi/wifi_component_esp8266.cpp,894,esp-idf,log,component-local
esphome/components/wifi/wifi_component_esp8266.cpp,905,esp-idf,log,component-local
esphome/components/wifi/wifi_component_esp8266.cpp,911,esp-idf,log,component-local
esphome/components/wifi/wifi_component_esp8266.cpp,916,esp-idf,log,component-local
esphome/components/wifi/wifi_component_esp8266.cpp,924,arduino,ipaddress,component-local
esphome/components/wifi/wifi_component_esp8266.cpp,927,arduino,ipaddress,component-local
esphome/components/wifi/wifi_component_esp8266.cpp,959,arduino,ipaddress,component-local
esphome/components/wifi/wifi_component_esp8266.cpp,962,arduino,ipaddress,component-local
esphome/components/wifi/wifi_component_esp8266.cpp,964,arduino,ipaddress,component-local
esphome/components/wifi/wifi_component_esp8266.cpp,967,arduino,ipaddress,component-local
esphome/components/wifi/wifi_component_esp8266.cpp,969,arduino,ipaddress,component-local
esphome/components/wifi/wifi_component_esp_idf.cpp,6,esp-idf,include,component-local
esphome/components/wifi/wifi_component_esp_idf.cpp,7,esp-idf,include,component-local
esphome/components/wifi/wifi_component_esp_idf.cpp,8,esp-idf,include,component-local
esphome/components/wifi/wifi_component_esp_idf.cpp,9,esp-idf,include,component-local
esphome/components/wifi/wifi_component_esp_idf.cpp,10,esp-idf,include,component-local
esphome/components/wifi/wifi_component_esp_idf.cpp,11,freertos,include,component-local
esphome/components/wifi/wifi_component_esp_idf.cpp,12,freertos,include,component-local
esphome/components/wifi/wifi_component_esp_idf.cpp,13,freertos,include,component-local
esphome/components/wifi/wifi_component_esp_idf.cpp,21,esp-idf,include,component-local
esphome/components/wifi/wifi_component_esp_idf.cpp,23,esp-idf,include,component-local
esphome/components/wifi/wifi_component_esp_idf.cpp,35,lwip,include,component-local
esphome/components/wifi/wifi_component_esp_idf.cpp,36,lwip,include,component-local
esphome/components/wifi/wifi_component_esp_idf.cpp,37,lwip,include,component-local
esphome/components/wifi/wifi_component_esp_idf.cpp,146,esp-idf,log,component-local
esphome/components/wifi/wifi_component_esp_idf.cpp,150,esp-idf,err-type,component-local
esphome/components/wifi/wifi_component_esp_idf.cpp,153,esp-idf,log,component-local
esphome/components/wifi/wifi_component_esp_idf.cpp,158,esp-idf,log,component-local
esphome/components/wifi/wifi_component_esp_idf.cpp,176,esp-idf,wifi,component-local
esphome/components/wifi/wifi_component_esp_idf.cpp,179,esp-idf,log,component-local
esphome/components/wifi/wifi_component_esp_idf.cpp,185,esp-idf,wifi,component-local
esphome/components/wifi/wifi_component_esp_idf.cpp,201,esp-idf,err-type,component-local
esphome/components/wifi/wifi_component_esp_idf.cpp,201,esp-idf,wifi,component-local
esphome/components/wifi/wifi_component_esp_idf.cpp,202,esp-idf,log,component-local
esphome/components/wifi/wifi_component_esp_idf.cpp,203,esp-idf,err-type,component-local
esphome/components/wifi/wifi_component_esp_idf.cpp,203,esp-idf,wifi,component-local
esphome/components/wifi/wifi_component_esp_idf.cpp,204,esp-idf,err-type,component-local
esphome/components/wifi/wifi_component_esp_idf.cpp,205,esp-idf,log,component-local
esphome/components/wifi/wifi_component_esp_idf.cpp,210,esp-idf,wifi,component-local
esphome/components/wifi/wifi_component_esp_idf.cpp,211,esp-idf,err-type,component-local
esphome/components/wifi/wifi_component_esp_idf.cpp,212,esp-idf,log,component-local
esphome/components/wifi/wifi_component_esp_idf.cpp,214,esp-idf,wifi,component-local
esphome/components/wifi/wifi_component_esp_idf.cpp,215,esp-idf,err-type,component-local
esphome/components/wifi/wifi_component_esp_idf.cpp,216,esp-idf,log,component-local
esphome/components/wifi/wifi_component_esp_idf.cpp,226,esp-idf,log,component-local
esphome/components/wifi/wifi_component_esp_idf.cpp,229,esp-idf,err-type,component-local
esphome/components/wifi/wifi_component_esp_idf.cpp,229,esp-idf,wifi,component-local
esphome/components/wifi/wifi_component_esp_idf.cpp,231,esp-idf,log,component-local
esphome/components/wifi/wifi_component_esp_idf.cpp,234,esp-idf,wifi,component-local
esphome/components/wifi/wifi_component_esp_idf.cpp,236,esp-idf,log,component-local
esphome/components/wifi/wifi_component_esp_idf.cpp,243,esp-idf,err-type,component-local
esphome/components/wifi/wifi_component_esp_idf.cpp,246,esp-idf,wifi,component-local
esphome/components/wifi/wifi_component_esp_idf.cpp,248,esp-idf,log,component-local
esphome/components/wifi/wifi_component_esp_idf.cpp,273,esp-idf,log,component-local
esphome/components/wifi/wifi_component_esp_idf.cpp,275,esp-idf,log,component-local
esphome/components/wifi/wifi_component_esp_idf.cpp,278,esp-idf,log,component-local
esphome/components/wifi/wifi_component_esp_idf.cpp,280,esp-idf,log,component-local
esphome/components/wifi/wifi_component_esp_idf.cpp,284,esp-idf,wifi,component-local
esphome/components/wifi/wifi_component_esp_idf.cpp,285,esp-idf,err-type,component-local
esphome/components/wifi/wifi_component_esp_idf.cpp,286,esp-idf,log,component-local
esphome/components/wifi/wifi_component_esp_idf.cpp,293,esp-idf,wifi,component-local
esphome/components/wifi/wifi_component_esp_idf.cpp,295,esp-idf,log,component-local
esphome/components/wifi/wifi_component_esp_idf.cpp,300,esp-idf,wifi,component-local
esphome/components/wifi/wifi_component_esp_idf.cpp,301,esp-idf,err-type,component-local
esphome/components/wifi/wifi_component_esp_idf.cpp,302,esp-idf,log,component-local
esphome/components/wifi/wifi_component_esp_idf.cpp,315,esp-idf,err-type,component-local
esphome/components/wifi/wifi_component_esp_idf.cpp,315,esp-idf,wifi,component-local
esphome/components/wifi/wifi_component_esp_idf.cpp,332,esp-idf,err-type,component-local
esphome/components/wifi/wifi_component_esp_idf.cpp,332,esp-idf,wifi,component-local
esphome/components/wifi/wifi_component_esp_idf.cpp,344,esp-idf,err-type,component-local
esphome/components/wifi/wifi_component_esp_idf.cpp,344,esp-idf,wifi,component-local
esphome/components/wifi/wifi_component_esp_idf.cpp,356,esp-idf,log,component-local
esphome/components/wifi/wifi_component_esp_idf.cpp,360,esp-idf,log,component-local
esphome/components/wifi/wifi_component_esp_idf.cpp,421,esp-idf,err-type,component-local
esphome/components/wifi/wifi_component_esp_idf.cpp,422,esp-idf,wifi,component-local
esphome/components/wifi/wifi_component_esp_idf.cpp,424,esp-idf,log,component-local
esphome/components/wifi/wifi_component_esp_idf.cpp,429,esp-idf,wifi,component-local
esphome/components/wifi/wifi_component_esp_idf.cpp,430,esp-idf,err-type,component-local
esphome/components/wifi/wifi_component_esp_idf.cpp,431,esp-idf,log,component-local
esphome/components/wifi/wifi_component_esp_idf.cpp,436,esp-idf,wifi,component-local
esphome/components/wifi/wifi_component_esp_idf.cpp,437,esp-idf,err-type,component-local
esphome/components/wifi/wifi_component_esp_idf.cpp,438,esp-idf,log,component-local
esphome/components/wifi/wifi_component_esp_idf.cpp,461,esp-idf,wifi,component-local
esphome/components/wifi/wifi_component_esp_idf.cpp,463,esp-idf,err-type,component-local
esphome/components/wifi/wifi_component_esp_idf.cpp,464,esp-idf,log,component-local
esphome/components/wifi/wifi_component_esp_idf.cpp,473,esp-idf,wifi,component-local
esphome/components/wifi/wifi_component_esp_idf.cpp,475,esp-idf,err-type,component-local
esphome/components/wifi/wifi_component_esp_idf.cpp,476,esp-idf,log,component-local
esphome/components/wifi/wifi_component_esp_idf.cpp,488,esp-idf,wifi,component-local
esphome/components/wifi/wifi_component_esp_idf.cpp,492,esp-idf,err-type,component-local
esphome/components/wifi/wifi_component_esp_idf.cpp,493,esp-idf,log,component-local
esphome/components/wifi/wifi_component_esp_idf.cpp,500,esp-idf,wifi,component-local
esphome/components/wifi/wifi_component_esp_idf.cpp,502,esp-idf,err-type,component-local
esphome/components/wifi/wifi_component_esp_idf.cpp,503,esp-idf,log,component-local
esphome/components/wifi/wifi_component_esp_idf.cpp,508,esp-idf,wifi,component-local
esphome/components/wifi/wifi_component_esp_idf.cpp,510,esp-idf,err-type,component-local
esphome/components/wifi/wifi_component_esp_idf.cpp,511,esp-idf,log,component-local
esphome/components/wifi/wifi_component_esp_idf.cpp,517,esp-idf,wifi,component-local
esphome/components/wifi/wifi_component_esp_idf.cpp,519,esp-idf,err-type,component-local
esphome/components/wifi/wifi_component_esp_idf.cpp,520,esp-idf,log,component-local
esphome/components/wifi/wifi_component_esp_idf.cpp,524,esp-idf,wifi,component-local
esphome/components/wifi/wifi_component_esp_idf.cpp,526,esp-idf,wifi,component-local
esphome/components/wifi/wifi_component_esp_idf.cpp,528,esp-idf,err-type,component-local
esphome/components/wifi/wifi_component_esp_idf.cpp,529,esp-idf,log,component-local
esphome/components/wifi/wifi_component_esp_idf.cpp,547,esp-idf,wifi,component-local
esphome/components/wifi/wifi_component_esp_idf.cpp,548,esp-idf,err-type,component-local
esphome/components/wifi/wifi_component_esp_idf.cpp,549,esp-idf,log,component-local
esphome/components/wifi/wifi_component_esp_idf.cpp,563,esp-idf,log,component-local
esphome/components/wifi/wifi_component_esp_idf.cpp,568,esp-idf,err-type,component-local
esphome/components/wifi/wifi_component_esp_idf.cpp,568,esp-idf,wifi,component-local
esphome/components/wifi/wifi_component_esp_idf.cpp,569,esp-idf,err-type,component-local
esphome/components/wifi/wifi_component_esp_idf.cpp,570,esp-idf,log,component-local
esphome/components/wifi/wifi_component_esp_idf.cpp,589,esp-idf,wifi,component-local
esphome/components/wifi/wifi_component_esp_idf.cpp,590,esp-idf,err-type,component-local
esphome/components/wifi/wifi_component_esp_idf.cpp,591,esp-idf,log,component-local
esphome/components/wifi/wifi_component_esp_idf.cpp,593,esp-idf,err-type,component-local
esphome/components/wifi/wifi_component_esp_idf.cpp,598,lwip,addr-type,component-local
esphome/components/wifi/wifi_component_esp_idf.cpp,602,esp-idf,wifi,component-local
esphome/components/wifi/wifi_component_esp_idf.cpp,603,esp-idf,err-type,component-local
esphome/components/wifi/wifi_component_esp_idf.cpp,604,esp-idf,log,component-local
esphome/components/wifi/wifi_component_esp_idf.cpp,607,esp-idf,wifi,component-local
esphome/components/wifi/wifi_component_esp_idf.cpp,608,esp-idf,err-type,component-local
esphome/components/wifi/wifi_component_esp_idf.cpp,609,esp-idf,log,component-local
esphome/components/wifi/wifi_component_esp_idf.cpp,615,esp-idf,wifi,component-local
esphome/components/wifi/wifi_component_esp_idf.cpp,619,esp-idf,wifi,component-local
esphome/components/wifi/wifi_component_esp_idf.cpp,632,esp-idf,err-type,component-local
esphome/components/wifi/wifi_component_esp_idf.cpp,632,esp-idf,wifi,component-local
esphome/components/wifi/wifi_component_esp_idf.cpp,633,esp-idf,err-type,component-local
esphome/components/wifi/wifi_component_esp_idf.cpp,634,esp-idf,log,component-local
esphome/components/wifi/wifi_component_esp_idf.cpp,638,arduino,ipaddress,component-local
esphome/components/wifi/wifi_component_esp_idf.cpp,643,esp-idf,wifi,component-local
esphome/components/wifi/wifi_component_esp_idf.cpp,647,arduino,ipaddress,component-local
esphome/components/wifi/wifi_component_esp_idf.cpp,790,esp-idf,log,component-local
esphome/components/wifi/wifi_component_esp_idf.cpp,798,esp-idf,err-type,component-local
esphome/components/wifi/wifi_component_esp_idf.cpp,800,esp-idf,log,component-local
esphome/components/wifi/wifi_component_esp_idf.cpp,802,esp-idf,wifi,component-local
esphome/components/wifi/wifi_component_esp_idf.cpp,804,esp-idf,log,component-local
esphome/components/wifi/wifi_component_esp_idf.cpp,815,esp-idf,log,component-local
esphome/components/wifi/wifi_component_esp_idf.cpp,821,esp-idf,log,component-local
esphome/components/wifi/wifi_component_esp_idf.cpp,828,esp-idf,log,component-local
esphome/components/wifi/wifi_component_esp_idf.cpp,838,esp-idf,log,component-local
esphome/components/wifi/wifi_component_esp_idf.cpp,860,esp-idf,log,component-local
esphome/components/wifi/wifi_component_esp_idf.cpp,864,esp-idf,log,component-local
esphome/components/wifi/wifi_component_esp_idf.cpp,869,esp-idf,log,component-local
esphome/components/wifi/wifi_component_esp_idf.cpp,885,esp-idf,wifi,component-local
esphome/components/wifi/wifi_component_esp_idf.cpp,887,esp-idf,log,component-local
esphome/components/wifi/wifi_component_esp_idf.cpp,896,esp-idf,log,component-local
esphome/components/wifi/wifi_component_esp_idf.cpp,904,esp-idf,log,component-local
esphome/components/wifi/wifi_component_esp_idf.cpp,909,esp-idf,log,component-local
esphome/components/wifi/wifi_component_esp_idf.cpp,938,esp-idf,wifi,component-local
esphome/components/wifi/wifi_component_esp_idf.cpp,939,esp-idf,err-type,component-local
esphome/components/wifi/wifi_component_esp_idf.cpp,940,esp-idf,wifi,component-local
esphome/components/wifi/wifi_component_esp_idf.cpp,941,esp-idf,log,component-local
esphome/components/wifi/wifi_component_esp_idf.cpp,950,esp-idf,wifi,component-local
esphome/components/wifi/wifi_component_esp_idf.cpp,951,esp-idf,err-type,component-local
esphome/components/wifi/wifi_component_esp_idf.cpp,952,esp-idf,log,component-local
esphome/components/wifi/wifi_component_esp_idf.cpp,953,esp-idf,wifi,component-local
esphome/components/wifi/wifi_component_esp_idf.cpp,972,esp-idf,log,component-local
esphome/components/wifi/wifi_component_esp_idf.cpp,979,esp-idf,log,component-local
esphome/components/wifi/wifi_component_esp_idf.cpp,983,esp-idf,log,component-local
esphome/components/wifi/wifi_component_esp_idf.cpp,999,esp-idf,log,component-local
esphome/components/wifi/wifi_component_esp_idf.cpp,1007,esp-idf,log,component-local
esphome/components/wifi/wifi_component_esp_idf.cpp,1017,esp-idf,log,component-local
esphome/components/wifi/wifi_component_esp_idf.cpp,1067,esp-idf,err-type,component-local
esphome/components/wifi/wifi_component_esp_idf.cpp,1067,esp-idf,wifi,component-local
esphome/components/wifi/wifi_component_esp_idf.cpp,1068,esp-idf,err-type,component-local
esphome/components/wifi/wifi_component_esp_idf.cpp,1069,esp-idf,log,component-local
esphome/components/wifi/wifi_component_esp_idf.cpp,1079,esp-idf,err-type,component-local
esphome/components/wifi/wifi_component_esp_idf.cpp,1087,esp-idf,log,component-local
esphome/components/wifi/wifi_component_esp_idf.cpp,1097,arduino,ipaddress,component-local
esphome/components/wifi/wifi_component_esp_idf.cpp,1098,arduino,ipaddress,component-local
esphome/components/wifi/wifi_component_esp_idf.cpp,1099,arduino,ipaddress,component-local
esphome/components/wifi/wifi_component_esp_idf.cpp,1102,esp-idf,wifi,component-local
esphome/components/wifi/wifi_component_esp_idf.cpp,1103,esp-idf,err-type,component-local
esphome/components/wifi/wifi_component_esp_idf.cpp,1104,esp-idf,log,component-local
esphome/components/wifi/wifi_component_esp_idf.cpp,1108,esp-idf,wifi,component-local
esphome/components/wifi/wifi_component_esp_idf.cpp,1109,esp-idf,err-type,component-local
esphome/components/wifi/wifi_component_esp_idf.cpp,1110,esp-idf,log,component-local
esphome/components/wifi/wifi_component_esp_idf.cpp,1116,arduino,ipaddress,component-local
esphome/components/wifi/wifi_component_esp_idf.cpp,1122,esp-idf,log,component-local
esphome/components/wifi/wifi_component_esp_idf.cpp,1125,esp-idf,log,component-local
esphome/components/wifi/wifi_component_esp_idf.cpp,1126,esp-idf,wifi,component-local
esphome/components/wifi/wifi_component_esp_idf.cpp,1128,esp-idf,err-type,component-local
esphome/components/wifi/wifi_component_esp_idf.cpp,1129,esp-idf,log,component-local
esphome/components/wifi/wifi_component_esp_idf.cpp,1140,arduino,ipaddress,component-local
esphome/components/wifi/wifi_component_esp_idf.cpp,1141,esp-idf,wifi,component-local
esphome/components/wifi/wifi_component_esp_idf.cpp,1143,esp-idf,err-type,component-local
esphome/components/wifi/wifi_component_esp_idf.cpp,1144,esp-idf,log,component-local
esphome/components/wifi/wifi_component_esp_idf.cpp,1146,esp-idf,log,component-local
esphome/components/wifi/wifi_component_esp_idf.cpp,1151,esp-idf,wifi,component-local
esphome/components/wifi/wifi_component_esp_idf.cpp,1153,esp-idf,err-type,component-local
esphome/components/wifi/wifi_component_esp_idf.cpp,1154,esp-idf,log,component-local
esphome/components/wifi/wifi_component_esp_idf.cpp,1169,esp-idf,log,component-local
esphome/components/wifi/wifi_component_esp_idf.cpp,1184,esp-idf,log,component-local
esphome/components/wifi/wifi_component_esp_idf.cpp,1193,esp-idf,err-type,component-local
esphome/components/wifi/wifi_component_esp_idf.cpp,1193,esp-idf,wifi,component-local
esphome/components/wifi/wifi_component_esp_idf.cpp,1194,esp-idf,err-type,component-local
esphome/components/wifi/wifi_component_esp_idf.cpp,1195,esp-idf,log,component-local
esphome/components/wifi/wifi_component_esp_idf.cpp,1201,esp-idf,log,component-local
esphome/components/wifi/wifi_component_esp_idf.cpp,1206,esp-idf,log,component-local
esphome/components/wifi/wifi_component_esp_idf.cpp,1214,arduino,ipaddress,component-local
esphome/components/wifi/wifi_component_esp_idf.cpp,1216,esp-idf,wifi,component-local
esphome/components/wifi/wifi_component_esp_idf.cpp,1217,arduino,ipaddress,component-local
esphome/components/wifi/wifi_component_esp_idf.cpp,1221,esp-idf,wifi,component-local
esphome/components/wifi/wifi_component_esp_idf.cpp,1226,esp-idf,err-type,component-local
esphome/components/wifi/wifi_component_esp_idf.cpp,1226,esp-idf,wifi,component-local
esphome/components/wifi/wifi_component_esp_idf.cpp,1227,esp-idf,err-type,component-local
esphome/components/wifi/wifi_component_esp_idf.cpp,1237,esp-idf,err-type,component-local
esphome/components/wifi/wifi_component_esp_idf.cpp,1237,esp-idf,wifi,component-local
esphome/components/wifi/wifi_component_esp_idf.cpp,1238,esp-idf,err-type,component-local
esphome/components/wifi/wifi_component_esp_idf.cpp,1250,esp-idf,err-type,component-local
esphome/components/wifi/wifi_component_esp_idf.cpp,1250,esp-idf,wifi,component-local
esphome/components/wifi/wifi_component_esp_idf.cpp,1251,esp-idf,err-type,component-local
esphome/components/wifi/wifi_component_esp_idf.cpp,1261,esp-idf,err-type,component-local
esphome/components/wifi/wifi_component_esp_idf.cpp,1261,esp-idf,wifi,component-local
esphome/components/wifi/wifi_component_esp_idf.cpp,1262,esp-idf,err-type,component-local
esphome/components/wifi/wifi_component_esp_idf.cpp,1263,esp-idf,log,component-local
esphome/components/wifi/wifi_component_esp_idf.cpp,1268,arduino,ipaddress,component-local
esphome/components/wifi/wifi_component_esp_idf.cpp,1270,esp-idf,err-type,component-local
esphome/components/wifi/wifi_component_esp_idf.cpp,1270,esp-idf,wifi,component-local
esphome/components/wifi/wifi_component_esp_idf.cpp,1271,esp-idf,err-type,component-local
esphome/components/wifi/wifi_component_esp_idf.cpp,1272,esp-idf,log,component-local
esphome/components/wifi/wifi_component_esp_idf.cpp,1275,arduino,ipaddress,component-local
esphome/components/wifi/wifi_component_esp_idf.cpp,1277,arduino,ipaddress,component-local
esphome/components/wifi/wifi_component_esp_idf.cpp,1279,esp-idf,err-type,component-local
esphome/components/wifi/wifi_component_esp_idf.cpp,1279,esp-idf,wifi,component-local
esphome/components/wifi/wifi_component_esp_idf.cpp,1280,esp-idf,err-type,component-local
esphome/components/wifi/wifi_component_esp_idf.cpp,1281,esp-idf,log,component-local
esphome/components/wifi/wifi_component_esp_idf.cpp,1284,arduino,ipaddress,component-local
esphome/components/wifi/wifi_component_esp_idf.cpp,1286,arduino,ipaddress,component-local
esphome/components/wifi/wifi_component_esp_idf.cpp,1287,lwip,addr-type,component-local
esphome/components/wifi/wifi_component_esp_idf.cpp,1288,arduino,ipaddress,component-local
esphome/components/wifi/wifi_component_libretiny.cpp,9,lwip,include,component-local
esphome/components/wifi/wifi_component_libretiny.cpp,10,lwip,include,component-local
esphome/components/wifi/wifi_component_libretiny.cpp,11,lwip,include,component-local
esphome/components/wifi/wifi_component_libretiny.cpp,117,esp-idf,log,component-local
esphome/components/wifi/wifi_component_libretiny.cpp,121,esp-idf,log,component-local
esphome/components/wifi/wifi_component_libretiny.cpp,124,esp-idf,log,component-local
esphome/components/wifi/wifi_component_libretiny.cpp,126,esp-idf,log,component-local
esphome/components/wifi/wifi_component_libretiny.cpp,137,esp-idf,log,component-local
esphome/components/wifi/wifi_component_libretiny.cpp,191,arduino,ipaddress,component-local
esphome/components/wifi/wifi_component_libretiny.cpp,218,esp-idf,log,component-local
esphome/components/wifi/wifi_component_libretiny.cpp,243,esp-idf,log,component-local
esphome/components/wifi/wifi_component_libretiny.cpp,454,esp-idf,log,component-local
esphome/components/wifi/wifi_component_libretiny.cpp,459,esp-idf,log,component-local
esphome/components/wifi/wifi_component_libretiny.cpp,464,esp-idf,log,component-local
esphome/components/wifi/wifi_component_libretiny.cpp,469,esp-idf,log,component-local
esphome/components/wifi/wifi_component_libretiny.cpp,480,esp-idf,log,component-local
esphome/components/wifi/wifi_component_libretiny.cpp,527,esp-idf,log,component-local
esphome/components/wifi/wifi_component_libretiny.cpp,534,esp-idf,log,component-local
esphome/components/wifi/wifi_component_libretiny.cpp,541,esp-idf,log,component-local
esphome/components/wifi/wifi_component_libretiny.cpp,547,esp-idf,log,component-local
esphome/components/wifi/wifi_component_libretiny.cpp,569,esp-idf,log,component-local
esphome/components/wifi/wifi_component_libretiny.cpp,573,esp-idf,log,component-local
esphome/components/wifi/wifi_component_libretiny.cpp,582,arduino,ipaddress,component-local
esphome/components/wifi/wifi_component_libretiny.cpp,582,esp-idf,log,component-local
esphome/components/wifi/wifi_component_libretiny.cpp,583,arduino,ipaddress,component-local
esphome/components/wifi/wifi_component_libretiny.cpp,591,esp-idf,log,component-local
esphome/components/wifi/wifi_component_libretiny.cpp,598,esp-idf,log,component-local
esphome/components/wifi/wifi_component_libretiny.cpp,603,esp-idf,log,component-local
esphome/components/wifi/wifi_component_libretiny.cpp,607,esp-idf,log,component-local
esphome/components/wifi/wifi_component_libretiny.cpp,615,esp-idf,log,component-local
esphome/components/wifi/wifi_component_libretiny.cpp,624,esp-idf,log,component-local
esphome/components/wifi/wifi_component_libretiny.cpp,629,esp-idf,log,component-local
esphome/components/wifi/wifi_component_libretiny.cpp,680,esp-idf,log,component-local
esphome/components/wifi/wifi_component_libretiny.cpp,729,esp-idf,log,component-local
esphome/components/wifi/wifi_component_libretiny.cpp,746,arduino,ipaddress,component-local
esphome/components/wifi/wifi_component_libretiny.cpp,757,esp-idf,log,component-local
esphome/components/wifi/wifi_component_libretiny.cpp,762,esp-idf,log,component-local
esphome/components/wifi/wifi_component_libretiny.cpp,773,arduino,ipaddress,component-local
esphome/components/wifi/wifi_component_libretiny.cpp,814,arduino,ipaddress,component-local
esphome/components/wifi/wifi_component_libretiny.cpp,815,arduino,ipaddress,component-local
esphome/components/wifi/wifi_component_libretiny.cpp,816,arduino,ipaddress,component-local
esphome/components/wifi/wifi_component_libretiny.cpp,834,esp-idf,log,component-local
esphome/components/wifi/wifi_component_pico_w.cpp,8,lwip,include,component-local
esphome/components/wifi/wifi_component_pico_w.cpp,9,lwip,include,component-local
esphome/components/wifi/wifi_component_pico_w.cpp,10,lwip,include,component-local
esphome/components/wifi/wifi_component_pico_w.cpp,29,arduino,ipaddress,component-local
esphome/components/wifi/wifi_component_pico_w.cpp,32,arduino,ipaddress,component-local
esphome/components/wifi/wifi_component_pico_w.cpp,34,esp-idf,log,component-local
esphome/components/wifi/wifi_component_pico_w.cpp,122,arduino,ipaddress,component-local
esphome/components/wifi/wifi_component_pico_w.cpp,123,arduino,ipaddress,component-local
esphome/components/wifi/wifi_component_pico_w.cpp,124,arduino,ipaddress,component-local
esphome/components/wifi/wifi_component_pico_w.cpp,126,arduino,ipaddress,component-local
esphome/components/wifi/wifi_component_pico_w.cpp,210,esp-idf,log,component-local
esphome/components/wifi/wifi_component_pico_w.cpp,228,esp-idf,log,component-local
esphome/components/wifi/wifi_component_pico_w.cpp,233,esp-idf,log,component-local
esphome/components/wifi/wifi_component_pico_w.cpp,246,arduino,ipaddress,component-local
esphome/components/wifi/wifi_component_pico_w.cpp,246,lwip,addr-type,component-local
esphome/components/wifi/wifi_component_pico_w.cpp,284,arduino,ipaddress,component-local
esphome/components/wifi/wifi_component_pico_w.cpp,286,arduino,ipaddress,component-local
esphome/components/wifi/wifi_component_pico_w.cpp,295,arduino,ipaddress,component-local
esphome/components/wifi/wifi_component_pico_w.cpp,295,lwip,addr-type,component-local
esphome/components/wifi/wifi_component_pico_w.cpp,296,arduino,ipaddress,component-local
esphome/components/wifi/wifi_component_pico_w.cpp,296,lwip,addr-type,component-local
esphome/components/wifi/wifi_component_pico_w.cpp,297,arduino,ipaddress,component-local
esphome/components/wifi/wifi_component_pico_w.cpp,298,lwip,addr-type,component-local
esphome/components/wifi/wifi_component_pico_w.cpp,299,arduino,ipaddress,component-local
esphome/components/wifi/wifi_component_pico_w.cpp,311,esp-idf,log,component-local
esphome/components/wifi/wifi_component_pico_w.cpp,327,esp-idf,log,component-local
esphome/components/wifi/wifi_component_pico_w.cpp,344,esp-idf,log,component-local
esphome/components/wifi/wifi_component_pico_w.cpp,363,esp-idf,log,component-local
esphome/components/wifi_info/wifi_info_text_sensor.cpp,24,arduino,ipaddress,component-local
esphome/components/wifi_info/wifi_info_text_sensor.cpp,25,arduino,ipaddress,component-local
esphome/components/wifi_info/wifi_info_text_sensor.cpp,49,arduino,ipaddress,component-local
esphome/components/wifi_info/wifi_info_text_sensor.cpp,50,arduino,ipaddress,component-local
esphome/components/wifi_info/wifi_info_text_sensor.h,22,arduino,ipaddress,component-local
esphome/components/wifi_info/wifi_info_text_sensor.h,23,arduino,ipaddress,component-local
esphome/components/wifi_info/wifi_info_text_sensor.h,35,arduino,ipaddress,component-local
esphome/components/wifi_info/wifi_info_text_sensor.h,36,arduino,ipaddress,component-local
esphome/components/wireguard/wireguard.cpp,12,esp-idf,include,component-local
esphome/components/wireguard/wireguard.cpp,13,esp-idf,include,component-local
esphome/components/wireguard/wireguard.cpp,47,esp-idf,err-type,component-local
esphome/components/wireguard/wireguard.cpp,48,esp-idf,log,component-local
esphome/components/wireguard/wireguard.cpp,59,esp-idf,log,component-local
esphome/components/wireguard/wireguard.cpp,69,esp-idf,err-type,component-local
esphome/components/wireguard/wireguard.cpp,70,esp-idf,log,component-local
esphome/components/wireguard/wireguard.cpp,80,esp-idf,log,component-local
esphome/components/wireguard/wireguard.cpp,81,esp-idf,err-type,component-local
esphome/components/wireguard/wireguard.cpp,95,esp-idf,log,component-local
esphome/components/wireguard/wireguard.cpp,98,esp-idf,log,component-local
esphome/components/wireguard/wireguard.cpp,102,esp-idf,log,component-local
esphome/components/wireguard/wireguard.cpp,105,esp-idf,log,component-local
esphome/components/wireguard/wireguard.cpp,112,esp-idf,log,component-local
esphome/components/wireguard/wireguard.cpp,170,esp-idf,err-type,component-local
esphome/components/wireguard/wireguard.cpp,171,esp-idf,err-type,component-local
esphome/components/wireguard/wireguard.cpp,176,esp-idf,err-type,component-local
esphome/components/wireguard/wireguard.cpp,184,esp-idf,log,component-local
esphome/components/wireguard/wireguard.cpp,191,esp-idf,log,component-local
esphome/components/wireguard/wireguard.cpp,205,esp-idf,log,component-local
esphome/components/wireguard/wireguard.cpp,209,esp-idf,err-type,component-local
esphome/components/wireguard/wireguard.cpp,210,esp-idf,log,component-local
esphome/components/wireguard/wireguard.cpp,215,esp-idf,log,component-local
esphome/components/wireguard/wireguard.cpp,220,esp-idf,log,component-local
esphome/components/wireguard/wireguard.cpp,224,esp-idf,err-type,component-local
esphome/components/wireguard/wireguard.cpp,225,esp-idf,log,component-local
esphome/components/wireguard/wireguard.cpp,229,esp-idf,log,component-local
esphome/components/wireguard/wireguard.cpp,235,esp-idf,err-type,component-local
esphome/components/wireguard/wireguard.cpp,236,esp-idf,log,component-local
esphome/components/wireguard/wireguard.cpp,237,esp-idf,err-type,component-local
esphome/components/wireguard/wireguard.cpp,238,esp-idf,log,component-local
esphome/components/wireguard/wireguard.cpp,241,esp-idf,log,component-local
esphome/components/wireguard/wireguard.cpp,245,esp-idf,log,component-local
esphome/components/wireguard/wireguard.cpp,248,esp-idf,err-type,component-local
esphome/components/wireguard/wireguard.cpp,252,esp-idf,log,component-local
esphome/components/wireguard/wireguard.cpp,254,esp-idf,log,component-local
esphome/components/wireguard/wireguard.cpp,261,esp-idf,err-type,component-local
esphome/components/wireguard/wireguard.cpp,262,esp-idf,log,component-local
esphome/components/wireguard/wireguard.cpp,267,esp-idf,err-type,component-local
esphome/components/wireguard/wireguard.h,24,esp-idf,include,component-local
esphome/components/wireguard/wireguard.h,139,esp-idf,err-type,component-local
esphome/components/wireguard/wireguard.h,140,esp-idf,err-type,component-local
esphome/components/wk2132_spi/__init__.py,22,esp-idf,i2c-spi,python
esphome/components/wk2168_spi/__init__.py,27,esp-idf,i2c-spi,python
esphome/components/wk2204_spi/__init__.py,22,esp-idf,i2c-spi,python
esphome/components/wk2212_spi/__init__.py,27,esp-idf,i2c-spi,python
esphome/components/wl_134/wl_134.cpp,20,esp-idf,log,component-local
esphome/components/wl_134/wl_134.cpp,71,esp-idf,log,component-local
esphome/components/wled/wled_light_effect.cpp,1,arduino,guard,component-local
esphome/components/wled/wled_light_effect.cpp,65,esp-idf,log,component-local
esphome/components/wled/wled_light_effect.cpp,79,esp-idf,log,component-local
esphome/components/wled/wled_light_effect.cpp,170,esp-idf,log,component-local
esphome/components/wled/wled_light_effect.cpp,288,arduino,guard,component-local
esphome/components/wled/wled_light_effect.h,3,arduino,guard,component-local
esphome/components/wled/wled_light_effect.h,53,arduino,guard,component-local
esphome/components/wts01/wts01.cpp,68,esp-idf,log,component-local
esphome/components/wts01/wts01.cpp,87,esp-idf,log,component-local
esphome/components/xdb401/xdb401.cpp,57,esp-idf,log,component-local
esphome/components/xdb401/xdb401.cpp,68,esp-idf,log,component-local
esphome/components/xdb401/xdb401.cpp,73,esp-idf,log,component-local
esphome/components/xdb401/xdb401.cpp,77,esp-idf,log,component-local
esphome/components/xdb401/xdb401.cpp,83,esp-idf,log,component-local
esphome/components/xdb401/xdb401.cpp,107,esp-idf,log,component-local
esphome/components/xdb401/xdb401.cpp,123,esp-idf,log,component-local
esphome/components/xdb401/xdb401.cpp,128,esp-idf,log,component-local
esphome/components/xdb401/xdb401.cpp,132,esp-idf,log,component-local
esphome/components/xdb401/xdb401.cpp,144,esp-idf,log,component-local
esphome/components/xdb401/xdb401.cpp,150,esp-idf,log,component-local
esphome/components/xdb401/xdb401.cpp,154,esp-idf,log,component-local
esphome/components/xdb401/xdb401.cpp,163,esp-idf,log,component-local
esphome/components/xgzp68xx/xgzp68xx.cpp,48,esp-idf,log,component-local
esphome/components/xgzp68xx/xgzp68xx.cpp,66,esp-idf,log,component-local
esphome/components/xgzp68xx/xgzp68xx.cpp,74,esp-idf,log,component-local
esphome/components/xgzp68xx/xgzp68xx.cpp,103,esp-idf,log,component-local
esphome/components/xgzp68xx/xgzp68xx.cpp,115,esp-idf,log,component-local
esphome/components/xiaomi_ble/xiaomi_ble.cpp,12,esp-idf,include,component-local
esphome/components/xiaomi_ble/xiaomi_ble.cpp,409,esp-idf,log,component-local
esphome/components/xiaomi_ble/xiaomi_ble.cpp,412,esp-idf,log,component-local
esphome/components/xiaomi_ble/xiaomi_ble.cpp,415,esp-idf,log,component-local
esphome/components/xiaomi_ble/xiaomi_ble.cpp,418,esp-idf,log,component-local
esphome/components/xiaomi_ble/xiaomi_ble.cpp,421,esp-idf,log,component-local
esphome/components/xiaomi_ble/xiaomi_ble.cpp,424,esp-idf,log,component-local
esphome/components/xiaomi_ble/xiaomi_ble.cpp,427,esp-idf,log,component-local
esphome/components/xiaomi_ble/xiaomi_ble.cpp,430,esp-idf,log,component-local
esphome/components/xiaomi_ble/xiaomi_ble.cpp,433,esp-idf,log,component-local
esphome/components/xiaomi_ble/xiaomi_ble.cpp,436,esp-idf,log,component-local
esphome/components/xiaomi_ble/xiaomi_ble.cpp,439,esp-idf,log,component-local
esphome/components/xiaomi_ble/xiaomi_ble.cpp,442,esp-idf,log,component-local
esphome/components/xiaomi_cgdk2/xiaomi_cgdk2.cpp,29,esp-idf,log,component-local
esphome/components/xiaomi_miscale/xiaomi_miscale.cpp,41,esp-idf,log,component-local
esphome/components/xiaomi_miscale/xiaomi_miscale.cpp,155,esp-idf,log,component-local
esphome/components/xiaomi_miscale/xiaomi_miscale.cpp,158,esp-idf,log,component-local
esphome/components/xiaomi_miscale/xiaomi_miscale.cpp,161,esp-idf,log,component-local
esphome/components/xl9535/xl9535.cpp,22,esp-idf,log,component-local
esphome/components/xpt2046/touchscreen/__init__.py,31,esp-idf,i2c-spi,python
esphome/components/xpt2046/touchscreen/xpt2046.cpp,62,esp-idf,log,component-local
esphome/components/zephyr/core.cpp,23,esp-idf,iram-attr,platform-backend
esphome/components/zephyr/core.cpp,24,esp-idf,iram-attr,platform-backend
esphome/components/zephyr/gpio.cpp,84,esp-idf,log,platform-backend
esphome/components/zephyr/gpio.cpp,99,esp-idf,log,platform-backend
esphome/components/zephyr/gpio.cpp,105,esp-idf,log,platform-backend
esphome/components/zephyr/gpio.cpp,110,esp-idf,log,platform-backend
esphome/components/zephyr/gpio.cpp,115,esp-idf,log,platform-backend
esphome/components/zephyr/gpio.cpp,128,esp-idf,log,platform-backend
esphome/components/zephyr/gpio.cpp,168,esp-idf,iram-attr,platform-backend
esphome/components/zephyr/gpio.cpp,176,esp-idf,iram-attr,platform-backend
esphome/components/zephyr/hal.h,9,esp-idf,iram-attr,platform-backend
esphome/components/zephyr/preferences.cpp,26,esp-idf,log,platform-backend
esphome/components/zephyr/preferences.cpp,37,esp-idf,log,platform-backend
esphome/components/zephyr/preferences.cpp,49,esp-idf,log,platform-backend
esphome/components/zephyr/preferences.cpp,55,esp-idf,log,platform-backend
esphome/components/zephyr/preferences.cpp,58,esp-idf,log,platform-backend
esphome/components/zephyr/preferences.cpp,77,esp-idf,log,platform-backend
esphome/components/zephyr/preferences.cpp,90,esp-idf,log,platform-backend
esphome/components/zephyr/preferences.cpp,93,esp-idf,log,platform-backend
esphome/components/zephyr/preferences.cpp,100,esp-idf,log,platform-backend
esphome/components/zephyr/preferences.cpp,122,esp-idf,log,platform-backend
esphome/components/zephyr/preferences.cpp,133,esp-idf,log,platform-backend
esphome/components/zephyr/reset_reason.cpp,29,esp-idf,log,platform-backend
esphome/components/zephyr_ble_server/ble_server.cpp,36,esp-idf,log,component-local
esphome/components/zephyr_ble_server/ble_server.cpp,41,esp-idf,log,component-local
esphome/components/zephyr_ble_server/ble_server.cpp,44,esp-idf,log,component-local
esphome/components/zephyr_ble_server/ble_server.cpp,51,esp-idf,log,component-local
esphome/components/zephyr_ble_server/ble_server.cpp,54,esp-idf,log,component-local
esphome/components/zephyr_ble_server/ble_server.cpp,57,esp-idf,log,component-local
esphome/components/zephyr_ble_server/ble_server.cpp,69,esp-idf,log,component-local
esphome/components/zephyr_ble_server/ble_server.cpp,87,esp-idf,log,component-local
esphome/components/zephyr_ble_server/ble_server.cpp,96,esp-idf,log,component-local
esphome/components/zephyr_ble_server/ble_server.cpp,98,esp-idf,log,component-local
esphome/components/zephyr_ble_server/ble_server.cpp,107,esp-idf,log,component-local
esphome/components/zephyr_ble_server/ble_server.cpp,115,esp-idf,log,component-local
esphome/components/zephyr_ble_server/ble_server.cpp,124,esp-idf,log,component-local
esphome/components/zephyr_ble_server/ble_server.cpp,135,esp-idf,log,component-local
esphome/components/zephyr_ble_server/ble_server.cpp,151,esp-idf,log,component-local
esphome/components/zephyr_ble_server/ble_server.cpp,162,esp-idf,log,component-local
esphome/components/zephyr_ble_server/ble_server.cpp,173,esp-idf,log,component-local
esphome/components/zephyr_ble_server/ble_server.cpp,181,esp-idf,log,component-local
esphome/components/zephyr_ble_server/ble_server.cpp,189,esp-idf,log,component-local
esphome/components/zephyr_ble_server/ble_server.cpp,214,esp-idf,log,component-local
esphome/components/zephyr_ble_server/ble_server.cpp,224,esp-idf,log,component-local
esphome/components/zephyr_ble_server/ble_server.cpp,230,esp-idf,log,component-local
esphome/components/zephyr_ble_server/ble_server.cpp,236,esp-idf,log,component-local
esphome/components/zephyr_ble_server/ble_server.cpp,259,esp-idf,log,component-local
esphome/components/zephyr_ble_server/ble_server.cpp,266,esp-idf,log,component-local
esphome/components/zephyr_ble_server/ble_server.cpp,270,esp-idf,log,component-local
esphome/components/zephyr_ble_server/ble_server.cpp,279,esp-idf,log,component-local
esphome/components/zephyr_ble_server/ble_server.cpp,308,esp-idf,log,component-local
esphome/components/zephyr_ble_server/ble_server.cpp,311,esp-idf,log,component-local
esphome/components/zephyr_mcumgr/ota/ota_zephyr_mcumgr.cpp,47,esp-idf,log,component-local
esphome/components/zephyr_mcumgr/ota/ota_zephyr_mcumgr.cpp,104,esp-idf,log,component-local
esphome/components/zephyr_mcumgr/ota/ota_zephyr_mcumgr.cpp,116,esp-idf,log,component-local
esphome/components/zephyr_mcumgr/ota/ota_zephyr_mcumgr.cpp,126,esp-idf,log,component-local
esphome/components/zephyr_mcumgr/ota/ota_zephyr_mcumgr.cpp,135,esp-idf,log,component-local
esphome/components/zephyr_pwm/zephyr_pwm.cpp,13,esp-idf,log,component-local
esphome/components/zephyr_pwm/zephyr_pwm.cpp,32,esp-idf,log,component-local
esphome/components/zhlt01/zhlt01.cpp,138,esp-idf,log,component-local
esphome/components/zhlt01/zhlt01.cpp,151,esp-idf,log,component-local
esphome/components/zhlt01/zhlt01.cpp,160,esp-idf,log,component-local
esphome/components/zhlt01/zhlt01.cpp,167,esp-idf,log,component-local
esphome/components/zhlt01/zhlt01.cpp,174,esp-idf,log,component-local
esphome/components/zigbee/time/zigbee_time_esp32.cpp,31,freertos,tick,component-local
esphome/components/zigbee/time/zigbee_time_esp32.cpp,38,esp-idf,log,component-local
esphome/components/zigbee/time/zigbee_time_esp32.cpp,51,esp-idf,log,component-local
esphome/components/zigbee/time/zigbee_time_esp32.cpp,53,esp-idf,log,component-local
esphome/components/zigbee/time/zigbee_time_esp32.cpp,55,esp-idf,log,component-local
esphome/components/zigbee/time/zigbee_time_esp32.cpp,61,freertos,tick,component-local
esphome/components/zigbee/time/zigbee_time_esp32.cpp,62,esp-idf,log,component-local
esphome/components/zigbee/time/zigbee_time_esp32.cpp,69,esp-idf,log,component-local
esphome/components/zigbee/time/zigbee_time_esp32.cpp,75,esp-idf,log,component-local
esphome/components/zigbee/time/zigbee_time_esp32.cpp,80,esp-idf,log,component-local
esphome/components/zigbee/time/zigbee_time_esp32.cpp,102,esp-idf,log,component-local
esphome/components/zigbee/time/zigbee_time_zephyr.cpp,20,esp-idf,log,component-local
esphome/components/zigbee/time/zigbee_time_zephyr.cpp,64,esp-idf,log,component-local
esphome/components/zigbee/time/zigbee_time_zephyr.cpp,68,esp-idf,log,component-local
esphome/components/zigbee/time/zigbee_time_zephyr.cpp,73,esp-idf,log,component-local
esphome/components/zigbee/time/zigbee_time_zephyr.cpp,82,esp-idf,log,component-local
esphome/components/zigbee/zigbee_attribute_esp32.cpp,15,freertos,tick,component-local
esphome/components/zigbee/zigbee_attribute_esp32.cpp,26,esp-idf,log,component-local
esphome/components/zigbee/zigbee_attribute_esp32.cpp,43,freertos,tick,component-local
esphome/components/zigbee/zigbee_attribute_esp32.h,12,esp-idf,include,component-local
esphome/components/zigbee/zigbee_binary_sensor_zephyr.cpp,20,esp-idf,log,component-local
esphome/components/zigbee/zigbee_esp32.cpp,5,freertos,include,component-local
esphome/components/zigbee/zigbee_esp32.cpp,6,freertos,include,component-local
esphome/components/zigbee/zigbee_esp32.cpp,7,esp-idf,include,component-local
esphome/components/zigbee/zigbee_esp32.cpp,8,esp-idf,include,component-local
esphome/components/zigbee/zigbee_esp32.cpp,15,esp-idf,include,component-local
esphome/components/zigbee/zigbee_esp32.cpp,51,freertos,tick,component-local
esphome/components/zigbee/zigbee_esp32.cpp,56,esp-idf,log,component-local
esphome/components/zigbee/zigbee_esp32.cpp,66,esp-idf,log,component-local
esphome/components/zigbee/zigbee_esp32.cpp,75,esp-idf,log,component-local
esphome/components/zigbee/zigbee_esp32.cpp,78,esp-idf,log,component-local
esphome/components/zigbee/zigbee_esp32.cpp,81,esp-idf,log,component-local
esphome/components/zigbee/zigbee_esp32.cpp,87,esp-idf,log,component-local
esphome/components/zigbee/zigbee_esp32.cpp,99,esp-idf,log,component-local
esphome/components/zigbee/zigbee_esp32.cpp,105,esp-idf,log,component-local
esphome/components/zigbee/zigbee_esp32.cpp,131,esp-idf,log,component-local
esphome/components/zigbee/zigbee_esp32.cpp,144,esp-idf,log,component-local
esphome/components/zigbee/zigbee_esp32.cpp,148,esp-idf,log,component-local
esphome/components/zigbee/zigbee_esp32.cpp,158,esp-idf,log,component-local
esphome/components/zigbee/zigbee_esp32.cpp,171,esp-idf,log,component-local
esphome/components/zigbee/zigbee_esp32.cpp,175,esp-idf,log,component-local
esphome/components/zigbee/zigbee_esp32.cpp,189,esp-idf,log,component-local
esphome/components/zigbee/zigbee_esp32.cpp,203,esp-idf,log,component-local
esphome/components/zigbee/zigbee_esp32.cpp,207,esp-idf,log,component-local
esphome/components/zigbee/zigbee_esp32.cpp,243,esp-idf,log,component-local
esphome/components/zigbee/zigbee_esp32.cpp,255,esp-idf,err-type,component-local
esphome/components/zigbee/zigbee_esp32.cpp,256,esp-idf,log,component-local
esphome/components/zigbee/zigbee_esp32.cpp,294,esp-idf,err-type,component-local
esphome/components/zigbee/zigbee_esp32.cpp,295,esp-idf,log,component-local
esphome/components/zigbee/zigbee_esp32.cpp,305,esp-idf,err-type,component-local
esphome/components/zigbee/zigbee_esp32.cpp,317,esp-idf,err-type,component-local
esphome/components/zigbee/zigbee_esp32.cpp,318,esp-idf,log,component-local
esphome/components/zigbee/zigbee_esp32.cpp,325,esp-idf,err-type,component-local
esphome/components/zigbee/zigbee_esp32.cpp,326,esp-idf,log,component-local
esphome/components/zigbee/zigbee_esp32.cpp,342,freertos,task-create,component-local
esphome/components/zigbee/zigbee_esp32.cpp,359,freertos,tick,component-local
esphome/components/zigbee/zigbee_esp32.h,11,esp-idf,include,component-local
esphome/components/zigbee/zigbee_helpers_esp32.h,11,esp-idf,include,component-local
esphome/components/zigbee/zigbee_number_zephyr.cpp,19,esp-idf,log,component-local
esphome/components/zigbee/zigbee_number_zephyr.cpp,45,esp-idf,log,component-local
esphome/components/zigbee/zigbee_number_zephyr.cpp,58,esp-idf,log,component-local
esphome/components/zigbee/zigbee_number_zephyr.cpp,67,esp-idf,log,component-local
esphome/components/zigbee/zigbee_sensor_zephyr.cpp,20,esp-idf,log,component-local
esphome/components/zigbee/zigbee_switch_zephyr.cpp,29,esp-idf,log,component-local
esphome/components/zigbee/zigbee_switch_zephyr.cpp,49,esp-idf,log,component-local
esphome/components/zigbee/zigbee_switch_zephyr.cpp,58,esp-idf,log,component-local
esphome/components/zigbee/zigbee_switch_zephyr.cpp,67,esp-idf,log,component-local
esphome/components/zigbee/zigbee_zephyr.cpp,32,esp-idf,log,component-local
esphome/components/zigbee/zigbee_zephyr.cpp,38,esp-idf,log,component-local
esphome/components/zigbee/zigbee_zephyr.cpp,41,esp-idf,log,component-local
esphome/components/zigbee/zigbee_zephyr.cpp,44,esp-idf,log,component-local
esphome/components/zigbee/zigbee_zephyr.cpp,52,esp-idf,log,component-local
esphome/components/zigbee/zigbee_zephyr.cpp,55,esp-idf,log,component-local
esphome/components/zigbee/zigbee_zephyr.cpp,58,esp-idf,log,component-local
esphome/components/zigbee/zigbee_zephyr.cpp,61,esp-idf,log,component-local
esphome/components/zigbee/zigbee_zephyr.cpp,64,esp-idf,log,component-local
esphome/components/zigbee/zigbee_zephyr.cpp,71,esp-idf,log,component-local
esphome/components/zigbee/zigbee_zephyr.cpp,83,esp-idf,log,component-local
esphome/components/zigbee/zigbee_zephyr.cpp,117,esp-idf,log,component-local
esphome/components/zigbee/zigbee_zephyr.cpp,138,esp-idf,log,component-local
esphome/components/zigbee/zigbee_zephyr.cpp,145,esp-idf,log,component-local
esphome/components/zigbee/zigbee_zephyr.cpp,163,esp-idf,log,component-local
esphome/components/zigbee/zigbee_zephyr.cpp,176,esp-idf,log,component-local
esphome/components/zigbee/zigbee_zephyr.cpp,193,esp-idf,log,component-local
esphome/components/zigbee/zigbee_zephyr.cpp,260,esp-idf,log,component-local
esphome/components/zigbee/zigbee_zephyr.cpp,281,esp-idf,log,component-local
esphome/components/zigbee/zigbee_zephyr.cpp,287,esp-idf,log,component-local
esphome/components/zigbee/zigbee_zephyr.cpp,292,esp-idf,log,component-local
esphome/components/zigbee/zigbee_zephyr.cpp,318,esp-idf,log,component-local
esphome/components/zio_ultrasonic/zio_ultrasonic.cpp,22,esp-idf,log,component-local
esphome/components/zwave_proxy/zwave_proxy.cpp,71,esp-idf,log,component-local
esphome/components/zwave_proxy/zwave_proxy.cpp,85,esp-idf,log,component-local
esphome/components/zwave_proxy/zwave_proxy.cpp,99,esp-idf,log,component-local
esphome/components/zwave_proxy/zwave_proxy.cpp,102,esp-idf,log,component-local
esphome/components/zwave_proxy/zwave_proxy.cpp,123,esp-idf,log,component-local
esphome/components/zwave_proxy/zwave_proxy.cpp,154,esp-idf,log,component-local
esphome/components/zwave_proxy/zwave_proxy.cpp,159,esp-idf,log,component-local
esphome/components/zwave_proxy/zwave_proxy.cpp,170,esp-idf,log,component-local
esphome/components/zwave_proxy/zwave_proxy.cpp,202,esp-idf,log,component-local
esphome/components/zwave_proxy/zwave_proxy.cpp,210,esp-idf,log,component-local
esphome/components/zwave_proxy/zwave_proxy.cpp,213,esp-idf,log,component-local
esphome/components/zwave_proxy/zwave_proxy.cpp,216,esp-idf,log,component-local
esphome/components/zwave_proxy/zwave_proxy.cpp,222,esp-idf,log,component-local
esphome/components/zwave_proxy/zwave_proxy.cpp,229,esp-idf,log,component-local
esphome/components/zwave_proxy/zwave_proxy.cpp,237,esp-idf,log,component-local
esphome/components/zwave_proxy/zwave_proxy.cpp,246,esp-idf,log,component-local
esphome/components/zwave_proxy/zwave_proxy.cpp,263,esp-idf,log,component-local
esphome/components/zwave_proxy/zwave_proxy.cpp,266,esp-idf,log,component-local
esphome/components/zwave_proxy/zwave_proxy.cpp,274,esp-idf,log,component-local
esphome/components/zwave_proxy/zwave_proxy.cpp,286,esp-idf,log,component-local
esphome/components/zwave_proxy/zwave_proxy.cpp,297,esp-idf,log,component-local
esphome/components/zwave_proxy/zwave_proxy.cpp,306,esp-idf,log,component-local
esphome/components/zwave_proxy/zwave_proxy.cpp,310,esp-idf,log,component-local
esphome/components/zwave_proxy/zwave_proxy.cpp,316,esp-idf,log,component-local
esphome/components/zwave_proxy/zwave_proxy.cpp,363,esp-idf,log,component-local
esphome/components/zwave_proxy/zwave_proxy.cpp,400,esp-idf,log,component-local
esphome/components/zwave_proxy/zwave_proxy.cpp,426,esp-idf,log,component-local
esphome/components/zwave_proxy/zwave_proxy.cpp,440,esp-idf,log,component-local
esphome/components/zwave_proxy/zwave_proxy.cpp,452,esp-idf,log,component-local
esphome/components/zwave_proxy/zwave_proxy.cpp,454,esp-idf,log,component-local
esphome/components/zwave_proxy/zwave_proxy.cpp,462,esp-idf,log,component-local
esphome/components/zwave_proxy/zwave_proxy.cpp,471,esp-idf,log,component-local
esphome/components/zwave_proxy/zwave_proxy.cpp,474,esp-idf,log,component-local
esphome/components/zwave_proxy/zwave_proxy.cpp,477,esp-idf,log,component-local
esphome/components/zwave_proxy/zwave_proxy.cpp,480,esp-idf,log,component-local
esphome/components/zwave_proxy/zwave_proxy.cpp,483,esp-idf,log,component-local
esphome/components/zwave_proxy/zwave_proxy.cpp,493,esp-idf,log,component-local
esphome/components/zyaura/zyaura.cpp,8,esp-idf,iram-attr,component-local
esphome/components/zyaura/zyaura.cpp,47,esp-idf,iram-attr,component-local
esphome/components/zyaura/zyaura.cpp,56,esp-idf,iram-attr,component-local
esphome/components/zyaura/zyaura.cpp,93,esp-idf,log,component-local
esphome/core/application.cpp,11,esp-idf,include,core-blocker
esphome/core/application.cpp,12,esp-idf,include,core-blocker
esphome/core/application.cpp,13,esp-idf,include,core-blocker
esphome/core/application.cpp,60,esp-idf,log,core-blocker
esphome/core/application.cpp,61,esp-idf,log,core-blocker
esphome/core/application.cpp,117,esp-idf,log,core-blocker
esphome/core/application.cpp,151,esp-idf,log,core-blocker
esphome/core/application.cpp,153,esp-idf,log,core-blocker
esphome/core/application.cpp,158,esp-idf,log,core-blocker
esphome/core/application.cpp,168,esp-idf,log,core-blocker
esphome/core/application.cpp,171,esp-idf,log,core-blocker
esphome/core/application.cpp,188,esp-idf,err-type,core-blocker
esphome/core/application.cpp,190,esp-idf,log,core-blocker
esphome/core/application.cpp,193,esp-idf,log,core-blocker
esphome/core/application.cpp,198,esp-idf,log,core-blocker
esphome/core/application.cpp,264,esp-idf,log,core-blocker
esphome/core/application.cpp,271,esp-idf,log,core-blocker
esphome/core/application.cpp,380,esp-idf,log,core-blocker
esphome/core/application.h,198,esp-idf,iram-attr,core-blocker
esphome/core/application.h,376,esp-idf,iram-attr,core-blocker
esphome/core/application.h,379,esp-idf,iram-attr,core-blocker
esphome/core/application.h,386,esp-idf,iram-attr,core-blocker
esphome/core/component.cpp,143,esp-idf,log,core-blocker
esphome/core/component.cpp,154,esp-idf,log,core-blocker
esphome/core/component.cpp,166,esp-idf,log,core-blocker
esphome/core/component.cpp,204,esp-idf,log,core-blocker
esphome/core/component.cpp,222,esp-idf,iram-attr,core-blocker
esphome/core/component.cpp,240,esp-idf,log,core-blocker
esphome/core/component.cpp,284,esp-idf,log,core-blocker
esphome/core/component.cpp,290,esp-idf,log,core-blocker
esphome/core/component.cpp,297,esp-idf,log,core-blocker
esphome/core/component.cpp,313,esp-idf,log,core-blocker
esphome/core/component.cpp,322,esp-idf,log,core-blocker
esphome/core/component.cpp,419,esp-idf,log,core-blocker
esphome/core/defines.h,260,arduino,guard,core-blocker
esphome/core/defines.h,401,arduino,guard,core-blocker
esphome/core/freertos_queue.h,31,freertos,queue,core-blocker
esphome/core/freertos_queue.h,47,freertos,queue,core-blocker
esphome/core/freertos_queue.h,56,freertos,queue,core-blocker
esphome/core/freertos_queue.h,70,freertos,critical,core-blocker
esphome/core/freertos_queue.h,73,freertos,critical,core-blocker
esphome/core/freertos_queue.h,78,freertos,critical,core-blocker
esphome/core/freertos_queue.h,80,freertos,critical,core-blocker
esphome/core/freertos_queue.h,93,freertos,queue,core-blocker
esphome/core/helpers.cpp,18,esp-idf,include,core-blocker
esphome/core/helpers.cpp,696,esp-idf,log,core-blocker
esphome/core/helpers.cpp,867,esp-idf,iram-attr,core-blocker
esphome/core/helpers.h,37,arduino,include,core-blocker
esphome/core/helpers.h,41,esp-idf,include,core-blocker
esphome/core/helpers.h,45,freertos,include,core-blocker
esphome/core/helpers.h,46,freertos,include,core-blocker
esphome/core/helpers.h,1947,freertos,semaphore,core-blocker
esphome/core/helpers.h,1949,freertos,semaphore,core-blocker
esphome/core/helpers.h,1950,freertos,semaphore,core-blocker
esphome/core/helpers.h,1951,freertos,semaphore,core-blocker
esphome/core/helpers.h,1954,freertos,semaphore,core-blocker
esphome/core/helpers.h,2141,esp-idf,heap-caps,core-blocker
esphome/core/helpers.h,2156,esp-idf,heap-caps,core-blocker
esphome/core/helpers.h,2176,esp-idf,heap-caps,core-blocker
esphome/core/helpers.h,2178,esp-idf,heap-caps,core-blocker
esphome/core/helpers.h,2197,esp-idf,heap-caps,core-blocker
esphome/core/helpers.h,2199,esp-idf,heap-caps,core-blocker
esphome/core/helpers.h,2214,esp-idf,heap-caps,core-blocker
esphome/core/helpers.h,2215,esp-idf,heap-caps,core-blocker
esphome/core/lock_free_queue.h,9,freertos,include,core-blocker
esphome/core/lock_free_queue.h,10,freertos,include,core-blocker
esphome/core/lock_free_queue.h,220,freertos,task-notify,core-blocker
esphome/core/lock_free_queue.h,230,freertos,handle-type,core-blocker
esphome/core/lock_free_queue.h,233,freertos,handle-type,core-blocker
esphome/core/log.h,25,esp-idf,include,core-blocker
esphome/core/log.h,26,esp-idf,include,core-blocker
esphome/core/log.h,154,esp-idf,log,core-blocker
esphome/core/log.h,155,esp-idf,log,core-blocker
esphome/core/log.h,156,esp-idf,log,core-blocker
esphome/core/log.h,157,esp-idf,log,core-blocker
esphome/core/log.h,159,esp-idf,log,core-blocker
esphome/core/lwip_fast_select.c,113,lwip,include,core-blocker
esphome/core/lwip_fast_select.c,114,lwip,include,core-blocker
esphome/core/lwip_fast_select.c,115,lwip,include,core-blocker
esphome/core/lwip_fast_select.c,118,freertos,include,core-blocker
esphome/core/lwip_fast_select.c,119,freertos,include,core-blocker
esphome/core/lwip_fast_select.c,136,freertos,handle-type,core-blocker
esphome/core/lwip_fast_select.c,207,lwip,sockets,core-blocker
esphome/core/macros.h,6,arduino,guard,core-blocker
esphome/core/macros.h,7,arduino,include,core-blocker
esphome/core/main_task.c,4,freertos,handle-type,core-blocker
esphome/core/main_task.h,9,freertos,include,core-blocker
esphome/core/main_task.h,10,freertos,include,core-blocker
esphome/core/main_task.h,20,freertos,handle-type,core-blocker
esphome/core/main_task.h,25,freertos,handle-type,core-blocker
esphome/core/main_task.h,27,freertos,task-notify,core-blocker
esphome/core/main_task.h,34,freertos,handle-type,core-blocker
esphome/core/main_task.h,36,freertos,task-notify,core-blocker
esphome/core/millis_internal.h,7,freertos,include,core-blocker
esphome/core/millis_internal.h,8,freertos,include,core-blocker
esphome/core/millis_internal.h,37,freertos,tick,core-blocker
esphome/core/millis_internal.h,40,freertos,tick,core-blocker
esphome/core/millis_internal.h,41,freertos,tick,core-blocker
esphome/core/millis_internal.h,46,freertos,tick,core-blocker
esphome/core/millis_internal.h,47,freertos,tick,core-blocker
esphome/core/scheduler.cpp,82,esp-idf,log,core-blocker
esphome/core/scheduler.cpp,95,esp-idf,log,core-blocker
esphome/core/scheduler.cpp,135,esp-idf,log,core-blocker
esphome/core/scheduler.cpp,187,esp-idf,log,core-blocker
esphome/core/scheduler.cpp,427,esp-idf,log,core-blocker
esphome/core/scheduler.cpp,440,esp-idf,log,core-blocker
esphome/core/scheduler.cpp,448,esp-idf,log,core-blocker
esphome/core/scheduler.cpp,515,esp-idf,log,core-blocker
esphome/core/scheduler.cpp,743,esp-idf,log,core-blocker
esphome/core/scheduler.cpp,790,esp-idf,log,core-blocker
esphome/core/scheduler.cpp,808,esp-idf,log,core-blocker
esphome/core/scheduler.cpp,811,esp-idf,log,core-blocker
esphome/core/scheduler.cpp,826,esp-idf,log,core-blocker
esphome/core/scheduler.cpp,831,esp-idf,log,core-blocker
esphome/core/scheduler.cpp,849,esp-idf,log,core-blocker
esphome/core/static_task.cpp,35,freertos,task-create,core-blocker
esphome/core/static_task.cpp,58,freertos,handle-type,core-blocker
esphome/core/static_task.h,5,freertos,include,core-blocker
esphome/core/static_task.h,6,freertos,include,core-blocker
esphome/core/static_task.h,22,freertos,handle-type,core-blocker
esphome/core/static_task.h,48,freertos,handle-type,core-blocker
esphome/core/time_64.cpp,105,esp-idf,log,core-blocker
esphome/core/time_64.cpp,157,esp-idf,log,core-blocker
esphome/core/wake/wake_esp8266.cpp,17,esp-idf,iram-attr,platform-backend
esphome/core/wake/wake_freertos.cpp,21,esp-idf,iram-attr,platform-backend
esphome/core/wake/wake_freertos.cpp,29,esp-idf,iram-attr,platform-backend
esphome/core/wake/wake_freertos.h,21,freertos,yield,platform-backend
esphome/core/wake/wake_freertos.h,22,freertos,yield,platform-backend
esphome/core/wake/wake_freertos.h,54,freertos,task-notify,platform-backend
esphome/core/wake/wake_freertos.h,54,freertos,tick,platform-backend
esphome/core/wake/wake_host.cpp,52,esp-idf,log,platform-backend
esphome/core/wake/wake_host.cpp,142,esp-idf,log,platform-backend
esphome/core/wake/wake_host.cpp,163,esp-idf,log,platform-backend
esphome/core/wake/wake_host.cpp,174,esp-idf,log,platform-backend
esphome/core/wake/wake_host.cpp,185,esp-idf,log,platform-backend
esphome/core/wake/wake_host.cpp,194,esp-idf,log,platform-backend
esphome/core/wake/wake_host.cpp,206,esp-idf,log,platform-backend
esphome/espidf/clang_tidy.py,99,arduino,guard,python
